text,target,y_pred
"ধর্ষণ, চুরি-ডাকাতি, ছিনতাইসহ সকল প্রকার অপকর্মের দাগ মুক্ত করার একমাত্র উপায় মুজিব কোর্ট। ",1,1.0
"সাজেকে গিয়ে প্রেমিকাকে কেউ তারা দেখায়, আর কেউ বাড়া  (দোন) দেখায়। ",1,0.0
"প্রথম ভেবেছিলাম চোর ধরেছে, পরে বুঝলাম কম্বল দান করছে|",0,0.0
ছোট ভাইকে সিগারেট খাওয়া অবস্থায় ধরিয়ে দেওয়ার পর আব্বু যখন বলে এইসব তোর থেকেই শিখছে। ,0,0.0
"শীত যে হঠাৎ করে কখন পড়ে গেল একটুও বুঝতে পারলাম না, পড়ে গেলে কিছু বুঝতে পারো না বলেই তো আজ আমাদের  ৯ ছেলেমেয়ে। ",0,0.0
ভয়াবহ যুদ্ধের দিকে ধাবিত হচ্ছে বিশ^। ,1,1.0
"বাংলাদেশে একটি ভয়ানক কারাগার, যার জেলারের নাম শেখ হাসিনা। ",1,1.0
থার্টিফার্স্ট নাইট ইসলামী সংস্কৃতি নয়। কোন মুসলিম অপসংস্কৃতির জোয়ারে নিজেদের কে ভাসিয়ে দিতে পারে না। ,1,1.0
কালো জিনিসটা চুষতে চুষতে সাদা জিনিসটা বের করে আনার নামই চকবার আইসক্রিম। ,0,1.0
যাই হোক কোনোমতো পি করার পর আমি টু আমার নুনু ২ বার গেলাম আর বিরক্ত করিস না। ,0,0.0
সুখী মানুষ’ পড়ার পর মেয়েটিকে বুঝাচ্ছি সুখী হতে হলে জামা না পরার গুরুত্ব। ,0,0.0
ভাস্কর্য নিয়ে ছাত্রলীগের সভাপতির হুংকার। ,1,1.0
"বাসায় ফিরে,আজ গোসল না করলে আমি কুত্তা । ",1,0.0
"ছেলেরা দু মিনিট কোনো মেয়ের সাথে চ্যাট করার পর, একটা পিক দাও। ",0,0.0
"অবৈধ সরকার, যতদুর টেনে নেয়া যায়। ",1,1.0
চুরি করতে যাওয়ার পর আমি - ব্যাগ টা যে কোথায় রেখেছে?,0,0.0
"দাড়িতে অন্যদের যেমন দেখায়, দাড়ি রাখলে আমার বন্ধুদের যেমন দেখায়। ",0,0.0
চোখে চোখে কথা বলার পরের দিন। ,0,0.0
অ্যারেঞ্জ ম্যারেজের পর সাধারণত যা হয়ে থাকে। ,0,0.0
মৃত্যুদন্ড বাংলালিংক দামে। কথায় কথায় মৃত্যুদন্ড চাওয়াটা প্রশিকিউশনের ফ্যাশনে পরিনত হয়েছে। ,1,0.0
ধর যদি হঠাৎ সন্ধ্যে তোমার দেখা আমার সঙ্গে। ,0,0.0
গহীনে শব্দ। বেশে আসছে প্রতিদিন। ,0,0.0
"জনি সিন্স এর বউকে যখন কেউ তার জামাই সম্পকে জিজ্ঞেস করে, জনি সিন্স এর বউ, চাকরিটাই এ রকম। ",0,0.0
একদম ডাবল আল্ট্রা মডার্ন লেটেস্ট মাল। ,1,0.0
"ধরে গোসল করানোর জন্য ভাড়া করা পোলাপান, আজ ধরে বালতিতে চুবামু। ",1,1.0
"আমি যখন স্বীকার করি যে, আসলে আমার মোবাইলে পর্ণ ভিডিও ছিল আর চাচাতো সম্পূর্ণ নির্দোষ ছিল তখন। ",0,0.0
"আলোচন হতে পারে তিস্তাসহ অভিন্ন নদী, সীমান্ত হত্যা, রোহিঙ্গা সংকটসহ অমীমাংসিত নানা বিষয়ে। ",1,1.0
শুনো ছোট ভাইরা  মাইর পিট করার আগে অবশ্যই হেলমেট পরে নিবা। ,0,0.0
"হাসিনার দুই গালে, জুতা মারেন তালে তালে। ",1,1.0
"কসাই সেলিমের হুমকি, এবার আন্দোলন করলে হাত-পা কাটা হবে। ",1,1.0
"তারপর ওরা দুইজন কইলো যে, গ্রামের পুরানো হাভেলিতে যাবে। ",0,0.0
পাকিস্তান নাকি ভারত কে জিতবে?এই যুদ্ধে কে জিতবে কে বলতে পারবে? ,1,1.0
"বউ যখন বলে বাসায় শুটকি ভর্তা করা হয়েছে, তখন পানিতে আটকে থাকা আমি। ",0,0.0
"তারপর একদিন বাসায় মেহমান আসলে, তাদের লাড্ডু যখন আমি খেতে থাকি আর মমতাদি আমাকে লাড্ডু খেতে মানা করে, তখন আমি টু মমতাদি। ",0,0.0
"কোলবালিশের কভার ধুইতে গিয়ে যখন শুনতে পান, বাবা তুমি একটা খুনি। তুমি আমাদের মেরে ফেলেছো। ",1,0.0
"কাল গফকে নিয়ে ডেটে গেছিলাম, তারপর ভাঙচুর আর কি ? ",0,0.0
"আমাকে আমার বন্ধুরা শিখিয়েছে কিভাবে কোন কারন ছাড়াই হাসতে হয়, কিন্তু হারামিগুলো শিখায়নি কিভাবে ওদের  ছাড়া বাঁচতে হয়। ",0,0.0
"দূর্গা পূজা হিন্দু ধর্মেই সার্বজনিন নয়, অন্য ধর্মের জন্য সার্বজনিন হয় কিভাবে? ",1,1.0
প্রথম আলো তুমি কোথায়? তোমার বাবাজানেরা সব গাছ যে শেষ করে দিল।,1,0.0
"আনুশকা ছাড়াও যাদের রুমে নিয়েছিল দিহান, প্রমানসহ সবকিছু ফাস করে দিলেন বাসার দারোয়ান। ",1,1.0
কিরে  জেরিন আজকে না তোর রেজাল্ট দিছে? রেজাল্ট কেমন হইছে? ,0,0.0
"বর্তমান বাংলাদেশের অবস্থা হচ্ছে, খেতে গেলে বিষ, বলতে গেলে পুলিশ, বাসায় থাকলে খুন, রাস্তায় বের হলে গুম। ",1,1.0
জীবনে সাফল্য লাভ করতে চান? তাহলে আমার পোস্টটা না পড়ে পড়াশুনায় মন দিন। ,0,0.0
সিঙ্গেল মেয়েদের দুধু আর বারোভাতারি মেয়ের দুধু। ,1,1.0
"রাত দুই টার সময় ফোন দিয়ে বন্ধু যখন তার ২৩৮ তম ব্রেকআপের কথা বলে, তখন আমি বলি, কুত্তার বাচ্চা টেলিফোন রাখ।",1,0.0
"গাড়িতে মারা যান আনুশকা, পালাতে চেয়েছিল দিহান। ",1,1.0
বিয়ের পর যখন বাসর রাত সম্পর্কে জ্ঞান দিতে আসে আত্মীয়রা। আরে কারে খেলা শিখান? ,1,0.0
দেশ স্বাধীন হয়েছে কিন্তু টার্গেট বদলায়নি। ,1,1.0
"হত্যা, নির্যাতন ও রাষ্ট্রীয় নির্যাতনের স্বীকার রাজশাহী ছাত্র শিবির, এই বর্বরতার শেষ কোথায় ? ",1,1.0
মুর্তি এবং ভাস্কর্য নির্মান নিয়ে নাস্তিকদের চরম ধোলাই দিলেন মামুনুল হক। ,1,1.0
আইচে শহর থেকে ফুটানি মারতে।,1,1.0
বাটপার সামাল দিয়া কুল পাইনা আবার করোনা টেস্ট! ,1,1.0
কাশ্মীরি যুবককে গাড়ির সঙ্গে বেঁধে নিয়ে যাচ্ছে ভারতীয় সেনা। ,1,1.0
মেসেঞ্জারে টাইপ করার সময় যখন কেও ব্লক দেয়। ,0,0.0
হেলিকপ্টার হুজুরকে কঠিন ধোলাই। হুজুর এখন বেহাল দশায়। ,1,1.0
"কাম হইয়া গেসে, গুয়া মারা সারা। ",1,1.0
ছাত্রলীগ কিন্তু আওয়ামীলীগ এর অঙ্গসংগঠন না। আরেক বার বল ইট দিয়া মাথা ভাইঙ্গা দিমু। ,1,1.0
ইরান মুসলিম বিশে^র শত্রু নাকি বন্ধু ? ,1,1.0
"ভারতের চাপ অগ্রায্য করে ইসলামী সম্মেলন গিয়েছিলেন বঙ্গবন্ধু, পারলেন না শেখ হাসিনা। ",1,1.0
"যখন আব্বুকে গিয়ে বলি যে, এই পাঁচশত টাকা চাচাতো ভাই চুরি করেছে তখন। ",0,0.0
"ফাস করলেন ভয়াবহ সত্য, এ যেন জীবনের সকল গোমর ফাস হয়ে গেল।",1,1.0
আমার বন্ধুরা আমার সাথে স্টেশন যাচ্ছে তাদের ভাবিকে দেখতে আমার বন্ধুরা। ,0,0.0
ছোট বেলায় সুন্ততে খৎনা করার পরবর্তী অবস্থা। ,0,0.0
"সিগারেট খাও না? না , তবে তুমি সিগারেট হলে ঠিকি খেতাম। ",0,0.0
"বঙ্গবন্ধুর ভাস্কর্য ভাঙচুর, ফুঁসছে বাংলাদেশ । ",1,1.0
এই নির্মমতার শেষ কোথায়? কোথায় মানবাধিকার? ,1,1.0
আনুশকার সাথে দিহানের সেই হাতাহাতির মুহুর্ত। ,1,1.0
ধর্মের বিরুদ্ধে কথা বলাটা আজ ফ্যাশন হয়ে দাঁড়িয়েছে - কাজী ফিরোজ রশীদ। ,1,1.0
"ফ্লাই এ্যাশ মুক্ত রয়েল সিমেন্ট, ফাটল রোধী। ",0,1.0
কিছু স্বপ্ন এরকমও হয় সবার সমান হয় না। ,0,0.0
" নেতার কক্ষ তো নয়, যেন মদের দোকান। ",1,1.0
"এই লাথি ধর্মপ্রাণ নিরীহ মানুষের উপর, এই লাথি গণতন্ত্রের উপর ।",1,1.0
"এদেশে ধর্ষন করাটা অপরাধ নয়, ধর্ষনের বিচার চাওয়াটা বড় অপরাধ। ",1,1.0
আওয়মীলীগ দলীয় ধরা পড়লেও জঙ্গি হয় না। চেতনার ফিল্টারে আটকে যায়। ,1,1.0
"বাথরুমের প্রতিটা দেয়াল জানে ছেলেদের ব্যর্থতার গল্প, ছেলেরা তো ভয়ে থাকে বাথরুমে গেলে কখন কে ডেকে বলবে, বাবা তুমি আমাদের খুন করেছো। ",1,0.0
ম্যাচ আবার হবে? ফিক্সিং ধরা খেল মুম্বাই। ,1,1.0
টিস্যুর বদলে সিরিজ কাগজ ব্যবহার করার শীর্ষে আছেন চট্টগ্রাম। ,0,0.0
তাতে আমার বাল ছেঁড়া গেল।   কোন বালডা তুই ছিড়তে পারবি বল? ,1,1.0
স্বামীর ওপর এসিড নিক্ষেপ নিয়ে মিলা ও কিমের ফোনালাপ। ,1,1.0
"ভাইয়া, সেদিন আপনাকে বলেছিলাম না আমি গাঁজা খাই ? আসলে মাথা ঠিক ছিল না, ভূলভাল বলে ফেলছি। কেন কি হইছিলো তোমার? গাঁজা খাইছিলাম। ",1,0.0
শুধুমাত্র থামার ইশারা না মানায় পাখির মত গুলি করে হত্যা। এ কোন পিশাচের কবলে দেশ? ,1,1.0
"লুডু একমাত্র খেলা। যেখানে খেলার চাইতে জিকির বেশি হয়। আল্লাহ ছক্কা, আল্লাহ ছক্কা। ",0,0.0
আমি  তোমারে হাঙ্গা করবার চাই। ,1,1.0
"গুরুদেব বিয়ের আগে এক বিছানায় ঘুমালে কি পাপ হবে? ঘুমালে তো পাপ হয় না, কিন্তু তোরা তো ঘুমাবি না। ",1,0.0
একাকী ছেলেদের ডিসেম্বর বিদ্যমান। অবুঝ টুনটুনি আর শক্তিশালী বাম হাত। ,1,0.0
"দিহান ভায়াগ্রা সেব করেছিলো, নতুন সিদ্ধান্ত আদালতের। ",1,1.0
"আল্লাহ বলেছেন, আগুনে পুড়ে মৃত্যুবরন করা প্রত্যেকেই শহীদ। ",0,1.0
"ঠাকুর একটা ভালো বয়ফ্রেন্ড দাও না। তখন ঠাকুর বলে, দিয়েছিলামা সিন করে রিপ্লাই দিস নি। ",0,0.0
"সুটিং করমু তোর লগে মাইয়া,সুটিং বোঝনা চুদমু। ",1,1.0
"যখন তুমি টানা ৯ বার মারার পর ১০ম বার তোমার ঝুনঝুনিতে হাত দাও। তখন তুমি, জানি সব ধ্বংস হয়ে যাবে তাও একটা শেষ চেষ্টা করব। ",1,0.0
"হুজুর স্বামীকে গান গেয়ে শুনানো কি জায়েজ? কন্ঠ ভালো হইলে জায়েজ। নয়তো, এক মুসলমান অন্য মুসলমানকে কষ্ট দেওয়া হারাম। ",0,0.0
"জীনের সাথে আমার ঝগড়া, জিনের গুষ্টি আমি চুদি না। ",1,1.0
"উত্তাল ঢাবি ক্যাম্পাস, ধর্ষণের শাস্তি মৃত্যুদন্ড চায় ছাত্রলীগ। ",1,1.0
"আপনি আসবেন বলে পোলাও-কোরমা সব রান্না করিয়াছি, চলুন খেতে বসি । ",0,0.0
রোহিঙ্গা মুসলমানদের গণহত্যার প্রতিবাদে দলমত নির্বিশেষে কর্মসূচী সফল করুন। ,1,1.0
ক্ষমতা ক্ষুধা আর ক্ষমতাবিলাসিতা হচ্ছে আওয়ামীলীগের পরম ধর্ম। ,1,1.0
"পড়তে বসবো কাল থেকে, দশ মিনিট পরই রাস্তা বদল। ",0,0.0
"যখন পাত্রীর বাবা আমাকে জিজ্ঞেস করে,বাবা তুমি কি করো? আর তার উত্তরে  আমি বলি সরকারি চাকরী তখন পাত্রী বলে, বাবা, আমি রাজি।",0,0.0
"মসজিদে ঢুকতে টাকা লাগে না, তাও তা খালি পড়ে থাকে। ক্লাবে ঢুকতে টাকা লাগে, তাও তা হাউজফুল। আমরা পয়সা দিয়ে জাহান্নামে যেতে চাই কিন্তু বিনা পয়সায় জান্নাতে যেতে চাই না। ",1,0.0
মোবাইল যখন বলে আমার জন্য এত বকা খাও তাও আমাকে কেন ভুলোনা? ট্রু লাভ করি তো তাই। ,0,0.0
"যখন দেখি বন্ধুরা বিয়েবাড়ি ছেড়ে চলে গেছে, তখন আমি, ভালোই হলো, একলা একলা মেয়ে পটাবো। ",0,0.0
ঘরের আবর্জনার চেয়ে মনের আবর্জনা বেশি ক্ষতিকর। ,1,0.0
বিয়ের আগে ছেলেদের অবস্থা  আর  বিয়ের পরে ছেলেদের অবস্থা। ,0,0.0
"ফ্যান , টিভি অন রেখে রুম ত্যাগ করার পর যখন মা ঝাড়– নিয়ে আসে। মানুষ হইয়া জন্মাইছি একটু ভুল করবোনা? ",0,0.0
খুনী হালীমুল হক মিরুরু ফাঁসি চাই দিতে হবে। ,1,1.0
আজাকে খেলায় হারবি নাইলে কিন্তু বোমা মারুম |,0,1.0
"৭১ দেখিনি, আজ আওয়ামীলীগের শাসনামলে ৭১ অনুভব করি। ",1,1.0
"রাকিব নামের ছেলেরা, বিয়ের পর বউয়ের হাতে সেই মাইর খাবে। ",0,0.0
আমার সামনে ক্রাশ যখন কোনো ছেলের সাথে কথা বলে আর হাসে। ,0,0.0
"১০ বার ঘীমা বল, ওকে বলতেছি। ১০ বার বলতে গিয়ে মাগী হয়ে গেছে। ",0,0.0
বাথরুমে যেয়ে হুদাই কলমের কালি ষেষ না করে বাবা কে বলো খাতা কিনে দিতে। খাতার মাঝে আঙুল দিয়ে হুদাই গুতাগুতি না করে বাবা কে বলো কলম কিনে দিতে। ,1,0.0
মাদ্রাসায় আওয়ামীলীগের দেয়া আগুনে পুড়লো কোরআন শরীফ।,1,1.0
এ বছরের অসাধারণ প্রেমের ধোকা খাওয়া গান। ,1,0.0
"শীতের সকালে স্কুলের পড়া পড়ছি, এমন সময় কোথেকে জানি একটা ২২-২৩ বছর বয়সী মেয়ে আসল। ",0,0.0
আরে এত রাতে ঘুম ছেড়ে মেকাপ করছ কেন? ফোনে ফেস লক দিয়ে লক করছিলাম এখন বিনা মেকাপে লক খুলছে না। ,0,0.0
মাঝরাতে ক্রাশের ছবি দেখছিলাম। পাশ থেকে কে যেন বললো ওয়াও নাইস চয়েস। ,0,0.0
লোটাস কামাল একজন বৈধ চোর! নতুন বছরে পুঁজিবাজারে ১৪ হাজার কোটি টাকা গায়েব। ,1,1.0
প্রমান হলো সরকার সারাদেশে পরিকল্পিতভাবে মানুষ হত্যা করছে।,1,1.0
"হোটেলে যখন পরটা দিতে দেরি হয়। আমি, সবার পরটা মেলে, আমার পরটা কেন মেলে না। ",0,0.0
কেউ আমাকে থামা। আমি আর সহ্য করতে পারি না। ,0,0.0
"আজ প্রধানমন্ত্রী লোগো সম্বলিত পতাকা ব্যবহার করেন নি। তবে কি বুঝতে পারছেন যে, তিনি অবৈধ প্রধানমন্ত্রী। ",1,1.0
"ডিজিটাল নিয়োগের ফলাফল, ইবি শিক্ষকের আলমারী থেকে বই খাতা নয় মিলল নিজ বিভাগের ছাত্রী। ",1,0.0
"ঘুমই পূরণ হয়না, ন্বপ্ন কি বাল পূরণ হবে। ",0,0.0
"পাওনা টাকা চাওয়ার সময়। আমার কাছে এখন টাকা নেই বিশ^াস কর ভাই, মনে মনে, থাকলেও দেয়া হবে না। ",0,0.0
মাশরাফি আর কোহেলির স্টাটাস। এরকমই তাদের দুদজেনর স্ট্যাটাস মানুষের কাছে। ,0,0.0
বাচ্চারা বলতো মাছ কথা বলতে পারে না কেন? ম্যাডাম আমি যদি আপনার মাথাটা জলের মধ্যে ধরি আপনি পারবেন কথা বলতে? ,0,0.0
যমরাজ ও বোনকে ভাইয়ের কাছ থেকে ছিনিয়ে নিতে পারে না। ,1,1.0
বাংলাদেশের ক্ষমতাসীন দলের বিভিন্ন ব্যক্তির ইসলাম বিরোধী মন্তব্যসমূহ। ,1,1.0
খেলার মাঠে সব ধরনের খেলাধুলা নিষিদ্ধ। ,0,1.0
"মেনশন করুন তাকে, যে ছবি তোলার সময় পোজ দিতে ওস্তাদ। ",0,0.0
বলো তুমি কি চাও? ময়দা ছাড়া একটা মেয়ে চাই।  এইটা অসম্ভব। ,0,0.0
খোঁজ নিয়ে যখন জানতে পারলাম জনৈকা মেয়েটি আগে মডেলিং করতো। ,0,0.0
"রিমান্ডের পর সকল তথ্য ফাঁস, দিহান একটা পাকা খেলোয়াড়। ",1,1.0
"গুরুপের জন্যে ডাক্তার পাওয়া গেছে। কার কি সমস্যা বলুন, পরীক্ষা করুন, ঔষধ নিন। ",0,0.0
গরুর নড়াচড়া করার আর কোনো সুযোগ নাই। ,0,1.0
গফের সাথে সম্পর্ক হারাম জানায় সেটিকে হালাল করার জন্য যখন আপনি তাকে বিয়ে করে ফেলেন। ,1,0.0
আমার জুতা ছিড়ছে কেডা?  শালাগোরে আমি জুতা পিডা করমু। ,1,1.0
"চাপা মারা নিষেধ, কে কয়টা সিম চালান? ",0,1.0
"আজ প্লেন কে চালায়? এইতো আমি তিতলী, দাড়া আমারে একটু নামায়া দে। ",0,1.0
গার্লফ্রেন্ড পেয়ে কখনো বন্ধুকে ভূলে যাবেন না। ,1,0.0
চঞ্চল চৌধুরীকে বিকাশ চোর যখন কল দেয় তখন বিকাশ চোর আর চঞ্চল চেšধুরীর অবস্থা। ,1,1.0
ভারতের পার্লামেন্টে জঙ্গি হামলার সেই দিনটি। ,1,1.0
কি ভাবতাছেন এইটা আবার ক্যাঠা ? উনি হলেন আওয়ামীলীগের লুঙ্গি মায়া চৌধুরীর ডার্লিং। ,1,1.0
"পদত্যাগের নিচে গুম হয়ে যাচ্ছে টাকা চুরির ঘটনা, আর এ জন্য সবচাইতে বড় ভূমিকা রাখছে মিডিয়া। ",1,1.0
কে রে বাড়া তুই? তোরে তো দেইখা আমার পরিচিত মনে হয়। ,1,1.0
তারপর একদিন আম্মু আমার মোবাইল ঘেটে যখন সত্যি সত্যি আমার মোবাইলে পর্ণ ভিডিও দেখতে পায়। ,0,0.0
এই নরপশুকে চিনে রাখুন। মা দূর্গাকে অশ্লীল ভাষায় গালি দিল মোঃ নাজিম উদ্দিন। ,1,1.0
"আসামী গ্রেফতার, অপরাধ: স্টার জলসা চলাকালীন দুধ খেতে চাওয়া।",1,1.0
একসাথে তিনটা বাচ্চা জন্মদেয়ার পরও মেয়েরা হাসিখুশি আর বিচিতে হাল্কা টোকা খাওয়ার পর ছেলেদের বেহাল অবস্থা। ,1,0.0
"ঐ মেয়ে যখন আমাকে দেখে বলে, তোমাকে তোহ কুলি ভাবছিলাম। ",0,0.0
"হাসতে দেখ গাইতে দেখ, অনেক কথায় মুখোর আমায় দেখ। দেখ না তো হাসির শেষে নীরবতা। ",0,0.0
দেখুন কিভাবে খুন করা হয় রিফাত ফরাজীকে। ,1,1.0
"টুরু লাভ কোনটি? বাবু খাইসো, ফোনে নিঃশ^াস শোনা, বাথরুমেও বলে যাওয়া, চুমুতে জ¦র সারানো। ",0,0.0
"তুই কি করে জানতে পারলি যে বাড়িতে কেউ নেই?  স্যার ওরা ফেসবুকে পুরো ফ্যামিলি ফটো দিয়েছিলো, আর ক্যপশন ছিলো ইনজয়িং হলিডে। ",0,0.0
"বাসররাতে গিয়ে যখন দেখি বউয়ের সৌন্দর্য আমার চিন্তাভাবনার থেকেও উর্ধ্বে তখন আমি, চাইলাম জল পাইলাম শরবত।",0,0.0
ডিপি তে নিজের পিক দেয়ার পর যখন কেবল ২ টা মেয়ে আর ৫-৬ টা লোক লাভ রিয়্যাক্ট দেয়। ,0,0.0
"যখন বেস্টফ্রেন্ড বলে, আমার জন্য জায়গা রাখিস। ",0,0.0
ছেলেটি ব্যায়াম করার ছলে মেয়েটির গোপনাঙ্গ দেখে নিচ্ছে। ,1,0.0
দিহানের বাবা দিহান কে বাচানোর জন্য ফোন কল রেকর্ড ভাইরাল। ,1,1.0
ভদ্র মতো আমার সাথে চলো। না হলে কিন্তু উপায় নাই।,0,0.0
"খারা আগে চুলকাই লই, তারপর লাইক দেই। ",0,1.0
"শত্রুর ঘরে ডুকে যখন বন্ধুকে বলি আমার ঘরে একটা বোমা মার, তখন আমার পুরো পরিবার। ",1,0.0
"আমি কুত্তা হইতে পারি, আওয়ামীলীগ নই। আমার সাথে আওয়ামীলীগের তুলনা করবেন না। ",1,1.0
"পাশের বাড়ির বৌদির সাথে ঝগড়া করছিলাম, বৌদি বললো সাহস থাকলে রাতে একা আসিস।  শালা, বুঝে উঠতে পারলাম না হুমকি দিলো নাকি সুযোগ দিলো ? ",0,0.0
উটের কুঁজের মতো চুল বাধা আর টাখনুর নিচে কাপড় পরা । নারী ও পুরুষের এই দুটি আমল যাহান্নামে যাওয়ার জন্য যথেষ্ট। ,1,0.0
"ভয় বলতে আমার ডিকশনারি তে কোনো শব্দ নাই, কালকেই যাবো ডেট ফিক্সড। ",1,0.0
১৮ বছরের আগে প্রেম করতে না পারলে বাংলাদেশ থেকে বের করে দেয়া হবে। বের কর লাগবে না নিজেই চইলা যাইতেছি। ,0,0.0
"পুরুষের জীবনটা বেল্টের মত, সামনে পিছনে অনেক ছিদ্র থাকলেও প্রতিদিন ঢোকাতে হয় একই ছিদ্রটাতে। ",0,0.0
"গণ পরিবহনের দালাল, ড্রাইভার মালিকদের ঘাতক, ইলিয়াস কাঞ্চনের দুই গালে, জুতা মারো তালে তালে। ",1,1.0
"সোনাগাছির পূজো নিয়ে বাক যুদ্ধ, তুমুল বিতর্কে জড়ালেন মদন মিত্র অর্জুন সিং। ",1,1.0
ও মাই গড! এত সুন্দর দেখতে। ,0,0.0
"বাংলাদেশে গিয়া কি দেখলা? এখানে একজনের খাওয়া পানি আরেকজন খায় না, কিন্তু একটা বিড়ি ৯ জনে খায়। ",0,0.0
লেফটেন্যান্ট ওয়াসিফ ও তার স্ত্রীকে বেধরক মেরে দাঁত ফেলে দিয়েছে এমপি হাজী সেলিমের ছেলে। ,1,1.0
"সব ছেলেরা লুচ্চা হয় না বইন, কেউ কেউ কাউয়া কাদেরও হয়। ",1,1.0
বাবু রাতে কি খাবা? তোমাকে। ,1,0.0
আমাদের দেশে সৎমা যেমন হয় আর আমেরিকায় সৎ মা যেমন হয়। ,1,0.0
"রাস্তায় এক কাক্কুর জিজ্ঞাসা করলাম পুরানা হাভেলি টা কোনদিকে, কাকু বললো, এটা একটা সুন্দর প্রশ্ন, খুব টেকনিক্যাল প্রশ্ন। ",0,0.0
"এফ লেখার পর কি বোর্ড সাজেস্ট করে, তোর কি ফাঁক লেখা লাগবে? ",1,0.0
ভাই তুমি সেই বাইঞ্চোদ না? যে মেয়েদের মাসিক নিয়ে পোস্ট দিয়ে মেয়েদের চ্যাট লিস্টে ঢুকে ঐ মেয়ের মাসিক নয় মাসের জন্য বন্ধ করে দাও। ,1,0.0
যখন তুমি বাসার সবাইকে নতুন বিকাশ একাউন্ট খুলে দিয়ে ওয়েলকাম বোনাস ও রেফার বোনাস সব নিজের একাউন্টে ট্রান্সফার করে নাও। ,0,0.0
যখন গলির ক্রিকেটে আপনার ব্যাট দিয়ে খেলা হয় এবং আপনি প্রথম বলে আউট হয়ে যান। ,0,0.0
"হুজুর, করোনার ভ্যাকসিন কই? আপনার সেই হোগামারা থিউরি কোথায় ?",1,1.0
"আমাকে ভয় দেখাতে এসে যখন জি¦ন দেখে এখন তাকে কেউ প্রেমের প্রস্তাব দিচ্ছে, তখন  জি¦ন, এ কি বিপদে পড়লাম? ",1,0.0
এটা শুনে এখন বাসা থেকে বের হয়ে যাচ্ছি। ,0,0.0
বারণ করা সত্ত্বেও যখন তুমি পাকামো মেরে হস্তিনাপুর যাও। ,0,1.0
"সব মাদ্রাসা বন্ধা, বাংলাদেশকে ইসলাম শূন্য করার কঠিন ষড়যন্ত্র। ",1,1.0
শারীরিক সম্পর্কের জন্য মিথ্যে বিয়ে করেছিলো। ,1,0.0
"ও নিশ্চয়ই ওর ডাক্তারি নিয়ে ভাবছে, আসলে ছেলেটা ভাবছে, অঙ্কিতা কে বিয়ে করাটা ঠিক হয়নি, এর চেয়ে জুন আন্টিকে বিয়ে করলেই ভালো হতো। ",0,0.0
"রাজাকারের তালিকা প্রকাশ, তুই রাজাকার। ",1,1.0
"অপরাধী বউ অপরাধের ঢেউ, চুদতে চায় না তাকে কেউ। ",1,1.0
যখন আমি স্কুলে পড়তাম তখন স্কুলের অবস্থা এবং আমি কলেজে আসার পর স্কুলের অবস্থা। ,0,0.0
আনুশকা-দিহান গোপন তথ্য ফাস ফয়জুল করিমের। ,1,1.0
"সেকুলার রাষ্ট্র ইন্ডিয়ার ভিসা আইন, মাদারচুদি আইন। ",1,1.0
জুতাচোর জাহেদ উদ্দীন মোহাম্মদ। ,1,1.0
"কাল রাতে তোমাকে খুব মনে পড়ছে, তারপর তখন কি করলা? ",0,0.0
পেয়াজের দাম ডাবল সেঞ্চুরি এ কোন দশা? ,1,0.0
"দেলোয়ার আগেই সেক্স করে,পরে তার বাহিনীর সাথে করতে বলে, রাজী না হওয়াতে এই নির্যাতন। ",1,1.0
"৭১ সালে আমরা স্বাধীনতার জন্যে যুদ্ধ করলেও ভারত করেছিল পাকিস্তান ভাঙার জন্যে, এটাই ইতিহাসের কঠিন বাস্তবতা। ",1,1.0
হাসু আপার কোরবানীর গরু ভারত থেকে আমদানীকৃত। ,1,1.0
"দিনে ৩ বার গিটার বাজানোর পর, নুনুর অবস্থা। নড়ে না কেনো? মরে গেলো নাতো? ",0,1.0
"প্রতিবার গিটার বাজানোর পর আমি, কাজটা একদম ঠিক করিনি। ",1,0.0
আর কতো চুষবি? আউট হয়ে গেল তো।,1,0.0
"তখন আমি বলি, মশকরা চোদাও? ",0,1.0
"আমাকে ওর সাথে কথা বলাও, এই নেন কথা বলেন ওর সাথে। রাস্তায় চলতে চলতে আরো ফোন টিপ কুত্তার বাচ্চা। ",1,0.0
প্রমান ছাড়া বেচিনা। আগে প্রমান নিয়ে আসেন। ,0,0.0
বিশ^নবীর অবমাননা ফ্রান্সের পন্য বয়কট করুন। ,1,1.0
কয়েকটা ভাইয়াকে প্রস্তুতির জন্য বিসিএস গাইড উপহার দেয়ার পর  চালাক মেয়ে|,0,0.0
"ডার্ক দেখার পর আমার ব্রেইন, ভাই আপনি কি বলতাসেন? আমার মাথায় আসলে কিছুই ঢুকতেছে না। ",0,0.0
বিসিএস ক্যাডার আর বাংলার সুন্দরী মাইয়া। ,0,1.0
"গরীব মানুষ স্যার, দিনে চাঁদ দেখি। ",0,0.0
"কাঁদতেছি কারণ, পাত্রী দেখতে গিয়ে দেখলাম পাত্রী আমার আরো দুই বছর আগের এক্স |",0,0.0
"অনেক খোঁজা খুঁজির পর তাকে পাওয়ার পর আমি, খানকির পোলা তোরে আমি খুঁইজা বেড়াইতাছি। ",0,1.0
"বন্ধু, গোসল না করলে মানুষ বাচে না। ছেলে, বাচানোর মালিক আল্লাহ গোসল শুধু উসিলা। ",0,0.0
"বাঁশ বাগানের মাথার উপর চাঁদ উঠেছে ঐ, লাইফে শুধু বাঁশটাই পেলাম চাঁদটা গেল কই? ",0,0.0
আজ বোধহয় আর রক্ষা নেই। এখন আমি কোথায় যাব?,1,0.0
আগে দিঘীর বয়স-৮ যখন জয়া আন্টির বয়স-২৬।  এখন দিঘীর বয়স-২১ যখন জয়া আপুর বয়স-১৭। ,0,0.0
এতো সুন্দর পিক দিতে কোইছে কেডা? ,0,0.0
"অবশেষে যখন জানতে পারি এক্সের সাথেই আমার বিয়ে করতে হবে, নাহলে আব্বু আর আমার বিয়ে দিবে না|",0,0.0
"ভারত বিরোধীদের বাংলার মাটিতে ঠাই নেই, এই হলো আওয়ামীলীগের দেশ প্রেমের নমুনা।",1,1.0
কোনো উপায় না দেখে দ্বিতীয়বারের মতো কুদ্দুসের কাছে সাহায্য চাইতে যাওয়া আমি। ,0,0.0
"জাতিসংঘে রোহিঙ্গা ইস্যুতে ভোট দুর্দিনে ভারত মিয়ানমারের পক্ষে,, বাংলাদেশের পক্ষে দাঁড়ালো পাকিস্তান। ",1,1.0
"ফ্রান্স হামলায় শোক সাগরে তলিয়ে গেছে সারা বিশ^, কিন্তু যখন ইসরাইলে প্রতিদিন ফিলিস্তিনি নিরীহ নারী শিশু হত্যা করে তখন তার কেন গর্তে থাকেন? ",1,1.0
প্রেমে ব্যর্থ হয়ে চকলেট বোমা খেয়ে আত্মহত্যাচেষ্টা। ,1,1.0
মাঝে মাঝে খালি পায়ে হাঁটা রাসূল পাক (সঃ) এর সুন্নাত। ,0,1.0
আমার বাচ্চাকে তুই কোলে নিবি না। ,1,1.0
সেন্টি ইমোজিকে হাসির ইমোজি মনে করা পাবলিক। ,0,0.0
"বাবা আমি বড়ো হয়ে হিরো আলমের মত গায় হতে চাই, তখন বাবা, ওপারে ভালো থাকিস বাবা। ",0,0.0
কিন্তু সে অনেক বুদ্ধিমান এবং অনেক দুষ্টু হয়। ,0,0.0
প্রোফাইল লক করা মানুষেরা যখন বিয়ে করে। ,0,0.0
"ঐ, তোর দেশ চুরি হয়ে গেল। আরে ধুর, আমি রাজনীতিতে নাই। ",1,1.0
ঐ ছাগলের বাচ্চা কি নিয়া আইছিস? ,1,1.0
"সরকারি পদ পদবি দেখলে মনে হয় ৮০% হিন্দু , মুসলমানরা সংখ্যালঘু। ",1,1.0
অমুক মারা যাওয়ায় প্রধানমন্ত্রী ও রাষ্টপতি শোক প্রকাশ করেছেন। এমন খবর শুনে ছোটবেলায় যা ভাবতাম। ,0,1.0
"বাংলাদেশের দূর্নীতিবাজরা যখন হজে গিয়ে শয়তানকে কংকর মারে তখন শয়তান বলে, আমি তোরে ভাই ভাবছিলাম। ",0,1.0
চাচতো ভাইয়ের মুখ থেকে সব শোনার পর আমার আম্মু । ,0,0.0
"কিভাবে মারা গেলো গলায় রশি কেন? সাপে কাপড় দিছে মাথায় বিষ উঠার আগেই গলায় রশি দিয়ে বানছি, তাও মারা গেল। ",1,1.0
ফেইসবুকের কারনে সবাচেয়ে বেশি ক্ষতিগ্রস্থ চোরেরা কারন রাত ৩ টা বাজে চুরি করতে গেলেও কেউ না কেউ ঠিকই সজাগ আছে। ,0,0.0
পাশের বাসার ভাবী বেড়াতে আসা মানেই চাঞ্চল্যকর তথ্য। ,0,0.0
"চেীধুরী সাহেব আমাকে টাকার লোভ দেখাবেন না, কারন টাকার লোভ আমি সামলাতে পারিনা । ",0,0.0
"সময়টা ২০২১ সাল ১২ টা বেজে ১ মিনিট, বাংলাদেশের উন্নয়নের জোয়ারে ভেসে যাচ্ছি। ",0,1.0
"কাঠ গোলাপের সাদার মায়া মিশিয়ে দিয়ে ভাবি, আবছা নীল তোমার লাগে ভালো। ",0,0.0
তুমি আর একটা কথা বললে আমি মাইন্ড করবো। ,1,0.0
"মাগো, ওরা আমার টুটি চেপে ধরতে চায়। বলো মা, তা কি মেনে নেয়া যায়? ",1,0.0
সাঈদীর ফাঁসি দেখা হলো না অ্যাটর্নি জেনারেল মাহবুবে আলমের।  জালেম হয়ে মারা গেলেন। ,1,1.0
শুনলাম আপনার মোরগ পোলাও হেব্বি টেস্ট?  এরকম সত্য কথা ঢাকবার আমার কিচ্ছু নাই। ,0,1.0
যখন রাস্তায় কোন মেয়ে পরে যায় আর যখন রাস্তায় কোন ছেলে পরে যায়। ,0,0.0
"বয়ফ্রেন্ডের রাগ, গার্লফ্রেন্ডের চোখের পানি। ",0,0.0
আশাকরি টাকা পাব কিন্তু পাই কনডম। ,1,0.0
ভোট জালিয়াতির একটা ডিজিটাল মেশিন বিক্রয় হবে। বললাম তো লাগবে না। ,1,0.0
ভারতীয় সেনাবাহিনী বাংলাদেশে বিভিন্ত অপারেশন পরিচালনার বিষয়টি উম্মুক্ত হওয়ায় ভারত উদ্বিগ্ন। ,1,1.0
অনলাইনে হ্যারেজমেন্ট এর শিকার এবং আপনার নামে ফেইক আইডি হলে কি করবেন? ,1,0.0
"আপনারা লালডা-কালাডা নিয়া বসে আছেন, এইদিকে জবার মেয়ে মিউজিক নিয়ে পড়ে উকিল হইয়া গেলো। ",0,0.0
মেয়ে যখন ছেলেকে পালিয়ে বিয়ে করার কথা বলে। ছেলে- সারাদিন বিড়ি খেয়ে থাকতে পারবা? ,0,0.0
ফেনীর নুসরাত হত্যাকান্ডের ঘটনায় সাবেক ওসি গ্রেফতার। ,1,1.0
তুই আবার আইছোস?  তোরে আসতে নিষেধ করলাম না? ,0,1.0
আনুশকা দিহান কেন তৈরি হচ্ছে আসল তথ্য জানুন যবে যবে দিহানের মতো লম্পট হচ্ছে। ,1,1.0
এরপর ঐ মেয়ের দরজায় দাড়ায় যখন শুনতে পাই সে ফোনে বলছে “ আর কতবার দিবো বাবু বাকি সব বিয়ের পর”। ,0,0.0
আব্বু আমাকে রিক্সা কিনে দিয়েছে দেখে আমি টু আব্বু। দিলে কি কোনো মায়া মহব্বত নাই?,0,0.0
"ওম শান্তি, ওম শান্তি বলে চিৎকার মেরে পৃথিবীর মানুষকে ধোকা দিচ্ছে । কি বর্বর এই ন্যাড়া বৌদ্ধ রাষ্ট্রটি। ",1,1.0
"মালালা নাটকের রহস্য উম্মোচন। জন্ম হাঙ্গেরিতে, ধর্ম খৃষ্টান, গুলি করার ঘটনাটিও ছিল গোয়েন্দাদের সাজানো নাটক। ",1,1.0
"লক্ষ লক্ষ মানুষের বিক্ষোভ মিছিল, মোদির দুই গালে, জুতা মারো তালে তালে। ",1,1.0
"ইয়ো ইয়ো পানি সিং, পানি সিং নারে, হানি সিং। মামা তুমিও নোয়াখাইল্যা?",0,1.0
"যখন জানতে পারি, আব্বু নাকি পাত্রীপক্ষ ঠিক করে ফেলছে, আর পাত্রী নাকি দেখতে সুন্দরী আর পর্দাশীল। ",0,0.0
একটি গাছে দুইটি বেগুন দেখতে আমার নিজের দুধের মতো।,1,0.0
"কেনেন, লাগান, ভুলে যান। আরাম করে চুদে দেন। ",1,1.0
"কুদ্দুস বলতো গরু আমাদের কি দেয়? স্যার, গরু আমাদের গুতা দেয়। ",1,1.0
স্কুলে স্যার যখন তার ছোট ছেলে মেয়ে নিয়ে আসে। মেয়েরা যা শুরু করে। ,0,0.0
শপিংমল এ যখন দুই পাশ থেকে বলতে থাকে ভা কি লাগবে? বউ লাগবে দিবা?,0,0.0
"মেয়ে কাজ পারে না বিয়ে দিয়ে দাও, বিয়ের পর ঠ্যালায় পরে সব কাজ শিখে যাবে। ",0,0.0
হান্ডি কড়াইতে গিয়া আমাকে ফকিন্নি করে দিবা? ,0,1.0
বন্ধু রাষ্ট্র ভারতের আচরণ! ধিক্কার জানাই এদেশে থাকা ভারতের পা চাটা গোলামদের। ,1,1.0
"যখন আমি বলি আমি সাজেক যামু তখন আমার পরিবার, আয় তোরে আসমানে পাঠাই। ",1,0.0
আমি মেয়েটার খারাপ গুণ বন্ধুদের বলা সত্ত্বেও বন্ধুরা মিলে ঐ মেয়েটাকে পটাতে যাচ্ছে। ,0,0.0
"ধর্মের নামে বিভেদ বিশৃঙ্খলা করতে দিবো না, এ যেন ভূতের মুখে রাম নাম। ",1,1.0
ইবে জাহাঙ্গীর হুজুর যত দেহি তত মজা লাগে একবার ঐলে চলো না? ,1,1.0
আন্দোলনের কথা ভুলে গেল ইকবাল সোবহান ক্ষমতার স্বাদ পেয়ে? সহকর্মীর রক্তের সাথে বেঈমানি। ,1,1.0
শেখ মুজিবের শাসনামলে রক্ষীবাহিনীর ভয়ে যুবতী মেয়েদেরকে লুকিয়ে রাখা হত আর এখন রাখতে হয় ছাত্রলীগ যুবলীগের ভয়ে। ,1,1.0
আপনার গরম লাগে না শরম লাগে? ,1,0.0
"ম্যানশন করুন তাকে, যাকে ২০১৯ সালের গিফট হিসাবে এই পাত্রের সাথে বিয়ে দিতে চান। ",0,0.0
প্রেম মেনে না নেয়ায় একমাত্র মেয়ের হাতে খুন।,1,0.0
"একি বলল, প্রবাসিরা জারজ সন্তান। ",1,1.0
ধর্ষিত বাংলাদেশের চিত্র এটি। বাংলাদেশ পুরো ধর্ষন হয়ে গেছে। ,1,1.0
"মামা এইখানে আইসা বস, আজকে সেইরকম একটা কাহিনী হইছে। কি হইসে? কাহিনী হইলো বেঞ্চটা মাত্র রং করছে আর আমি ভুলে বইসা পরছিলাম তাই তোরেও বসাইলাম। ",0,0.0
"আরম্ভ হইছে, তাই আবেগে কাইন্দালছি|",0,0.0
"বোবার শত্রু নাই। যে কথা বলবে, তাকেই হতে হবে গুম অথবা গ্রেপ্তার।",1,1.0
"ধরা যাবে না ছোয়া যাবে না, বলা যাবে না কথা। রক্ত দিয়ে পেলাম শালার , আজব স্বাধীনতা। ",1,1.0
"অনেকক্ষন খুজে ব্যাগ পাওয়ার পর  ব্যাগকে আমি বলি, খানকির পোলা তোরে আমি খুঁইজা বেড়াইতাছি। ",0,0.0
"আমি দুর্গা। জুতো ছুড়ে মারব, দুর্গার হাতে কি ট্যাটু ছিল? ",1,1.0
"মুসলিম মহিলাকে পাকিস্তানি বলে মারধর বিজেপির, ভারতে কি আমাদের বাচার অধিকার নেই?",1,1.0
রাষ্ট্রীয় বাহিনী কর্তৃক বিচার বহির্ভূত হত্যাকান্ড ক্রসফায়ার বন্ধ কর। ,1,1.0
"বিয়ের পর তেলাপোকা আর টিকটিকি পুষবো, যাতে বউ যখন তখন ভয় পেয়ে জড়িয়ে ধরে। ",0,0.0
যেই যাই বলেন বাংলাদেশের হৃদপিন্ডটা হচ্ছে চট্টগ্রাম। তাইলে ঢাকা কি? ঢাকা যৌনাঙ্গ। ,1,1.0
"ছেলেদের বর্তমান চুলের স্টাইল, একদম ঘোড়ার লেজের মত। ",0,0.0
"আজকে খেলায় হারবি, নাইলে কিন্তু  বোমা মারুম। ",0,1.0
আমি সরকারি চাকরি করি। মেয়ের মা আর মেয়ে। ,0,0.0
এইডা দেখার আগে আমার চোখ কেনো অন্ধ হইলো না। ,0,0.0
"গরীবকে অবহেলা করবেন না। কারন ধনী হতে অনেক সময়ের প্রয়োজন হয়, কিন্তু গরীব হতে বেশি সময়ের প্রয়োজন হয় না। ",0,0.0
"আমার পিছনে অনেকে নিন্দা করে,বিষয় সেটি নয় বরং নিন্দা করতে তাদের আমার পিছনেই থাকতে হয়। ",1,0.0
হাসিনা সরকারকে যুক্তরাষ্ট্রের বৈধতা দেয়ার মিথ্যা তথ্য প্রকাশে বিব্রত খোদ বাংলাদেশ দূতাবাস। ,1,1.0
"যৌনাঙ্গে টয় ঢুকিয়ে হত্যা। একসাথে সব আদ্যোপান্ত, শুরু থেকে সর্বশেষ। ",1,1.0
বউয়ের হাতে বাথরুমের চাবি|,0,0.0
"তেমন কিছু না, মার কাছে ছোট ভাই এর কাহিনী সব বলে এখন মজা নিচ্ছি। ",0,0.0
"ব্যথা ভরা জীবন বাউল মনির, তোর ব্যথার গান শুনে মইরা গেসে। ",0,1.0
যাত্রাপথে অপরিচিত লোকের দেয়া খাবার খাবেন না। ,0,0.0
"আমি বাপ হইছি। তুই বাপ হইছো তো কি হইছে, আমি ভগবান হইছি। ",1,1.0
"হাজার হাজার ছাত্র জনতার থানা ঘেরাও, ভয়ে পালিয়ে গেছে এসআই আকবর। ",1,1.0
ভবিষ্যত দাদীরা যেমন হবে। এমনই হবে ভবিষ্যৎ দাদীদের অবস্থা। ,0,1.0
একটা ম্যাচিওর ছেলে এবং একটা পাগলী মেয়ে। একদম পারফেক্ট কাপল। ,0,0.0
এই মালাউন পবিত্র কুরআনে আগুন দিয়েছে ওর ফাঁসি চাই।,1,1.0
এখন ভাবতেছি ছোট ভাইরে কি করা যায়? ,0,0.0
"হঠাৎ কইরা ছোট ভাই রুমে এসে যখন বলে, বড়দা কি কর? তখন আমি বলি, কিছুনা তো। ",0,0.0
বাংলার মুসলমান শিশু কিশোরসহ সব শ্রেণির শিক্ষার্থীদের নাস্তিক মুরতাদ বানানোর কুফরী শিক্ষানীতি কার্যকর করার প্রতিবাদে দুর্বার প্রতিরোধ গড়ে তুলুন। ,1,1.0
"চোর, টিকটকার আর প্রথম আলোর সাংবাদিক। ",0,1.0
হরতাল/অবরোধ! তোমরা ও কি গুম হয়ে গেলা ? ,0,1.0
ভাগ্যিস! ছাতাটা নিয়ে বের হইছিলাম। ,0,0.0
সন্তানদের খাবার আনতে গিয়ে ধর্ষণের পর খুন হলেন মা। ,1,1.0
"আহ! বাংলাদেশ, যেখানে প্রেমে ব্যর্থ হয়ে মানুষ প্লেন ছিনতাই করে। ",0,1.0
গুরু-শিষ্যে লালবাগের সর্বনাশ। এর শেষ কোথায় ? ,1,1.0
"রাজাকার এর ফাঁসি চাই, দিতে হবে, দিয়ে দাও। ",1,1.0
ঘরে বসে পয়সা ডাবল করার সহজ উপায়। ,0,0.0
"২৮ বছর রাষ্ট্রধর্ম থেকে ইসলাম বাদ দেওয়ার রিট সচল, আগুন নিয়ে খেলা বন্ধ করুন। ",1,1.0
"তুমি ঘুমাচ্ছো তাই ডিস্টার্ব করলাম না, কিন্তু স্বপ্নে অন্য কোনো মেয়েকে দেখলে তোমার খবর আছে। ",0,0.0
"আপা থামেন, হুদা মাথা ঢাকলেই হিজাব হয় না। ",1,1.0
"উচ্চবিত্ত, মধ্যবিত্ত, নি¤œবিত্ত আর ছেচড়াবিত্ত- দোস্ত দে ১ কামর খাই। ",0,1.0
এমনিতে আমার লজ্জা শরম একটু কম। ,1,0.0
"বারো ভাতার ও ভাতারির গ্রুপ, সব সদস্যদের বার ভাতার থাকা আবশ্যক। ",1,0.0
"ধার মারা গেছে, ধার চাহিয়া লজ্জা দিবেন না। ",0,1.0
"পড়াতে চাই, টাকা দিতে হবে না। খাওয়ার ব্যবস্থা করলেই হবে।",0,0.0
বিউটি পার্লারে ঢোকার আগে আর বিউটি পার্লার থেকে বাহির হওয়র পরে। ,0,0.0
ওরা কারা যারা ফ্যান ও চালু করে রাখে আবার কম্বলও গায় দেয়। ,0,0.0
"জানি ধ্বংস হয়ে যাবো, তাও একটা শেষ চেষ্টা করবো|",0,0.0
পারমানবিক যুদ্ধে কে এগিয়ে? ভারত নাকি পাকিস্তান? ,1,1.0
চোরের মায়ের বড় গলা। যিনি নিজেই হাজারো খুনের দায়ে দেশের ও আন্তর্জাতিক আদালতের আসামী তিনি অন্যকে বলেন খুনি।,1,1.0
ভারতে বন্ধ করে দেওয়া হলো ঐতিহাসিক হুগলি মাদ্রাসা। ,1,1.0
"শুনলাম, তোমাদের একজন অধ্যক্ষকে নাকি কুপিয়েছে। তাতে আমার কি? ",1,0.0
"কোনো বন্ধু যখন একদিনের জন্য আমার ইয়ারফোন চায় তখন আমি, মাফ চাই ভাই! আমি পারবো না। ",0,0.0
"স্যার যখন বলে পিকচার মানে ছবি, তখন ছাত্রের পাল্টা প্রশ্ন তাহলে পিকপাঁচ মানে কি স্যার? ",0,0.0
"আমাদের সবার এইরকম একজন ফালতু ফ্রেন্ড আছে দেখা হবার সাথে সাথেই বলবে, মামা কিছু টাকা ধার দে। ",1,0.0
এই ধরনের পোষ্ট করার জন্যই কি আপনাদেরকে মোবাইল ফোন দিয়েছিলাম?,0,0.0
হারছি তো কি হইসে?  সব্ইা তো ব্যাটিং পাইছি। ,0,0.0
"আমি তোর জন্য একটা মেয়ে দেখেছি সে রূপবতী, গুণবতী, বিদ্যায় সরস্বতী  বাবা আমাকে আমার গার্লফ্রেন্ডকেই বিবাহ করতে হবে,কারন সে গর্ভবতী। ",0,0.0
"যখন তুমি জন্মের পর জানতে পারো, তোমার বাবার দরবারে সব পাগলের খেলা। ",0,0.0
আজ বড়ভাই নাই বলে ভাবী পেলাম না। ,1,0.0
পিরামিডের সামনে যৌন আবেদনময়ী ছবি তুলে ফটোগ্রাফারসহ গ্রেপ্তার হলেন মিসরীয় মডেল। ,1,1.0
"বন্ধুকে মোজা দেয়ার পর আমি, হালার পো হালা এক মাস পরই টের পাবি রুম ডেট কত মজা?",0,0.0
"যারা একসময় বঙ্গবন্ধুকে হত্যার পর বলেছিলেন, কবর না দিয়ে সমুদ্রে ফেলে দেয়া উচিৎ। আজকে তাদের মন্ত্রীত্ব দিয়ে সরকার দেশ চালাচ্ছেন। ",1,1.0
গরু ভুনা ও খিচুড়ির সাথে গরু ভুনা। মানে এই হলো দুটির বর্তমান অবস্থা। ,0,1.0
"আদরের বউ রুপা যে এমন হবে, বিশ^াস না করতে পারা হিমু, মাঝখান থেকে মজা নেয়া বড় ভাই। ",0,0.0
"রুটি তো মানুষ ছিড়েই খায়, তারপরও একে গোল বানানোর জন্য এতো যুদ্ধ করে কেন? ",0,1.0
আওয়ামীলীগ এর হাত থেকে দেশকে মুক্ত করার দায়িত্ব কার? ,1,1.0
"স্কুল কলেজ খুলে অযথা বিরক্তি করবেন না, আমি নিজেকে নিজের মতো গুছিয়ে নিয়েছি। ",0,0.0
যখন আব্বু/আম্মু নতুন মোবাইল কিনে। ,0,0.0
এবার বুজে নিন এই মাগি কেন মাদ্রাসার বিপক্ষে। ,1,1.0
সুযোগ মতো পাইলে ওরে কেলানি দেয়ার জন্য ওর উপর নজর রাখা আমি আর আমার বন্ধু। ,0,0.0
বাংলাদেশের ৬৫% মানুষ বিশ্বাস করে এদেশে রাজনৈতিক গুমের সাথে প্রতিবেশী রাষ্ট্রের গোয়েন্দা সংস্থা জড়িত। ,1,1.0
লক্ষ্মী মানে হলো পরিবারের বড় মেয়ে গুলো। ,0,0.0
ভারতের বাংলা ভাষী মুসলমানদের দেশান্তরিত করা হলে মোদি সরকারের গদি থাকবে না। ,1,1.0
মদসহ বৌদ্ধ ভান্তে আটকের পরেও ছেড়ে দেওয়া হলো কেন? বৌদ্ধ সন্ত্রাসীরা কি আইনের উর্দ্ধে?,1,1.0
"চার্জার লাগানোর সময়, চার্জার বাহির করার সময়। ",1,0.0
যখন খাবারের সাথে চুল পাওয়া যায় তখনকার বিরক্তিকর অবস্থা। ,1,0.0
"গার্লফ্রেন্ড এর মায়রেবাপ, সব সমস্যার সমাধান। ",1,0.0
বাংলাদেশী যুবকের হাতের আঙ্গুলের ১০ টি নখ উপড়ে নিয়েছে ভারতীয় সীমান্তরক্ষী বাহিনী বিএসএফ।,1,1.0
৫ জানুয়ারি বাংলাদেশে গণতন্ত্র হত্যা দিবস যার কারিগর শেখ হাসিনা।,1,1.0
কি আর বলবো যা লাগসে না অসাম|,0,0.0
জুডিসিয়াল হত্যার পুরস্কার এবং ধর্মনিরপেক্ষ রাষ্ট্র প্রমান করতে বাংলাদেশের কুলাঙ্গার এস কে সিনহা। ,1,1.0
টিভি অন করলেই ২১ শে ফেব্রুয়ারি আর ফেসবুক অন করলেই ১৪ ই ফেব্রুয়ারি। ,0,0.0
"আমরা লুটে পুটে খাই, তাই আনন্দের সীমা নাই। ",1,0.0
প্রেমে পড়া বারণ কারণে অকারণ। ,0,0.0
"ফেনীতে আবার খালেদা জিয়ার গাড়িবহরে হামলা, দুই বাসে পেট্রল বোমা।",1,1.0
কি বুঝলেন? প্রদীপ কুমারকে বাচাতে ভারতীয় হাইকমিশনার রিভা গাঙ্গুলির দৌড়ঝাঁপ। ,1,1.0
"জলিল একটা গান শুনা ।  নদীর জল ছিলনা কুল ছিলনা, ছিল শুধ ঢেউ , জল ছিল না কুল ছিল না, ঢেউ তুললি কেমনে মুইত্তা ? ",0,1.0
"আসসালামু আলাইকুম/আল্লাহ হাফেজ, এগুলো বলা জামাত জঙ্গিবাদের শিক্ষা। ",1,1.0
তোর পাছায় আমি গুলি কইরা দিমু। ,1,1.0
তাইলে আমরা কি? এই কথা শুনে ডরে আম্মা বাচাও!,0,0.0
"উত্তাল ঢাকার রাজপথ, ফাঁসি চাই ফাঁসি চাই ধর্ষকের ফাঁসি চাই। ",1,1.0
এইরকম বিছানার চাদর প্রতিবেশি যখন ১০০ টাকা কম দামে কিনে নিয়ে আসে। ,0,0.0
"যিনি শিক্ষার্থীকে পুলিশে ধরিয়ে দিয়েছেন, তার জন্যে মরার পরে জানাযা নয়। ",1,1.0
"হাই ফ্রেন্ডস, শর্টফিল্ম তো শেষ। চলো একটা সেলফি তুলি। ",0,0.0
"স্ত্রীর চলে যাওয়ায় আত্মঘাতী স্বামী, এ কোন দুনিয়ায় আছি আমরা?",1,1.0
"জানোস বন্ধু, ছোটবেলায় আমি খুব দুষ্ট ছিলাম, ঘুমাতে চাইতাম না। হ , এই কারনেই তোর আর কোন ভাই-বোন নেই। ",0,0.0
মারহাবা! মারহাবা! তুমি তো বাবু দেখাইয়া দিলা। ,0,1.0
"হাসপাতালের সিসিটিভি ফুটেজ ভাইরাল, আনুশকার বাবা অজ্ঞান, হুইলচেয়ারে আনুশকার লাশ, আনুশকার মায়ের আহাজারি।",1,1.0
বল ভারতের কোথায় বেশি বরফ পরে? মদের গ্লাসে। ,1,1.0
হিন্দু বাড়িতে মুসলিম বউ। এ কেমন অবস্থা? এতো ধর্মীয়ভাবে জঘন্য ঘটনা। ,1,1.0
আমার ভোট ইসলাম বিদ্বেষীদের জন্য নয়। ,1,1.0
সেনাবাহিনীকে শাহবাগীদের হুমকি যেন বাশের চেয়ে কঞ্চি মোটা। ,1,1.0
"সুসময়ে অনেকেই বন্ধু বটে হয়, অসময়ে হায় হায় কেহ কারো নয়। ",0,0.0
যখন মাদক নির্মুল কমিটির সভাপতি মাদকসহ বিজিবির হাতে আটক হয়। ,0,1.0
যৌনাঙ্গ ফেটে গিয়ে রক্তক্ষরণ হয়ে আনুশকা মারা যায়। ,1,1.0
"এই তুই কোথায় আছিস? জানিনা, এখানে শুধু ধর্ষণ হয় কিন্তু বিচার হয় না। ",1,1.0
আমি নিজের ভোট নিজে দিচ্ছি|,0,1.0
"সিটি করপোরেশনের নতুন রাস্তুা হওয়ার পর ওয়াসার মনে পরে,আমার তো পাইপ ঠিক করন লাগবো। ",0,0.0
"দাড়া আর একটু লিখমু  কিন্তু কি লিখমু ?  বন্ধু - কিছু হোক,লেইখা দিয়া আয় । ",0,0.0
একটি ব্যাপার খেয়াল করেছেন? সকল ত্রান চোরের আদর্শিক পিতা কিন্তু একজন। ,1,1.0
"আর সংসার জীবন চালানো সম্ভব না জেনেও, সবার সামনে হিমু।",0,0.0
পাশের বাসায় সাদিয়া এ প্লাস পাইছে। যা একটু ওর পা ধুয়ে পানি খেয়ে আয়। ,0,0.0
"ম্যাচ শেষে হাতাহাতি, কিভাবে বাংলাদেশের পতাকা ছিঁড়ছে? ",1,1.0
ইসলাম ও সেকুলারিজম প্রশ্নে বাংলাদেশ এমন ভাবে বিভক্ত যে মীমাংসার চাইতে অপরকে নির্মূল করাই ক্ষমতাবনেরা সমাধান বলে মনে করে। ,1,1.0
"রিকশাওয়লা ,বন্ধু, অপরিচিত কেউ সবাই মামা। ",0,0.0
"নিজের হাতে নিজের ভবিষ্যৎ প্রজন্মকে মারার পর, আমি আসলেই অনেক খারাপ। ",1,0.0
"গানা ফিল্ম প্রোডাকশন নিবেদিত, আওয়ামীলীগ প্রযোজিত, মারবো থাপ্পড়। ",1,1.0
"২ টা বিচির জোরে শুধু ভেবেছ কি নিজেকে পুরুষ, তাহলে তো কাঠাল মহাপুরুষ। দুটো দুদুর জন্য নিজেকে রানী ভাবছো তাইলে তো কুত্তা হবে মহারানী। ",1,0.0
হুজুররা কেন মারামারি করে? তাহলে সাধারন মানুষ কি করবে? ,1,1.0
ট্রেনের ব্রেকফেল করার দায়ে অভিযুক্ত পিপিলিকা।,1,1.0
আম্মু আমি ১০০ তে ৬৭ পাইছি কিন্তু ৬৭ ই সর্বোচ্চ মার্কস। ,0,0.0
বাবার প্রার্থনায় জামিন পেলেন বাবাকে মারা সেই ছেলে। ,1,1.0
এই প্রথম কারো কপাল খুলতে দেখলাম। ,0,0.0
প্রতিযোগি যখন বলে ম্যাম আমার পাদে অনেক গন্ধ তখন নেহা কাক্কার। ,1,0.0
দেখে নাইকা নায়ককে তার নাম ধরে ডাক দেয় যাতে সে মারামারি করতে পারে। ,0,1.0
"আম্মুকে সব খুলে বলার পর, পরের দিন আমার অবস্থা। ",1,0.0
"মাঝে মাঝে চিন্তা করি, আমার হবু বউটা না জানি কার সাথে ঘুরে বেড়াইতেছে। ",0,0.0
ভারতকে যা দিয়েছি সারা জীবন মনে রাখবে-শেখ হাসিনা। বাংলাদেশের সাধারণ জনগণও ভুলবেনা। ,1,1.0
চুরি ধরা খেল আলীম দার। বুলছিস কিরে মামুর বেটা! ,1,1.0
"মশারির ভিতর একটা মশা আর একটা মেয়ের মুচকি হাসি, এই দুইটাই একটা ছেলের রাতের ঘুম কেড়ে নেওয়ার জন্য যথেষ্ট ।  ",0,0.0
২৮ অক্টোবর বাংলার রাজনীতিতে এক কলঙ্কজনক অধ্যায়। ,1,1.0
"তুমি অনেক চিকন ফু দিলেই তো উড়ে যাবা, দে ফু না উড়লে তুই শেষ। ",1,1.0
এরপর যখন শুনি মামার সাথে তার সুন্দও মেয়েও আসবে যে আমার ছোট এবং দেখতে পরীর মত। ,0,0.0
বিটিএস ট্রলে বিটিএস এর পক্ষ নিয়ে কথা বলায় ধন্যবাদ জানানো নিব্বি ফ্যানগার্ল। ,0,0.0
"আমি এক হতভাগা যার কিনা গার্লফ্রেন্ড তো দূরের কথা, চ্যাটিং করার মতো কোন মেয়েও নাই। ",0,0.0
"এটা পশ্চিমবঙ্গ বস। এখানে মেয়েরাও বলে, “ আরে টাইম পাস ভাই, মালটাকে খেয়ে ছেড়ে দেবো।” ",1,0.0
"বন্ধু,তুই রেডি করে রাখ আমি রেডি হয়ে আইতাছি। ",0,0.0
সংগঠন-ব্যক্তি উদ্যোগে রোহিঙ্গাদের ত্রান বিতরণ নিষিদ্ধ। সব কিছু তুলে দিতে হবে আওয়ামী ডাকাতদের হাতে।,1,1.0
ও হ্যা এসবকিছুর মাঝখানে নকল ও আনছিলাম কয়েকটা এগুলা দিয়া লেখি একটু। ,0,0.0
"মজিবরের সময়ে, ভাত দে হারামজাদা, নইলে মানচিত্র খাব। আর হাসিনার আমলে, ভাত দেন প্রধানমন্ত্রী, নইলে সংবিধান খাব। ",1,1.0
সত্যের উপর দাঁড়িয়ে মিথ্যা রচনা করা যায়। কিন্তু সেই মিথ্যা দিয়ে সত্যের কবর রচনা করা যায় না। ,1,1.0
"তুই একটা অসতী নারী, তুই একটা বেহায়া, নির্লজ্জ মেয়ে বলে চিল্লাতে থাকা হিমু, এদিকে কোনো দোষ না করেও , কেন তার স্বামী এভাবে চিল্লাচ্ছে ভাবতে থাকা রুপা। ",1,1.0
"অনেক পড়াশুনা করছি কারন, বিটিএস কে নিয়ে কথা বলতে যোগ্যতা লাগে। ",0,0.0
"যখন নুসরাত জাহান আমার সাথে ঘটে যাওয়া বাথরুমের কাহিনীটা জানতে পারেন, তখন সে বলে, আপনার কি পায়খানা করতে অসুবিধা হচ্ছে ? ঠিকসময়ে বের হতে পারছে না ? ",0,0.0
"কারেন্ট আইছে তো কি হইছে? চোর খাইটা যাবি, নইলে সাড়ে সাত টা দিমু। ",1,1.0
"পুরান পাগলের ভাত নাই, নতুন পাগলের আমদানি।",1,1.0
"বন্ধু, তোর চোখ লাল কেন? আমি, তোরে আল্লাহর ওয়াস্তে আমি বলতেছি তুই ব্যাপারটা নিয়ে আর বেশি ডিপ এ যাইস না। ",0,0.0
"মুক্তিযুদ্ধকালীন ৯ মাসে সেনা শহীদ হন ৫১ জন আর স্বাধীন বাংলায় ২ দিনে সেনা শহীদ হলেন ৫৭ জন, বিভীষণের ভুমিকায় ছিল আওয়ামীলীগ। ",1,1.0
"এক গ্লাস পানিও আল্লাহর কাছে ভিক্ষা চান। কেননা তিনি চাইলে, আপনার মুখের সামনে থেকেও পানি ভর্তি গ্লাস ফিরিয়ে নিতে পারেন। ",0,0.0
"ছেলেটি কাঁদছে কারণ,সে গণিত বই এ ১০০ টা কলা কিনতে গিয়ে ফকির হয়ে গেছে। ",0,0.0
মেধাবী হলেও জামায়াত-শিবির সরকারি চাকরি পাবে না : শাজাহান খান।,1,1.0
"এরপর যখন আপনি বলেন ভূত আসছে তখন, তারপর লে ভুত, ভুতের হামলা। ",0,1.0
"শিক্ষিত হয়ে লাভ কি, যদি মুখের ভাষা ঠিক না থাকে। ",0,0.0
এুসব জানার পরও ঐ মেয়ের স্মৃতি ভূলতে না পেরে ৭ দিন না ঘুমিয়ে কাটিয়ে দিলাম।,0,0.0
"ডাক্তার যখন বলে আপনার ছেলে মারা গেছে, তখন ছেলে বলে, বাবা আমি মারা যাইনি।  হারামজাদা! তুই ডাক্তারের থেকে বেশি বুঝিস?",0,0.0
"বেবি ডল গানটা খুব সুন্দর তো, ব্র্হ্মা তোমাদের স্বর্গে এই গানে দেবী আর নর্তকীরা নাচ করে? ",1,1.0
"কল দাও সজিব, আরে কুত্তা ফেন দে। ",1,1.0
নিজেদের মৌলিক গানগুলোর হোগা মেরে নিজেকে লিজেন্ড ভাবা লোক ইনি। ,1,1.0
চুদেই মেরে ফেলবো তোমায়। পিরিতের রসে তোরে ভিজাইয়া দিমু। ,1,1.0
"আম্মাগো জামায়াত-শিবির যেভাবে ক্ষেপছে, আমার ডর করতাছে, আমি আমেরিকা চলে যাই? ",1,1.0
"মেনশণ করুন সেই ফ্রেন্ড কে, যার ফ্রেন্ডলিস্ট মেয়ে দিয়ে ভরপুর। ",0,0.0
হেফাজতের বিরুদ্ধে অস্ত্র হাতে ছাত্রলীগ। ,1,1.0
পাছাডা ধ্বংস কইরা লাইছিরে ভাই।,1,1.0
পাকিস্তানি সেনাদের গুলিতে ভারতীয় সৈনিকের মৃত্যু। ,1,1.0
হঠাৎ কেন বিধ্বংসী মেজাজে সাঈদ খোকন?,1,1.0
হিন্দু মহিলাকে বোরখা পরিয়ে মুসলিম মহিলাদের নামে মিথ্যা রটানো হচ্ছে। ,1,1.0
ইসলামে চুরির শান্তি হাত কাটা কেন? ,1,1.0
ঢাবিতে শিক্ষক-শিক্ষার্থীদের ওপর ছাত্রলীগের হামলা। ,1,1.0
"ভাইকে বললাম চিড়িয়াখানায় যাব সিংহ দেখতে, ভাই একটা আয়না এনে দিল সামনে। কিছুই বুঝলাম না। ",0,0.0
শেষ দম পর্যন্ত ভারতের সাথে লড়াই করবে নেপাল- নোপালের প্রধানমন্ত্রী। ,1,1.0
বিভৎস একটি ধর্মের নাম হিন্দু ধর্ম যার মুখ্য বিষয় অশ্লীলতা। ,1,1.0
আমার ওমন পরিস্থিতি দেখে অট্টহাসিতে মেতে উঠা মিম। ,0,1.0
আপনাগো মত ফকিন্নির পোলার নাম বাদশা বইলাই তো দেশের আইজ এই অবস্থা।,1,1.0
"রসায়ন সিলেবাস, রসায়নবিদ হতে চাওয়া শিক্ষার্থী আর রসায়নের সিলেবাস। ",0,0.0
বিয়ের পর প্রত্যেকটা মেয়ের কর্তব্য এভাবে তার স্বামীর সেবা করা। ,0,0.0
দোকানদারের কাছে বাকি চাওয়ার পর দোকানদারের লজ্জা লাগে। ,0,0.0
আমি হজ¦ এর ঘোরতর বিরোধী। মন্তব্য করুন এই নাস্তিক কে কি করা দরকার? ,1,1.0
"আহো ভাতিজা আহো, আহো সিল মাইরা দিমু।",1,1.0
রোহিঙ্গা শিবিরে ১০০দিন। মমতার বন্ধন থেকে নাড়ির বাধন। ,1,1.0
পারিবারিক কোনো বিষয়ে যখন আমি কোনো মতামত প্রকাশ করি তখন পরিবারের সবাই। ,0,0.0
"২০ জন মিলে ট্যুরে যাওয়ার প্লান করার পর , ট্যুরে যাওয়র দিন সকালে, ছিলো তো অনেকেই, পথে কত জনকে হারিয়েছি। ",0,0.0
"পরিবারের বড় মেয়েগুলাই লক্ষ্মী হয়, মেজোগুলা দজ্জাল আর ছোট গুলা বদের হাড্ডি হয়। ",0,0.0
পুরো আরবরা কেন পরাজিত? আরবদের ইতিহাস জানতে হবে। ,1,1.0
আপুর নাম কি থানিয়া? হ্যাঁ! কিন্তু আপনি জানলেন কি করে? ,0,0.0
আমি বড় হয়ে ডাক্তার অথবা ইঞ্জিনিয়ার হব। ব্রো আমরা এখন বাথরুমের পাইপের ভিতরে। ,1,0.0
"বনানীতে দুই ছাত্রী ধর্ষণ, দেশব্যাপী তোলপাড় চলল্ওে আসামিরা ধরা ছোঁয়ার বাইরে। ",1,1.0
প্রশ্ন দেখার পর ফার্স্টবেঞ্চার। তার যে অবস্থা হয় সেটাই এই ছবিতে দেখতে পাচ্ছেন। ,0,0.0
"রাতে খাওয়ার শেষে লুকিয়ে ছাদে উঠে সিগারেট খাওয়া আমি, উল্টো দিকের বাড়ির ছাদের জলের ট্যাংকের উপর পা ঝুলিয়ে বছর ১০ আগে মরে যাওয়া ঐ বাড়ির দিদা। ",0,0.0
তোরা কবে ভালো হবি?  ভালো হইতে পয়সা লাগে না। ,0,0.0
"মা, যুক্তরাষ্ট্রের আদালত আমাকে হত্যা ও অপহরণের চেষ্টার ঘটনা মিথ্যা প্রমান করছে এখন কি করবো? সোনা মানিক চিন্তা করিসনা আরেকটা ইস্যু খাড়া কইরা দিমুনে। ",1,1.0
"চাল পুরান হলে ভাতে বাড়ে, বউ পুরান হলে ওজন বাড়ে। ",0,1.0
নিকটবর্তী কাফেরদের সাতে লড়াই করো। ,1,1.0
"হাসিনাকে ওপেন চ্যালেঞ্জ, খুনি হাসিনার কোন জবাব নেই। ",1,1.0
"ভাবতাছি আর কানতাছি, কারণ ৪ ফ্রেব্রুয়ারি স্কুল কলেজ খুললে সবাই ১৪ ই ফেব্রুয়ারি একটা এক্সট্রা ক্লাস করার সুযোগ পাবে কিন্তু আবার এক্সট্রা ক্লাশ করার কোন লোক নেই। ",0,0.0
"মরা বাকশাল জেগে ওঠো, জাগিয়ে দিলেন নেত্রী! চিরকাল ক্ষমতাসীন থাকতে চান বুঝি? ",1,1.0
"অবশেষে প্রকাশিত হল বহুল প্রত্যাশিথ বই, কিভাবে স্ত্রীকে খুশি রাখবেন এর ১ম খন্ড। ",0,0.0
বৃষ্টি পরলে প্রত্যেকটা মানুষেরই তার প্রিয় মানুষটির কথা মনে পড়ে। ,0,0.0
জনবিরোধী অবৈধ আওয়ামী সরকারের নির্দেশে আর কত হত্যাকান্ড চালাবে পেটোয়া পুলিশ বাহিনী? ,1,1.0
আব্বু যখন রেজাল্ট দেখে। তখন আব্বার অবস্থা দেখুন। ,0,0.0
আজহারি মাজহারি জামায়াতের সৃষ্টি: ধর্ম প্রতিমন্ত্রী । ,1,1.0
ছোটবেলায় আমাকে যখন মা বইয়ের মধ্যে গল্পের বই নিয়ে বসে থাকতে দেখতো। ,0,0.0
ডব্লিউ দিয়ে যাদের নাম শুরু হয় তারা অতি মেধাবী হয়। ,0,0.0
চীনের শুল্কমুক্ত সুবিধা বিষয়ে বাংলাদেশকে বাজেভাবে কটাক্ষ ভারতীয় মিডিয়ার। ,1,1.0
বিকলাঙ্গ ইনু ছাড়া সবাই সংলাপ চায়। ,1,1.0
"ফেঁসে যাচ্ছেন সালমান, সালমানের বিরুদ্ধে মামলা দায়ের। ",1,1.0
আজকে নাকি এসএসসি পরীক্ষার রেজাল্ট ঘোষণা করা হবে। এই নিয়ে ভাবতে ভাবতে ডিপ্রেশনে চলে যাওয়া আমি। ,0,0.0
আগে আমরা ছুটির মজা নিতাম আর এখন ছুটি আমাদের মজা নিচ্ছে। ,0,0.0
"আসুন একটু ভেবে দেখি, ধার্মিক হওয়া আর ধার্মিক সাজা এক জিনিস নয়। ",1,0.0
থাক ভাই আর হাওয়া দিস না টায়ার ফেটে যাবে যে। ,0,0.0
"১০০ তলা ভবনের উপর থেকে পড়ে যাওয়ার স্বপ্ন দেখার পর, মইরা গেছি মনে হয়। ",0,0.0
ভিক্ষা চাইনা কুত্তা সামলা। এমন ডিফিকাল্ট উন্নয়ন আর চাইনাগো বুবু।,1,1.0
এতো নোংরা কেন? এ কেমন গান? ,0,1.0
"তেমন কিছু না, ছোট ভাই দেখি আগে থেকেই ধোঁকা খেয়ে বোকা হয়ে আছে। ",0,0.0
শুনতাছি সবাই সাকি নির্বাচনে দাড়াইতাছে? তাতে আমার কি পরীক্ষা না থাকলে আমিও দাড়াইতাম। ,0,0.0
"ক-তে কামরুজ্জামান, তুই রাজাকার , তুই রাজাকার। ",1,1.0
"ভাস্কর্য না থাকলে মসজিদ থাকার দরকার নাই, মসজিদের বিরুদ্ধে কথা বলায় সুলতানা কামালের ফাঁসি চাই। ",1,1.0
"যখন তোমার কেউ ছিলনা তখন ছিলাম আমি,এখন তোমার কারেন্ট আসছে, পর হয়েছি আমি। ",0,0.0
তোমার চোখ লাল কেন? গাঁঞ্জা খাইছ নাকি? ,1,1.0
"মজলুমের রক্তের ঋণ, নৌকা মার্কায় ভোট দিন। ",1,1.0
লকডাইনে কচি কচি মেয়ে না পেয়ে জ্ঞান হারালেন মহেশ ভাট। বিচিতে লাথি মেরে জ্ঞান ফেরালেন আলিয়া ভাট।,1,1.0
তুমি আমার। আর কারো হতে পারো না। ,0,0.0
"বলছিলাম হজ্জ্বে যারা যায় তারা সবাই বেকার, প্রধানমন্ত্রী চাকরি খাইছে, এখন আমি নিজেই বেকার।",1,1.0
এদিকে মাত্র শরীর গরম করা আমি। ,0,0.0
"তুমি কোন রোগে আক্রান্ত? প্রেম রোগ, ঘুম রোগ, ভাল্লাগেনা রোগ। ",0,0.0
"তুই রাজাকার, তুই রাজাকার। ফাঁসি চাই, ফাঁসি চাই। ",1,1.0
"ইফতার মাহফিল নিষিদ্ধ হবে, আর পূজা স্পন্সর করা হবে।",1,1.0
নাস্তিক লতিফ সিদ্দিকীর ইস্যু ধামাচাপা দিতে এবার ইসলাম অবমাননা করল আরেক নাস্তিক আব্দুল গাফফার চৌধুরী । ,1,1.0
পাক ও কোরিয়া এক হল। কাশ্মীর স্বাধীন করবে উঃ কোরিয়া। ,1,1.0
"তরুণ আলেমদের প্রথম ভোট, আলেম হত্যাকারীদের বিপক্ষে হোক। ",1,1.0
"আমার ৭২ বছর বয়সে এগুলো অনেক দেখেছি, বিয়ের পর ৩ বেলা না খাওয়াতে পারলে এসব ভালোবাসা আর টিকে না। ",0,0.0
"কি ভাবছো মনে মনে, এসো খেয়ে দেই। ",0,0.0
"আজ আমার বান্ধবী আসবে তাই তুমি আজ বাইরের ঘরে শোবে।  ঠিক আছে, তাহলে যেদিন আমার বান্ধবী আসবে, তুমিও সেদিন বাইরের ঘরে শোবে। ",0,0.0
ভোটারদের কষ্ট করার দরকার কী আমরা আছি না? ,1,1.0
"রাস্তায় দেখে ফেলেছিলেন দুই খাসিয়া যুবক, গাড়ী প্রস্তুত ছিল আকবরের জন্য। ",1,0.0
"মহেশতলা কলেজে দিনেদুপুরে ডাকাতি, এ কেমন অবস্থা এই দেশের?",1,1.0
"হচ্ছেনা আনুশকা হত্যার সুষ্ঠু বিচার, দিহানের বাবার এ কেমন ষড়যন্ত্র? ",1,1.0
এ বিচারের পুটকি মারি। মানিনা এই চেটের বিচার। ,1,1.0
"বিয়েবাড়িতে গিয়ে যখন সেখানে অনেক সুন্দরী সুন্দরী মেয়ে দেখতে পাই, তখন আমি ও আমার বন্ধুরা। ",0,0.0
"করোনা ছড়িয়েছে ২১৫ টি দেশে, বাসভাড়া বেড়েছে একটি দেশে। বর্ধিত ভাড়া প্রত্যাহার করুন। ",1,1.0
"ছেলে যখন বলে সে ময়মনসিংহ ক্যাডেট কলেজে পড়ে, কিন্তু ময়মনসিংহ ক্যাডেট কলেজ তো মেয়েদের কলেজ। ",0,0.0
"আনুশকা দিহানের অশ্লীল কল রেকর্ড ফাঁস, হত্যাকান্ডে নতুন মোড়। ",1,1.0
"পাকিস্তানে দুই করোনা আক্রান্ত রোগীর রিপোর্ট নেগেটিভ এসেছে, আনন্দে দুজন বোমা ফাটিয়েছে তাতে ১৫ জনের মৃত্যু। ",1,1.0
কেন ইলিয়াস কাঞ্চনের গলায় জুতার মালা? ,1,1.0
হায়দরাবাদে গণহত্যা ও গণধর্ষণ। ,1,1.0
"কৃষকের বৌ যখন সোনার ডিম পাড়া হাসটারে জবাই দিতে যায় তখন সোনার ডিম পাড়া হাস, আয় খানকি মাগী, আয় তুই। ",1,1.0
"সুখের বিপরীত শব্দ কি? দুঃখ, শিক্ষিকা- তাইলে তুমি স্ত্রী  লিখছো কেন? ",0,0.0
আনুশকার গুদের ভিতর দিহান এটা কিভাবে ঢুকালো দেখুন। ,1,1.0
"যখন হিমু জানতে পারে,আমি তাকে খুন করার প্লান করছি, তখন মৃত্যুর ভয়ে সাময়িক সময়ের জন্য পালিয়ে যাওয়া হিমু। ",1,0.0
"নির্বাচনের ব্যাপারে আমাদের কাছ থেকে আমেরিকার শেখার আছে - সিইসি।  মনে হয় গাঁজা খাইছে, গাঁজা খাইলে এইরকম হয় । ",0,1.0
"সব শিয়ালের এক রা , নির্বাচন সুষ্ঠু হয়েছে। বাস্তবচিত্র ভিন্ন। ",1,1.0
"বোকা চোদা, টোটাল ধামাল। পুরাই বোকাচোদার দল। ",1,1.0
"ছোট বেলা থেকে ইচ্ছা ছিল একজন ভালো মানুষ হবো। ছোটকাল শেষ , ইচ্ছাও শেষ। ",0,0.0
"ঘৃণা করতো অবৈধ সম্পর্ক, ধার্মিক ছিলো দিহান। ",1,1.0
লম্পট ছেলেরা ছাত্রলীগ-যুবলীগ করে। আইজ কিছু খাইছে মনে হয়। ,1,1.0
ঐ আমাদের গা। ঐখানেতে বাস করে কানাবগির ছা। ,0,1.0
অঙ্ক করতে গিয়ে যখন পুত্রের বয়স পিতার বয়সের থেকে বেশি হয়। ,0,0.0
কমিউনিস্ট কুত্তারবাচ্চাগুলি রাজনৈতিক ধার্মিক হতে চায়। ,1,1.0
অনলাইনে যে রকম দেখি আর বাস্তবে যে রকম পাই। ,0,0.0
"জঙ্গী দমনের নামে পবিত্র রমজান মাসে যারা মানুষকে কষ্ট দিচ্ছে পেরেশানি করছে, ওদের শরীরে ফেরাউনের রক্ত প্রবাহমান। ",1,1.0
মধ্যাকর্ষণ শক্তির কারণে পৃথিবী সব বস্তুকে নিচের দিকে টানে কিন্তু আগুনের ধোয়াকে নিচের দিকে টানতে পারে না এট জানার পর নিউটন। ,0,0.0
"শুধুই যৌন হয়রানিই নয়, এক তান্ডব চালিয়েছে তারা। ",1,1.0
"বাতেনের মা অফিসে চেয়ার মাত্র একটা, তাই আমি ও আমার পিএ সখিনা এক চেয়ারে বসছি। ",1,0.0
ওয়াজ মাহফিল বন্ধ করা উচিৎ। মসজিদ থেকে আজান দিয়ে শব্দ দূষণ করা হচ্ছে। ,1,1.0
"যখন গুগলে সার্চ দেই, ছাদে যে মেয়েরে দেখেছি ঐ মেয়ের ফোন নাম্বার। ",0,0.0
"তোরা আমারে ছাইড়া দে, আমি নোয়াখালী যামু। ",0,1.0
পড়তে পড়তে পাগল হয়ে যাওয়া স্কুলের মিডলবেঞ্চার । ,0,0.0
"মৃতপ্রায় খাদিজার সাথে নির্লজ্জ সেলফি, মানবতার সাথে আর কত উপহাস করবে এই বেহায়ালীগ নেত্রীরা। ",1,1.0
এই সেই অরিজিনাল জানোয়ার যে নিজের ধর্মের সম্পর্কে কটুক্তি করে দোষ চাপালো নিরীহ যুবকের উপর। ,1,1.0
"এই সেই খুনি বাপ্যাদিত্য বসু, ২৮ অক্টোবর লাশের উপর নৃত্য করেছিলো। ",1,1.0
"হলুদ গোল মার্ক করা ছেলেটি হলো কথিত জুতা নিক্ষেপকারী বাধন, আর লাল মার্ক করা লোকটি হলো ৯ বছর ধরে শিশু পর্ণ তৈরী করা টিপু। ",1,1.0
বিশৃঙ্খলা তৈরির জন্য ভাস্কর্যের বিরোধিতা।,1,1.0
"শুক্রবার তাই স্টাইল মেরে বন্ধুদের সাথে ঘুরতে বেরিয়েছিলাম  চুল বড় দেখে মামুরা ধরে কেলানি দিছে, সাথে ফোনটাও নিয়ে গেলো। ",0,0.0
কঠিন যুদ্ধ দুই বক্তার। কেউ কাউকে ছাড় দিতে রাজি নয়। ,1,1.0
"অবরোধ, বিক্ষোভ জেলায় জেলায়। রাজ্যে সরকারের অনুরোধে নামল সেনা। ",1,1.0
আম্মু যখন আব্বুর কাছে আমার নামে বিচার দেয় তখন। ,0,1.0
আগে নিজের উন্নয়ন তারপরে না দেশের উন্নয়ন।,1,1.0
"চীনের কাছে কতটা অসহায় ভারত, তার প্রমান দেখিয়ে দিল চীন। ",1,1.0
"স্বামী-স্ত্রীর সম্পর্ক কি এমনই হয়? ইলিশ পাঠালো বাংলাদেশ, পিঁয়াজ বন্ধ করে দিল ভারত।",1,1.0
১ টা ওষুধ খেলে ছটফট করবে সেক্স করার জন্য । ,1,0.0
মুক্তিযোদ্ধারা অবহেলিত আর রাজাকাররা পুরস্কৃত।,1,1.0
মাঝে মাঝে জানালার পর্দাও সেক্সি দৃশ্যের অবতারণ করে। ,1,1.0
"এদিকে রুপার বুকে তিল আছে, এটা সম্পূর্ণ আন্দাজে বলা ভাইয়া। ",0,0.0
"বিয়ের আগে সেক্স করার শখ রাখেন আবার বিয়েতে বৌ চান কুমারী, আসুন দাদা পাছায় দুইটা জুতার বারি নিন। ",1,1.0
বাংলাদেশের মানুষ ভারতীয় আধিপত্যবাদের বিরুদ্ধে কথা বললে সোচ্চার হতে দেখা যায় তাদের। ,1,1.0
"ভারতে জঙ্গি হামলা। ভারতীয় জঙ্গিদের খুঁজে বের না করে, বাংলাদেশে জঙ্গি সন্ধান কেন? ",1,1.0
এইতো আব্বু মিম বানাই আর কি। ,0,1.0
ভাই তোর সাফল্যের রহস্যটা কি? আমি পর্ণ ওয়েবসাইট ব্যান করি নাই। ,1,0.0
আমার উত্তর শোনার পর নুসরাত । ,0,0.0
যখন আপনি দীর্ঘ ট্যুরের সময় দৈনিক ৪ ঘন্টার নিচে ঘুমনোর পরে বাসায় এসে উষ্ণ বিছানায় ঘুম দেন। ,0,0.0
বিএনপি নামক হারিয়ে যাওয়া দলটিকে খুজে পেলে দ্রুত স্কাইপের মাধ্যমে লন্ডনে যোগাযোগের আহ্বান জানান হলো। ,1,1.0
"মদ খেলে ৪০ দিন নাপাক থাকে, ডক্টর মাও: কামাল হাসান। ",1,1.0
এখন ভাইয়ের সাথে চুক্তি করলাম ঐ মেয়ের সাথে আমার সেটিং করায় দিতে। ,0,0.0
ন্যাড়া করলে মেয়েদের এতো সুন্দর লাগে। ,0,0.0
"গোলাম নামা, আত্মপক্ষ সমর্থনের নামে ব্যাপক মিথ্যাচার। ",1,1.0
সীমান্ত হত্যা প্রতিরোধে জনপ্রতিরোধই এক মাত্র রাস্তা। ,1,1.0
চোহারার বাকি অংশ কোথায় গেছে? বয়ফ্রেন্ড খেয়ে ফেলেছে। ,0,0.0
ওয়ারীতে ছয় বছরের শিশুকে ধর্ষণের পর হত্যা। ,1,1.0
"কিয়ামত একটি বেজ্ঞানিক বাস্তবতা, নাস্তিকের যুক্তি খন্ডন। ",1,1.0
৭১’ এ শেখ হাসিনা পাকিস্তানীদের জিপে চড়ে ধানমন্ডি লেকে ঘুরে বেড়িয়েছেন। ,1,1.0
দুই সাপ এর মধ্যে একটা ইদুর খাওয়া নিয়ে যখন ঝগড়া লাগে। ,1,0.0
"পাটিগনিতে কলা বিক্রেতা ২০% ক্ষতিতে কলা বিক্রি করার পর, এ জীবন রেখে কি লাভ ?",0,0.0
"ইঙ্গিতের মাইর। পাগল মরলে বাত্তি জ¦লে, মোল্লা মরলে জ¦লে না। ",1,1.0
"পড়েছে ঠান্ডা ফাটছে গাঁড়, করেছি পণ পরবো না সোয়েটার। ",0,1.0
"গলা কেটে হত্যা, বড়ই মর্মান্তিক ঘটনা।",1,1.0
অনলাইন ক্লাস নাকি মিয়া খলিফা?,0,1.0
রাজনৈতিক বিভাজন ও বিভক্তির গোড়ার কারণ অনুসন্ধান আজও সুশীল সমাজের বিষয় হয়ে উঠতে পারে নি। ,1,1.0
"আমি জান্নাতুল কে বিয়ে করব বুঝলি,কি বললি তুই কুত্তা সাহস থাকলে কর বিয়ে। ",1,1.0
"পাপলু কান্ডে, মালেকা হামিরা খ্যাত হাসিনাকে জিজ্ঞাসাবাদ নয় কেন? ",1,1.0
"মানুষকে কিভাবে ভুতে ধরে,  ভূতের সাথে মানুষের সেই ভয়ানক দৃশ্য। ",1,1.0
বড় ভাইয়া আমাকে এক্সাম এ কীভাবে নকল করে পাস করতে হয় তা বুঝিয়ে দিতেছে। ,0,0.0
লাস্ট কবে তোমার প্রিয় মানুষটিকে দেখেছিলে? ,0,0.0
"এই তুমি উল্টাপাল্টা কিছু খাও না তো আবার? হ রোজ খাই,এমন ও দিন গেছে দিনে ৪-৫ বার খাইছি।",1,0.0
নাইকাকে রাস্তা দিয়ে হেটে যাওয়ার সময় পছন্দ হয়। ,0,0.0
"তুমি ফর্সা না কালো?, একটু ফর্সা । তাহলে এখানো কেনো লিখলা?  আগে ফর্সা ছিলাম দিন দিন কালো হয়ে যাচ্ছি। ",0,0.0
শরীর নয় এডাল্ট টয় ব্যবহার করেছিল দিহান আর তাতেই মৃত্যু। ,1,1.0
দুই একবার ডিভোর্স না হলে মিডিয়াতে টেকা খুব কঠিন। ,0,0.0
তোর ঘরে মা বোন নাই?  না আমি মেস-এ থাকি|,0,0.0
"ঐ আব্বু এদিকে আয়, ছিঃ বাবা বড়দের সম্মানের সাথে ডাকতে হয়। ঐ আব্বু সম্মানের সাথে এদিকে আয়। ",0,0.0
"যখন তার গায়ে পানি লাগে, গায়ে পানি লাগার পর, ও বাবাগো..",0,0.0
গার্লফ্রেন্ডকে পাখি ডাকবা আর উড়াল দিলেই দোষ? ,1,1.0
"আমি হচ্ছি আমার বাসায় ওবায়দুল কাদের যতই সিরিয়াস কথা বলি না কেন, কেও পাত্তা দেয়না। ",0,0.0
আমার  তো পরার মতো কোনও জামা-ই নেই। ,0,0.0
"ডিপ্রেশনে আছি, প্রথমবার মতো ক্রাশ কল দিয়েছিলো। আম্মা ধইরা বলছে, ও হাগতে গেছে। ",0,0.0
"আমার পালিয়ে বিয়ে করার খুব শখ, কিন্তু কোন মেয়েই আমার সাথে পালাতে রাজি হচ্ছে না তাই ডিপ্রেশনে আছি। ",0,0.0
ইদানীং আমি একটা জিনিস বুজতাছি না একদিনে করোনা উপসর্গ নিয়া মরে ৪০  থেকে ৫০ জন আর করোনা হইয়া মরে ২ জন না হয় ৫ জন। ,0,0.0
কি লাভ এতো উন্নত প্রযুক্তি দিয়ে? যদি অনলাইনে কাউকে কসে থাপ্পড়ই মারা না যায়! ,1,1.0
"মাঝের মেয়েটা চোষাচ্ছে, শুধু লিজেন্ডরাই বুঝতে পারবে। ",1,0.0
ইসকন কি? কে তাদের চালায়? ,1,1.0
"চীনের বিনিদ্র রজনীর কারণ, কৈলাস থেকে সেনা সরাচ্ছে না ভারত। ",1,1.0
"আবিরাম হামলা টিয়ারশেল, জলকামান। ",1,1.0
"সোজা হও,  আরামে দাঁড়াও। এম পি মহোদয় ব্যায়াম করতেছেন। ",0,1.0
যখন সে আমার বয়ফ্রেন্ড ছিলো তখন তার অবস্থা এবং যখন সে আমার এক্স তখন তার অবস্থা। ,0,0.0
আমার বুকে ভরা মৌচাক তোর লইগা বানাইছি।,1,1.0
হিন্দুনেতা অর্জুন দাসের এত সাহস কিভাবে হলো? ,1,1.0
"সুন্দর এই পৃথিবীটা বানিয়েছেন যিনি, না জানি কতটা সুন্দর তিনি। ",0,0.0
লাদাখ সীমান্তে বিশেষ টিম পাঠাচ্ছে ভারত। ,1,1.0
"যতক্ষণ দুই ভায়রার হাতে আছে দেশ, পথ হারাবে না বাংলাদেশ। ",0,1.0
যে ঘরে ২৮ দিন আত্মগোপনে ছিলেন এটাই সেই ঘর। ,1,0.0
বাংলাদেশে সন্ত্রাস ও জঙ্গিবাদের দায়ে নিষিদ্ধ হওয়ার মত একটি দলই আছে আর সেটি হলো- বাংলাদেশ আওয়ামীলীগ। ,1,1.0
"যখন পাত্রীর বাবা জানতে পারে আমি সরকারি চাকুরীজীবি, তখন পাত্রীর বাবা, তো এটা তুমি আগে বলবে না? ",0,0.0
সাবধানে বোনেরা! ১৪ ফেব্রুয়ারি ভালোবাসা দিবসে অতিরিক্ত ভালোবাসা খেয়ে বদহজম হয়ে বমিবমি ভাব যেন না হয়। ,1,0.0
"কি দিনকাল পড়লো? ক্যালেন্ডারের দিকে তাকিয়ে দেশি শরৎকাল, পাখা চালালে শীতকাল, কম্বল গায়ে দিলে গ্রীস্ম কাল আর রাস্তায় বেরোলে দেখি বর্ষা কাল। ",0,0.0
মার্কেট খুলে দিয়ে পরীক্ষা করা হলো বাংলাদেশের মানুষের কাছে টাকা আছে কিনা? আলহামদুলিল্লাহ বাংলাদেশের মানুষ পরীক্ষা পাশ করেছে। ,0,1.0
"এক ঘন্টা পরে, আমি ও আমার বন্ধু। ",0,0.0
আপনি জাহান্নামে যেতে পারেন। এই তুই কী বললি? সাহস থাকলে আবার বল। ,1,1.0
১৫ ঘন্টায় ২০০ ভরি স্বর্ণ ডাকাতি। বাংলাদেশের প্রাপ্তি বিএসএফ এর দেওয়া একটি লাশ। ,1,1.0
"পোলায় কয় কি? না, ওভাবে বলিস না। ",0,0.0
দূর্বল সেতুর ওপর ভারী যানবাহন চলাচল নিষেধ করা হোক। ,0,1.0
"তারপর যখন ঐ মেয়েকে উল্টা প্রশ্ন করি, আপনি আমার ঐখানে তাকিয়ে কি দেখছিলেন শুনি? তখন ঐ মেয়ের অবস্থা। ",1,0.0
যখন কারো ভাইয়ের সাথে কোন মেয়ে প্রেম করে তখন মেয়ে আর ছেলের ভাইয়ের কথোপকথন। ,0,0.0
সাংবাদিকের ছদ্মবেশে দলবাজ ও ফ্যাসিষ্টদের এজেন্ট গণশত্রুদের রুখে দাড়াও। ,1,1.0
"জেনে রাখা ভাল, খালেদা জিয়ার জন্ম হিন্দুর পরিবারে । মাতার নাম লক্ষী রানী,পিতার নাম মুরালী মোহন। ",1,1.0
যে দশটি দেশকে যুদ্ধে হারানো অসম্ভব। এই দশটি দেশই হলো সেই দশটি দেশ। ,1,1.0
ধর্মনিরপেক্ষতার লেবাস লাগিয়ে ভারত ৬ ই ডিসেম্বর বাবরী মসজিদ শহীদ করে।,1,1.0
"ইন্ডিয়া গরু রপ্তানি বন্ধ করে ভালই করছে, এখন হেতাগো দিয়ে হাল চাষ করুম। ",1,1.0
"দাওয়াতের কার্ডে সাকিবের নাম আছে, গানম্যান নিয়ে অনুশীলনে এলেন সাকিব। ",1,1.0
গান-মদ পার্টি ও মাস্তানীতে ব্যস্ত দেওয়ানবাগের নতুন পীল ভন্ডামীতে ছাড়িয়ে গেল বাপকেও। ,1,1.0
"উ উ উ মাগো, এতো দেখি চাপা চাপি আর ঠেলা ঠেলি, টুরু লাভ। ",1,1.0
"আমি স্বাধীনতাটাকে খুঁজছি। সে সময়ের পূর্ব পাকিস্তান, আজকের বাংলাদেশ।",1,1.0
"রাজশাহীতে গৃহবধুর আত্মহত্যা, স্বামী শাশুড়ি গ্রেফতার। ",1,1.0
রাতের আকাশে মহড়া চালালো ভারতের রাফলে ও চিনুক। ,1,1.0
"যদি তুমি চুপ থাক, তবে তুমি বেশ। যদি তুমি রূখে দাড়াও তবে তোমার চৌদ্দ গুষ্ঠি শেষ। ",1,0.0
জামাইষষ্ঠী তো দূর কেউ এক বাটি দই পর্যন্ত দিয়ে গেল না। ,0,1.0
"শেষ রক্ষা হলো না, ৩৪ বছর পর পুলিশের হাতে ধরা। ",1,1.0
ঐ মা বাবাই উত্তম যারা তাদের সন্তানদের কোরআন শিক্ষা দেয়।,0,1.0
আমরা মুসলমান। আমরা ইসলামী রাজনীতি করি। আমরা আল্লাহ ছাড়া কাউকে ভয় করি না। ,1,1.0
তোর পাছায় আমি গুলি কইরা দিমু। তোর রক্ত দিয়া আজকে হোলি খেলমু। ,1,1.0
একদিকে বাবার লাশ অন্যদিকে ছিল দলের ফাইনাল খেলা। ,1,1.0
সারাবছর নকল করেও যখন ফেল করি তখন আমি। ,0,0.0
"তেমন কিছু না, ডিসেম্বর মাসের ১ তারিখ ছেলেরা। ",0,0.0
সেই বিশ্বাস ঘাতক লেন্দুপ দর্জি যে সিকিমের স্বাধীনতা ভারতের হাতে তুলে দিয়েছিল। ,1,1.0
তারপর নায়ক ও নাইকার বিয়ে দেওয়া হয়। ,0,1.0
আমি কি এক যে এখন পর্যন্ত এমন জেকেট কিনি নি ? ,0,0.0
"অবশেষে মুখ খুললেন সেই প্রবাসীর স্ত্রী, একান্ত ভিডিও ডিলিট করলেই পনরায় সংসার করবেন। ",1,1.0
আচ্ছা বাবু তোমার বয়স কতো? একটিু ভিডিও কলে আসোনা তোমাকে দেখি। ,0,0.0
 হিজরা সেজে টাকা তুলতে গিয়ে বিপদে। ,0,1.0
নাইজুবিল্লাহ! এ আমি কি দেখলাম? ,1,0.0
হারাম পথে লক্ষ টাকা রোজগারের চাইতে হালাল পথে দশ টাকার মূল্য অনেক বেশি। ,1,0.0
"বদলে গেছি দুজনেই,  তুই ইচ্ছা করে আমি বাধ্য হয়ে। ",0,0.0
আনুশকাকে ধর্ষন ও খুন নিয়ে যা ফাঁস করেন দিহানের মা। ,1,1.0
"ঢাকা নির্বাচনের আগে, সকল কবরস্থানে পাহাড়াদার নিয়োগ দেওয়া হোক। যাতে মৃত ব্যক্তিরা ভোট দিতে না পারে। ",1,1.0
মুসলিম বেড আর হিন্দু বেড। চিকিৎসা হবে না মুসলিমদের। ,1,1.0
"হরেন দিবেন না, আগে যেতে চাইলে উড়ে যান। ",0,1.0
মালদ্বীপ। এখানে দেখুন কতগুলো মাল বসে আছে। ,0,0.0
তোমার কি গাঁঞ্জা খাওয়ার অভ্যাস আছে।,1,0.0
"ফান্দে পড়েছে সরকার, ইশরাকের টোপে পা দিল আওয়ামীলীগ। ",1,1.0
লাদাখের কাছে ফের ভারতীয় এলাকা দখল করল চীন।,1,1.0
"গফ নুড না দেওয়ায় যখন আপনি সাইবার প্রাঙ্ক খেলা শুরু করেন, একটু চালাক না হইলে দুনিয়াতে টেকা খুব কঠিন। ",1,0.0
"সারা বাংলায় খবরদে, নাস্তিক মুরতাদ কবর দে।",1,1.0
"বিকল্প পথে ফেসবুকে ঢোকা আইনের লঙ্ঘন, তাহলে বিকল্প পথে ক্ষমতা দখল করা কি? ",1,1.0
গোল্ডেন মনিরের পিছনের শক্তির পরিচয়। দোকানের কর্মচারী থেকে হাজার কোটি টাকার মালিক। ,1,1.0
কয়ডা লাগে তোর? একটা দোন দিয়া তোর হয়না? অন্যের টা ধইরা টানা টানি করো কেন? ,1,0.0
"হাজারীবাগে যৌতুকের দাবিতে স্ত্রীকে পিটিয়ে হত্য, স্বামী গ্রেফতার। ",1,1.0
এরকম কাহিনি তো বোম্বাই সিনেমাতেও নাই।,1,0.0
মোবাইল আর মনিটরের স্ক্রিনে অতিরিক্ত চেয়ে থাকার ফলে আশেপাশের সবকিছু ঝাপসা দেখি। ,0,0.0
গণহত্যাকারী আওয়ামীলীগকে ব্যালট বিপ্লবের মাধ্যমে প্রত্যাখ্যান করুন।,1,1.0
"সারাদেশে বিদ্যুৎ বিপর্যয়, ভারতের পা চাটতে গিয়ে আজ এই অবস্থা।",1,1.0
"আমার তৃষ্ণার্ত আঁখি, যা দেখতে পায় আর যা দেখতে চায়। ",0,0.0
চিকন হওয়ার যাদুকরী উপায়। ,0,1.0
যখন মিম এ বটম টেক্সট দেই কিন্তু তাও সবাই বুঝতে পারে। ,0,0.0
 সবাই রাজাকার! তাইলে শালার যুদ্ধটা করলো ক্যাডা? ,1,1.0
জামাত এ ইসলামি হিন্দ বিজেপির বিরুদ্ধে ভোট দিতে বললো। ,1,1.0
"তুই তো কখনো পড়তে বসোস না, পরীক্ষায় রোল তিন হয় কিভাবে?  মা আমাদের শ্র্রেণীকক্ষে শিক্ষার্থীর সংখ্যাই তিন জন। ",0,0.0
"টিকা থেকে সাবধান, টিকাই ঘটাতে পারে ভয়ানক বিপদ।",1,1.0
আর তোমারই বাবা অঙ্কের শিক্ষক । ,0,0.0
"তেমন কিছু না, বিয়ে খাওয়ার পর ওয়েটার কে দিয়ে হাত ধুয়িয়ে ২০ টাকা দিলাম। ",0,0.0
বয়ফ্রেন্ড এর সাথে প্রথম  বার রুমে যাওয়ার পর। এতো বড়ো হয়ে গেলো।,1,0.0
মুজিববিহীন বাংলাদেশে সম্ভাব্য ভারতীয় হামলা প্রতিহত করতে ফারুক ও রশীদ যুক্তরাষ্ট্রের কাছে সামরিক সহায়তার জন্য ধরনা দেন। ,1,1.0
আর্টস বা কমার্সের ছাত্র যখন জীববিজ্ঞান বই পায়। ,0,0.0
নোয়াখাইল্লা বিস্কুট। এটা নোয়াখাইল্লা লোকেরাই শুধ খায়। ,0,1.0
আপনাদের বিচি অতিরিক্ত ঝুলে গেলে কি করবেন? ,1,0.0
"মেম্বারসরা যখন বলে, শর্টফিল্ম কি এখানেই শেষ? আমি বলি, ২য় পার্ট আসছে।",0,0.0
আহ! শীতের রাতে কম্বল গায়ে দিয়ে ঘুমাতে কি মজা! দুর বাল আবার মুতে ধরছে। ,0,1.0
"বাংলাদেশের রাজনীতিতে টাকা উপার্জনের পথ বন্ধ হলে ৮০% লোক রাজনীতি ছেড়ে দিবে, ঘুষ নেওয়া বন্ধ করতে পারলে ৯০% লোক সরকারী চাকুরী করবে না। ",1,1.0
"সব ধর্মই ঘোষণা দেয়, বাকি ধর্মগুলো ভুয়া, আমরা তাদের সকলের সঙ্গে একমত। ",1,1.0
"মেয়েটির দুধে তাকিয়ে ছেলেটি মনে মনে বলছে, পড়েনা চোখের পলক। ",1,0.0
"ওমাগো, এ কেমন অবস্থা, টুরু লাভ আরকি? ",1,0.0
"বীর্যপাতের আগে সে হিরো, আর পরে সে জিরো।",1,0.0
"ইঞ্জিনিয়ারিং পড়ার সময়, ইঞ্জিনিয়ারিং শেষ করার ৩ বছর পর। ",0,0.0
অনেক কষ্টে খুঁজে পেলাম এই ইমোজির আসল মালিক কে। ,0,0.0
ফ্রেন্ডদের বিদায় দিয়ে বাবার কাছে যাচ্ছি বাবা নাকি আমাকে ডাকছে। ,0,0.0
জঠরে গুলিবিদ্ধ সুরাইয়ার একটি চোখ ভাল আছে। শলার ঝাড়– দিয়ে মতির একটি চোখ নষ্ট করে রিপোর্ট করা উচিত মতির একটি চোখ ভালো আছে।,1,1.0
চাঁদ ভীষণ অদ্ভুত একটা জিনিস শৈশবে দেখলে মনে হতো মামু আর এখন যখন দেখি মনে হয় ওটা আমার জানু। ,0,0.0
মাননীয় রাবিশ মন্ত্রী এরা কোন ডেব্ধার মাদ্রাসার ছাত্র? প্রকৃত পক্ষে দেশ ও জাতির জন্য ডেঞ্জার কারা তা আজ জাতির সামনে স্পষ্ট। ,1,1.0
ঐ নাটকীর পো! ইংরেজি মারাবিনা।,1,1.0
"সকল মুসলিম কে একটি ঘরে বন্দি করে ৭২ হুর প্রাপ্তি ঘটানো হোক, শুয়োরের বাচ্চাদের জন্য ভারতের ১০০ কোটি হিন্দু কেন মরবে? ",1,1.0
"লোকের মুখে শুনেছিলাম স্টান্ডার্ড ভিখারি, এখন দেখলাম।",1,0.0
তোমাকে কোথায় যেন দেখেছি বলতে থাকা আব্বুর ছোটোবেলার বন্ধু আর ২ দিন আগে টং দোকানে তার থেকে লাইটার নিয়ে বিড়ি খাওয়া আমি। ,0,0.0
ফেসবুকে এখন কি চলছে? ও মাগো টুরু লাভ। ,0,0.0
আরো একটি লাশ উপহার দিল বিএসএফ।,1,1.0
"কারো অভাব, কারো স্বভাব। কারো বাচ্চা খাবার খায় না, আর কারো বাচ্চা খাবার পায় না। ",0,0.0
"চুমু দিয়ে নারীদের বিভিন্ন রোগ সারাতে পারেন, চুমু বাবা। ",0,0.0
"মাদক ব্যবসায়ী মাট্টো জাহাংগীর, কুত্তার বাচ্চায় দেশটারে শেষ করে দিল। ",1,1.0
প্রসাব করলে জুতা উপহার সাথে ৫০ টাকা জরিমানা। ,0,1.0
"আমার কবরের পাশে যে গাছটা আছে ঐ গাছের বাবা, চাচা লিচুগুলা কি বাজার থেকে কিনে আনলেন নাকি নিজের গাছের? ",0,0.0
"আজ ছেলে বলে, বখাটে মেয়েদের ভয়ে, রাস্তায় বেরোতে পারি না।",1,0.0
"ব্যাঙের ছাতার মতো জন্মিয়েছে বাবা জাতির বাবা, পাগলা বাবা, তথ্য বাবা, থুতু বাবা। ",1,1.0
থুতনিতে টোল পড়া মানুষগুলোকে অনেক কিউট লাগে। ,0,0.0
"তিন দিন ধরে কিছু খাই নাই, দয়া করে দুইটা টাকা দেন। ",0,0.0
মুখটা খোলো ঢুকাবো থার্মোমিটার টা। থার্মোমিটার মানে আমার দোনটা ঢুকাবো। ,1,0.0
ঐ বগি তুই খাস কী ? পান্তা ভাত চাস কী ?,0,1.0
"উহারা চাহুক দাসের জীবন, আমরা শহীদি দরজা চাই, নিত্য -মৃত্যু ভীত ওরা, মোরা মৃত্যু কোথায় খুজে বেড়াই।",1,1.0
"উড়তে দেখো, খাইতে দেখো। গাইতে দেখো, দেখো না হাততালি শেষে নীরবতা। ",0,1.0
কেউ অভিমান করে চলে গেলে তাকে আর আটকে রাখা যায় নারে  পাগলা। ,0,1.0
এভাবে দেখার কি আছে? ফেসবুকের সুন্দরীদের রূপের আগুনে পুড়ে গেছি। ,1,0.0
"আয়াতুল কুরসি পড়ার পর শয়তান ; চলে যাচ্ছি, বিদায় নিতে এসেছি। ",0,0.0
ডেডি কে তোর আমি শ^শুর বানাবো। বিয়ের পর তোকে আমি চাকর বানাবো।,1,0.0
"বিয়ের এক বছর পর যখন শুনতে পাই কুদ্দুসের আরও একটি ছেলে হয়েছে, তখন আমি মনে মনে বলি, বেঁচে থেকে আর লাভ কি?",0,0.0
একমাত্র মেয়েরাই পারে মোবাইলের স্ক্রিনের উপর টিপে টিপে উকুন মেরে আবার সেই স্ক্রিনের উপর ক্রাশ এর ছবিতে চুমু দিতে। ,0,0.0
"ভাবছেন এটা মিসর, না এটা বাংলাদেশ। ফেরাউনের প্রেতাত্মারাই এ কাজ করছে। ",1,1.0
অকেজো কিডনি নিয়ে রাস্তায় রাস্তায় মা ঘুরে বেড়ালেও এই মহিলা খবর নেন না কিন্তু ছাত্রীদের অধিকার আন্দোলনে তিনি সোচ্চার। ,1,1.0
"পলাশী আবার এসেছে, ষড়যন্ত্রের মুর্শিদাবাদ আজ ঢাকা।",1,1.0
ভারতে মুসলিম নিধন বন্ধে ঢাকায় বিক্ষোভ মিছিল। পুলিশের বাধায় পন্ড। ,1,1.0
আনুশকাকে দিহান পাজাকোলা করে সিড়ি দিয়ে নামান। ,1,1.0
"বাবার টাকা চুরি করতে গিয়ে ধরা পরে বাবার হাতে মাইর খাওয়ার পর, আমি খামোখা বুদ্ধির দোষে ধরা খাইছি। ",1,0.0
"কোথাও যাওয়ার সময়, যেটা খুশি পর। ",0,0.0
আমার প্রেম করতে চাওয়ার কথাটা শুনে এলাকার সিঙ্গেল ছোটভাই। ,0,0.0
খা খা খা আমায় চুষে চুষে খা আমায় গিলে খা।,1,1.0
"বাড়ি ফাকা, সবাই ঠাকুর দেখতে বেরিয়ে গেছে। কিছু ঢ্যামনা ছেলেমেয়েদের পূজার দৃশ্য। ",1,1.0
আম্মা যখন বলে একটা মেয়ে পছন্দ কর বিয়ে করাইয়া দেই তখন বলি সারা জীবন তো কোন মেয়ের নাম শুনলেই রাগতা এখন পছন্দ পাব কই? ,0,0.0
"সেদিন বাসনওয়ালাকে যে প্যান্টটা দিয়ে বাসন কিনেছিলাম, অনলাইনে প্যান্ট অর্ডার দিয়ে আজ সেটাই ফেরত পেয়েছি।",0,0.0
বঙ্গবন্ধু ও জাতীয় চার নেতার এই সেই খুনি। ,1,1.0
কি ছিল আওয়ামীলীগের ইসতেহারে? কিছুই করা হয়নি। ,1,1.0
চাচতো ভাই যখন আমার আম্মুকে আমার মোবাইলের ব্যাপারে সব খুলে বলে। ,0,0.0
"মিথ্যা কথা কইলে কপালে আগুন লাগবো। এই বলো, আজ পর্যন্ত কয়টা প্রেম করেছো? ",0,0.0
আন্টি আপনার মেয়ের রেজাল্ট কি হয়েছে? ৫.২৬। কিন্তু কেমনে? কারণ ও তো শুক্রবার ও কলেজে যাইতো। ,0,0.0
"উত্তাল ঢাকা বিশ^বিদ্যালয়, ছাত্ররা হিং¯্র হয়ে যাচ্ছে। ",1,1.0
"আর সংসার জীবন চালানো সম্ভব না জেনেও, সবার সামনে হিমু আর ভিতরে ভিতরে হিমু। ",0,0.0
নিজের ফতোয়ায় নিজেই নাস্তিক প্রধানমন্ত্রী শেখ হাসিনা।,1,1.0
"আনুশকা ধর্ষনে নতুন তথ্য, যে কারনে আনুশকার অতিরিক্ত রক্তক্ষরন হয়েছিল। ",1,1.0
"সান ডে দিলাম শিলা কে, মানডে দিলাম ঐন্দ্রিলাকে।  । ",0,1.0
এর জন্যই বলদা টা গেন্দা ফুল লাল দেখে। ,1,1.0
মন্দির ধ্বংস করে স্থাপিত মসজিদ গুলি। ,1,1.0
ভারতীয় আধিপত্যবাদের বিরুদ্ধে সোচ্চার হতে দেখা যায় তাদেরকে আসলে এরা আসল কালপ্রিট। ,1,1.0
আমি প্রায় সময় টিকটিকি ধরে ওয়াটার কালার দিয়ে এভাবে সাজিয়ে ছেড়ে দেই। ,0,0.0
"গলায় কলস বেধে যমুনাতে আসছি, কারণ সুন্দরী রাধাকে পেতে চাই। ",0,1.0
মহল্লার মুরুব্বীদের প্রোফাইল পিকচার। ,0,1.0
"যখন রাত্র ২ টার সময় আমাকে কেউ ম্যাসেজ দিয়ে বলে এতো রাতে এফবিতে কি করস? আমি, বাল ছিড়ি, এতো বড় বাল। ",1,0.0
সেই গাছনা আমার চাই ই চাই। যেই গাছের সাথে ধাক্কা খেয়ে বাংলা ছবির নায়ক-নায়িকাগুলা স্মৃতিশক্তি হারাইতো। ,0,1.0
আওয়ামীলীগ ক্ষমতা ছাড়লে শেখ মুজিবকে বঙ্গবন্ধু বলার মত আওয়ামীলীগের কোন নেতা কর্মী দেশে পাওয়া যাবে না। ,1,1.0
মিমকে ছেড়ে জনৈকা মেয়ের সাথে প্রেম করার কথাটা শুনে দেউলিয়া হয়ে পড়া আমার বন্ধু। ,0,0.0
"যখন হিমু রুপাকে আমার ভাইয়ার কথাগুলো বিস্তারিতভাবে তাকে খুলে বলে, তখন সব শোনার পর রুপা। ",0,0.0
প্রতিরক্ষা চুক্তি ও রাষ্ট্রনীতি ভারতের হাতে তুলে দেয়া মারাত্মক ভুল। ,1,1.0
"পৃথিবীতে সবথেকে অসুখী বাবা হলো কাক, কারণ, কাকের বাচ্চারা বাবাকেও কাকা বলে ডাকে। ",1,0.0
তিতলি কি পারবে? বাংলাদেশের অসহায় অবহেলিত ফ্রিল্যান্সারদের মুখে হাসি ফুটানোর জন্য পেপ্যালকে এনে দিতে? ,0,1.0
বিশ^ সামরিক শক্তিতে ১১ ধাপ এগিয়েছে বাংলাদেশ। ,1,1.0
সীমান্তে বিএসএফের হাতে খুনের পরও এভাবেই অমানবিক আচরনের শিকার হচ্ছেন বাংলাদেশীরা। ,1,1.0
"নর্দমার কীট কুলাঙ্গার, আবু জাহেলের প্রেতাত্মা। ",1,1.0
রাষ্ট্রীয় পৃষ্ঠপোষকতায় বিএনপি-জামায়াতের সন্ত্রাস বিএনপি জামায়াতের নৃশংসতার জীবন্ত দলিল। ,1,1.0
"দেশে আরেক নতুন চোর বাবার আবির্ভাব হয়েছে, ওনার নাম গম বাবা। ",1,0.0
ঘাতকদের হাত একটুও কাঁপলো না। এই নীরিহ জীবনটি কেড়ে নিতে? ,1,1.0
বৌদ্ধ ধর্মে দাহ প্রক্রিয়া সম্পর্কে কি বলে?,1,1.0
"করোনা বিবাহ, সব ঠিক আছে কিন্তু ফুলসজ্জাটা কিভাবে হবে শুনি? ",0,0.0
"আমি একজন বাইকার, বেওয়ারিশ কুকুর নিধন করে সড়ক নিরাপদ করা হোক। ",1,1.0
স্টক এক্সচেঞ্জে হামলার পেছনে ভারত রয়েছে: ইমরান খান। ,1,1.0
কুত্তার গায়ে জাতীয় পতাকা জড়িয়ে কিসের চেতনা জাহির করতে চায় পীযুষ বন্দোপাধ্যায় এর স্ত্রী ? ,1,1.0
রাফি দোস্ত দেখতো মেয়েটা কেমন? দোস্ত কই পাইলি? আমারে পটায়া দিবি ভাই প্লিজ। ,0,1.0
"মেয়েটার পোশাকের মাপ দেখেছো, কতটা পেট দেখা যাচ্ছে। তুমি একদম ঠিক বলেছো, আজকালকার মেয়েগুলো নির্লজ্জ।",1,0.0
টিফিনের টাকা দিয়ে সিগারেট কিনে খেতে গিয়ে স্যারকে দেখে যখন সিগারেট ফেলে দিতে হয়। ,0,0.0
এখন তোর একটা সাহায্য করতে হইবো। ,0,0.0
"ব্যাচেলর পুলাপাইন যেভাবে কোলবালিশকে অথ্যাচার করে,  কবে জানি কোলবালিশ লাফ দিয়ে উঠে বলবে জানু আমি গর্ভবতী। ",0,0.0
পুলিশের গুলিতে ঝাঁঝরা ছাত্রের পিঠ। অন্যদিকে লীগের চিরাচরিত অস্ত্রবাজি। ,1,1.0
"যে যত বড় অট্টালিকায় বাস কর না কেন বৃষ্টির আসল মজা উপভোগ করা যায়, টিনের চালের ঘরের মাঝে! ",0,0.0
খয়রাতের খ্যাতি আমার নাই দরকার। আমি খয়রাত করতে চাই না। ,1,0.0
এই বার মেডিক্যাল ভর্তি পরীক্ষার প্রশ্ন ফাঁস আর কতদিন জেনেও না জানার ভান করবেন?,0,0.0
সময়মতো আপনার সন্তানদের পোলিও টিকা দিন না হলে এমন প্রতিবন্ধী হতে পারে। ,0,0.0
কানে ধরলে হবে না উঠ-বস করতে হবে। ,1,0.0
"ইসরায়েলি যে অস্ত্র  দিয়ে আর্মেনিয়ায় হামলা চালাচ্ছে আজারবাইজান। বাংলাদেশের সঙ্গে কৌশলগত সম্পর্ক নতুন উচ্চতায় নিতে চীনের প্রস্তুতি রাতভর গোলাগুলি, পাক হামলায় ভারতীয় সেনা নিহত। ",1,1.0
আপনি কি ভারতীয় পণ্য কিনছেন? আপনার প্রদত্ত টাকা বুলেট হয়ে ফিরে আসছে নিরীহ বাংলাদেশীদের বুকে।,1,1.0
কুদ্দুসের দেয়া আশ^সবানী শুনে প্রায় ৭ দিন হবু বউয়ের কথা ভেবে নির্ঘুম কাটিয়ে দেওয়া আমি। ,0,0.0
"হেডাম থাকলে, ছুটির পর দাড়াইছ।",1,0.0
১৯৪৮ সালের হায়দ্রাবাদের সেই গোপন মুসলিম গণহত্যা। যা আজো ভুলতে পারেনা ভারতের নিরীহ মজলুম মুসলিমরা।,1,1.0
এইডা তো কিছুই না। এটাতো সামান্য একটা বিষয়। ,0,0.0
গণতন্ত্র ও মানবতাাকে মুক্ত করতে আরেকটি ১৫ আগস্টের স্বপ্নে ভাসে বাংলাদেশ। ,1,1.0
কার হাতে দেশ নিরাপদ? কাকে সমর্থন করবেন সে সিদ্ধান্ত আপনার। ,1,1.0
"দাড়ি টুপি দেখলেই যারা মোদের বল জঙ্গি, আখেরাতে তারা হবে আবু জাহেলের সঙ্গি। ",1,1.0
"এই শুয়োরের কঠিন শাস্তি চাই, ওকে চুদে দেয়া হোক। ",1,1.0
"এমপির স্বামী বলে কথা, যতসব বেআইনি কাজকর্ম। ",1,1.0
" তোর কথা শুনে আর থাকতে পারলাম না, চোঁখে জল এনে দিলি রে। ",0,0.0
"চেয়েছিলাম সিনেমাটোগ্রাফি টাইপের কিছু করবো, ভাইরাল হবো বুঝিনি। ",1,0.0
হাসপাতালের সেই ভয়ংকর ভিডিও । দিহানের মার নতুন নাটক ফাঁস। ,1,1.0
চোখ বেঁধে পায়ে অস্ত্র ঠেকিয়ে গুলি করে পুলিশ। ,1,1.0
অনেক মেয়েকে ভোগ করেছে দিহান। ,1,1.0
"জীবনে ৩২ বার প্রেমে পড়েছিলাম, প্রতিবারই মনে হয়েছে তাকে ছাড়া বাঁচবোনা। ",0,0.0
"পরীক্ষায় টপার যখন ৫ টা এক্সট্রা পেজ নেয়ার পরও আরো পেজ চায় তখন আমি বলি, আমি কয়ডা লাগে তোর? ",0,0.0
বন্ধুত্ব ভারতের সাথে শত্রুতার থেকেও অধম। ,1,1.0
"বিদেশীদের চাপে সামনে নির্বাচন, দেশকে সিকিম বানানোর প্রতিবাদ ঠেকাতে নেতাদের ফাঁসি।",1,1.0
বাবা তোমার দরবারে সব পাগলের মেলা। ,0,1.0
"এক খোরকে টানতে দেখলে আরেক খোরের মনে কয়, একটা টান দিতে পারলে ভালই হতো। ",0,0.0
"কাফের,মুশরিক, মুরতাদ, মালাউন কি ও কারা । মুসলমানদের শত্রু কাদেরকে বলে। ",1,1.0
"তিস্তার সব গেট খুলে দিয়েছে ভারত, দেশের উত্তরাঞ্চলের বিস্তীর্ণ এলাকা প্লাবিত।",1,1.0
এমন কুলাঙ্গার সন্তানের বেচে থেকে কোন লাভ নেই। ,1,0.0
"একটি ক্ষুধার্থ পেট, একটি খালি পকেট, একটি ভাঙ্গা হৃদয়, যা শিক্ষা দেয়, প্রথিবীর কোনো বই তা শিক্ষা দিতে পারে না। ",0,0.0
ডালিং তুমি কই? তোমার চিন্তায় ঘুম আসতেছে না। ,0,0.0
"কি হ্যা আমার দুঃখের কাহিনীর প্রতি এতো ইনটারেস্ট, ভালো টালো ভালোবাসো নাকি? ",0,0.0
মায়ানমারের মুসলমানদের উপর বর্বরোচিত নির্যাতন ও গণহত্যার প্রতিবাদ করেছে পশ্চিমবঙ্গ জমিয়তে ওলামায়ে হিন্দ। ,1,1.0
রাজাকার এখন লজ্জার নয় গৌরবের নাম। ,1,1.0
"আজ সাতার জানি না বলে, কারো প্রেমে হাবুডুবু খেতে পারি না। ",0,0.0
"আমি, আব্বা বিয়া করুম, তখন আব্বা। ",0,0.0
"দেশজুড়ে শুধু লাশ আর লাশ, সব জনগনের দোষ। ",1,1.0
"বেবি একটা গান শোনাও তো, বাবু খাইসো, বাবু খাইসো ? এটা কি বালের গান? ",1,0.0
তেমন কিছু না। বামপক্ষ এবং ডানপক্ষের মান সমান আসার পর প্রমানিত লিখতে যাচ্ছি। ,0,0.0
সাত খুন করেও রিমান্ড হয়না আর বিএনপি নেতার ভাই হওয়ার কারণে ১৩ দিনের রিমান্ড। ,1,1.0
গ্রামের চাচাতো ভাই যখন শহরে তার চাচাতো বোনের বাসায় যায়। ,0,0.0
"জাতির কাছে প্রশ্ন ? ছেলেরা ছ্যাকা খাইলে বিড়ি খায়, মেয়েরা ছ্যাকা খাইলে কী খায় ? ",0,0.0
বাঁশ ডলা কাকে বলে কিভাবে দেয় জানেন? ,1,1.0
"এটা একটা বিজ্ঞাপন যেখানে লেখা আছে, বাসায় গিয়ে থাপড়ানো হয়। ",1,0.0
আচ্চা মানলাম ধর্ষণ করার পর মারা হয়েছে মেয়েটিকে। কিন্তু আপনি কি বলতে পারবেন মেয়েটা শালীন ছিল? ,1,1.0
"জানু, তুমি নাকি কথায় কথায় বাল বলো? কে বলছে? এইসব বালের কথা। ",0,0.0
আপনে আমাদের যতটা খারাপ ভাবেন আমরা কিন্তু অতটা খারাপ না।,1,0.0
তাহেরী আঙ্কেলের বিয়ের আংটি। কি মনে হয় আপনাদের? ,0,1.0
"আশ্চর্য, পোলায় ভাগলো কখন? বুঝলাম না কি হইলো বিষয়টা? ",1,0.0
"যে ইতিহাস কথা বলে, সুচির পিতা জেনারেল অং সান, নির্লজ্জ সুচি ভুলে গেছে তার বাবাকেও। ",1,1.0
"যেসব মেয়েরা একাধিক প্রেমে লিপ্ত, তাদেরকে মেয়ে না বলে মাল্টিপ্লাগ বলাই ভালো। ",1,0.0
কেউ নাড়া দিস না দেখতে দে। ,0,1.0
বাংলাদেশের ইতিহাসে কলঙ্কজনক এক অধ্যায়ের নাম পিলখানা ট্রাজেডি। ,1,1.0
"শিবসেনার দাবি, কাশ্মীর ইস্যুতে মোদী ব্যর্থ, ভারতের পাশে কেউ নেই।",1,1.0
"নিজের গার্লফ্রেন্ডকে চড় মারতে শিখুন, বাবু খাইসো বলার সাথে সাথে কষিয়ে লাগিয়ে দিন। ",0,0.0
ভুত এর চতূর্দশীর শুভেচ্ছা। এক ভয়ঙ্কর শুভেচ্ছা। ,1,1.0
"তোর মারে চুদি, ও মাগির পোয়া।",1,1.0
"যখন তুমি ১৫ দিন গোসল না করে থাকে তখন তোমার আম্মা, তুই যদি গোসল না করিস, আমার মরা মুখ দেখবি।",0,0.0
ঘুম থেকে উঠে কোন জগতে আছি ভুলে যাওয়া আমি। ,0,0.0
চট্টগ্রামে ডাবল খুনের আসামী ছাত্রলীগ নেতা গ্রেফতার। ,1,1.0
পদত্যাগ করুম ক্যান? আমি তো দোষী সাব্যস্ত হই নাই। ,1,1.0
"জুতার দোকানে লেখা ছিল, জুতা খুলে প্রবেশ করুন, ভয়ে আর আমি কাপড়ের দোকানে যাইনি। ",0,0.0
বার্মার বৌদ্ধরা এই মসজিদটি পুড়িয়ে দিয়েছে। ,1,1.0
শাহজাহান এবং মমতাজ এর মতো প্রকৃত ভালোবাসার আরেকটি উদাহরণ কোন জুটি হতে পারে? পাশা ও শিরিন। ,0,0.0
"আমার কোকা কোলা কে খাইছে? আমি খাইছি, কি করবি? আমি থুথু দিয়ে রাখছিলাম। ",0,1.0
"এই টাকলা, এদিকে শোন। ভদ্র ভাবে কথা বল। মাননীয় বাল হীন ব্যক্তি একটু এদিকে শুনবেন? ",1,1.0
শুনছি ভালো মানুষের কপালে নাকি ভাত নাই। তাহলে সারাজীবন আমার কি বিরিয়ানি খেয়ে কাটাতে হবে? ,0,0.0
"ইসরায়েলের নতুন প্রতারনা, কঠিন হুংকার দিল তুরস্ক। ",1,1.0
তোমার কম্বলের ভিতর আমারে একটু নিবা মাঝি? বাড়ি যা কপিলা তোর পা অনেক ঠান্ডা। ,0,0.0
যেখানে টিপা টিপি করেন না কেন ভোট কিন্তু নৌকায় যাবে। ,1,1.0
ঐ ফকিন্নির বাচ্চারা আমার জুতা ছিড়ছে কেডা? ,1,1.0
"আসল জঙ্গীরা পুলিশের সামনে অস্ত্র উচিয়ে ঘুরে, আর ৮০ বছরের বৃদ্ধকে জঙ্গী সন্দেহে গ্রেফতার করা হয়। ",1,1.0
২১ আগস্ট গ্রেনেড হামলা ছিল আওয়ামীলীগের অভ্যন্তরীণ কোন্দলের ফল। আমরা অপরাধীকে চিহ্নিত করেছি। মূল আসামী জজ মিয়াকে গ্রেপ্তার করা হয়েছে। ,1,1.0
চরমোনাই পীরকে স্টেজে উঠে থাপ্পর। ,1,1.0
"বউয়ের হাতে প্রচুর মার খাবে, যাদের নামের শুরুতে এম, এন, টি, আর, এস ,এ আছে। ",1,0.0
"খাইতে দেখো, ঘুমাইতে দেখো, সারাদিন আমায় মোবাইল টিপতেও, দেখোনাতো কেউ মোবাইল টিপার শেষে লেখাপড়া। ",0,0.0
বাপের টাকা মেরে নিজেকে খুব শেয়ানা মনে করছোস?,0,0.0
স্কুল কলেজ যাতে না খুলে তাই করোনা ভাইরাস কে আরও ১ বছর থাকার ব্যবস্থা করো। ,0,0.0
"যখন আব্বু দেখে আমি নড়াচড়া করছি না, তখন আব্বু, মইরা গেছে মাদারচোদ। ",0,1.0
লক্ষিপুর জেলা জামায়াতের নায়েবে আমীর ডাঃ ফয়েজ আহম্মেদ কে গুলি করে বাড়ির ছাদ থেকে ফেলে হত্যা করে আলোচিত সাত খুনের ফাঁসির দন্ডপ্রাপ্ত আসামী খুনী তারেক সাঈদ। ,1,1.0
"হ্যা ভাই, আমি বিকালে খেলতে গেছিলাম। কিন্তু, আপনি কি করে বুঝলেন আমি মাগরিবের পর বাসায় ফিরেছি। ",1,0.0
"চাচাতো ভাই মারা গেছে, শোনার পর আমি। ",0,0.0
"বাংলাদেশকে ভালোবাসি, তবে তিস্তার ব্যাপারে স্যরি-মমতা, এর কাছ থেকে হাসিনার দেশপ্রেম শেখা উচিৎ। ",1,1.0
গাধার উপর বই রাখলেই কি শিক্ষিত হয়? নান্তিকের দলেরা আলেমদের থেকে সবক নাও। ,1,1.0
আমার কথা শেষ হওয়ার আগেই যখন দেখি মমতাদি আমাকে ছোট্ট একটা নিশ^াস ফেলে তার অনেক কাছে টেনে নেয়। ,0,0.0
"পুলিশ মারামারির সময় আসলেও মারামারি থামায় না, কারন মজাদার খেলা কখনো মিস করতে হয় না। ",1,1.0
বাংলাদেশ হেফাজতে ইসলামীর সমাবেশে র‌্যাব-পুলিশ ও বিজিবির অ্যাকশন। ,1,1.0
"আমি একটা বাজে ছেলে, আমার মত বাজে ছেলে আর নাই। ",1,0.0
বউয়ের ব্যাগ থেকে এক্সপায়ার্ড গাঁজা চুরি করে খাওয়ার পর। ,1,0.0
সেই মেয়ে হও যার বিল দেয়ার জন্য ছেলের দরকার হয় না। ,0,0.0
বহুদিন পর ভাল-মন্দ খেতে পেয়ে দুইবাটি গরুর মাংস খেয়ে ফেলা আপনি আর পাইলস রোগে আক্রান্ত পশ্চাত দেশ। ,0,0.0
২০১৯ শেষ হতে চলল যদি কাউকে কষ্ট দিয়ে থাকি । দোষ আপনারই ছিল এসে ক্ষমা চেয়ে যাবেন। ,0,0.0
"অক্টোবর মাসের সেরা অফার একজনই পাবেন, শাড়ি পরে বের হয়ে আমাকে একটা ফোন দিও, তোমাকে কাশবনে ঘুরতে নিয়ে যাবো। ",0,0.0
ক্লাসে মারামারি করার সময়   হঠাৎ যখন ফর্ম মাস্টার চলে আসে। ,0,0.0
"স্যারকে যখন বলি স্যার পরীক্ষার জন্য কিছু ইম্পরটেন্ট সাজেশন দেন আর সার বলে পুরো বই পড়ে যাও তখন আমি বলি, খুবই উপকার হইল। ",0,0.0
ভিকাররুননিসায় ফলাফল প্রকাশের দিন ছবি তোলা প্রথম আলোর ক্যামেরাম্যান। ,0,0.0
বাহুবলীকে হত্যা করে কাটাপ্পা এখন নোয়াখালীর ট্রেনে। ,1,1.0
"শান্তি পূর্ণ ভাবে ক্লাস শেষ হবার পর, হোমওয়ার্ক দিলেন না স্যার। ",0,0.0
বাজারে সব দোকান বন্ধ থাকার পর। আমি আপনাদের দেখাবো কিভাবে প্রতিকূল পরিবেশে বিড়ি কিনতে হয়। ,1,0.0
"সকাল বেলা ঘুম থেকে উঠে মনে হচ্ছিল কুতুবমিনার এর সামনে দাড়িয়ে আছি, আসলে সেটা আমার নিজেরই সোনা দাড়িয়ে ছিল। ",1,0.0
"মানচিত্র বদলাব না, ভারতকে জানিয়ে দিল নেপাল। ",1,1.0
এভাবে ছবি আর দিবা না ছাত্রলীগ নজর দিলে কোন বিচার করবো না। ,1,1.0
ঘুড়ি উড়াইতে ছাদে গেছিলাম। ২০ মিনিট পর দেখি এলাকার মানুষ সব পালাইতেছে। ,0,1.0
অটোপাশ করা এইচএসসি পরীক্ষার্থী  ও ভার্সিটি ভর্তি পরীক্ষা। ,0,0.0
বাবার হোটেশ থেকে বের হলেই বুঝা যায় পৃথিবীতে এক মুঠা ভাতের কত মূল্য। ,0,0.0
নিরাপদ সড়ক কিভাবে পাবেন? ইলিয়াস কাঞ্চনের ছবিতে জুতার মালা। ,1,1.0
"আপনার আর দরদ দেখাতে হবে না, বেইমান এর বেইমান।",1,0.0
"প্যাড়া দেওয়া মানুষটা কে দেখে যান, হেনরি এ ফিশেল । ইনিই পরীক্ষা আবিস্কার করেছেন। ",0,0.0
"দৃষ্টি ভঙ্গি বদলান, জীবন বদলে যাবে। ",0,0.0
"ছেলেদের ভ্রণ উঠলে বলে, শালা খুব হ্যান্ডেল মারে আর মেয়েদের ভ্রণ উঠলে বলে ত্বকের সমস্যা। ",1,0.0
"মেনশন করুন তাকে, যে দেখতে শুনতে খুবই হ্যান্ডসাম কিন্তু কপালে গার্লফ্রেন্ড নাই। ",0,0.0
একটু পরেই দুষ্টু পোলাপান ব্রেন্ডন আবুল কালামকে গণধর্ষন শুরু করবে। ,0,1.0
টানা পঁচিশ দিনের স্বপ্নদোষের জ¦ালা সইতে না পেরে পুরুষাঙ্গ কেটে ফেললো রংপুরের ফাহিম। ,1,1.0
