,text,label,target
0,রাত ১ টা নাগাদ ছাদে উঠে গ্রিলের তালা ভেঙে ঘরে ঢুকে ঘরের দরজা ঠুকতে থাকে। ,Hateful,1
1,"বিকৃত স্টাইলে ধর্ষণের কারনে মারা গেছে, মাস্টারমাইন্ড স্কুলের ছাত্রী আনুশকা নুর আমিন। ",Hateful,1
2,ভারতের তারা টিভিতে বাংলাদেশের জাতীয় পতাকা পদদলিত। ,Hateful,1
3,৫ বছর আগের জীবনানন্দ দাস চত্বর আর এখনকার জীবনানন্দদাস চত্বর। ,Neutral,0
4,গাড়িতে উঠার পর গাড়ির ঝাকুনীর সাথে দেড় ফুট উঁচুতে উঠে যাওয়া প্রাণীগুলোর নাম চিকন মানুষ। ,Neutral,0
5,যেখানে হিন্দু পাও হত্যা করো। হিন্দুদের আস্তানা শেষ করতে হবে। ,Hateful,1
6,একদিন হঠাৎ করে আই মিস ইউ চলে গেলো তাহলে ঘরে কে থাকলো? ,Neutral,0
7,জীবনে কারো জন্য হাত না কাটা আমি। কখনোই আমি হাত কাটিনি।,Neutral,0
8,বাংলাদেশ সীমান্তে নিরীহ মানুষ হত্যার প্রতিবাদে কালো পতাকা দিবস। ,Hateful,1
9,গাঁজা খেয়ে ব্যাট করতে নামবেন না। ,Hateful,1
10,"মেয়েদের গোল গোল, ছেলেদের লম্বা জিনিসটা কি বলতো? ",Neutral,0
11,"ব্রেকাপের চেয়ে কষ্ট আর কিছুই হতে পারে না, এ বছর আমাদের ব্যাডমিন্টন মাঠ নেই। ",Neutral,0
12,দশ বছরে বিএসএফের গুলিতে ৩ শতাধিক বাংলাদেশি নিহত। ,Hateful,1
13,আমার বেষ্টি কোথাও যাওয়ার আগে আর ঘুম থেকে উঠার পরে। ,Neutral,0
14,"যখন কেউ জিজ্ঞেস করে,স্কুল, কলেজ, ভার্সিটি সব তো শেষ করে ফেললে কিন্তু তোমার বন্ধু নেই কেনো?",Neutral,0
15,"আমরা মানুষ বলে এখানে থাকি, জানোয়ার হলে এখানে থাকতাম। ",Neutral,0
16,সাব্বির নামের ছেলেদের জন্মই হয়েছে কাজের মেয়েদের সাথে প্রেম করার জন্য। ,Neutral,0
17,যখন তুমি সব গুছিয়ে আরামে বিছানায় শুয়ে পড়ো কিন্তু বাতিই অফ করতে ভুলে যাও। ,Neutral,0
18,"আমার সাথে কি হইছে জানতে পারার পর আমার ছোট ভাই, কি দাদা কি খবর? ",Neutral,0
19,বিএনপির আন্দোলনের ঈদটা ঠিক করে আসবে? ,Hateful,1
20,"প্রিয়! হয় ভালোবাসো না হয় ঘৃণা করো, মাঝামাঝি রেখো না। ",Neutral,0
21,"আনুশকাকে ধর্ষন পুর্বপরিকল্পিত, জিঙ্গাসাবাদে দিহান। ",Hateful,1
22,"মাঝি পেঁয়াজ আনছো? পেয়াজ, কাচামরিচ দিয়া পান্তা খামু। না কপিলা ঐগুলা বড়লোকের খাবার। আমরা তো কাচ্ছি খামু। ",Neutral,0
23,৩ দিন না খেয়ে থাকুন সমাজ আপনাকে দেখবে না। ১ দিন অন্যায় করেন সমাজ আপনাকে নিয়ে বিচার বসাবে। ,Neutral,0
24,"বাবা মার পছন্দ করা বউ, আর প্রেম করে বিয়ে করা বউ। ",Neutral,0
25,"আনুশকার দাফন, তারপর কি হলো? ",Hateful,1
26,"তুই সবকিছুতে খালি মোবাইল মোবাইল করছ, যেইডা আমার দিতে মন চায়না। ",Neutral,0
27,ঐদিন রুমে আনুশকার সাথে যা যা করেছিল জানালো দিহান। ,Hateful,1
28,সাত খুন নয় পুরো বাংলাদেশকে হত্যা করলেও আমাকেও কেউ ক্ষমতা থেকে নামাতে পারবে না- মায়া। ,Hateful,1
29,যখন তুমি টানা ৯ বার মারার পর ১০ তম বার তোমার ঝুনঝুনিতে হাত দাও। ,Neutral,0
30,পাছাডা ধ্বংস কইরা লাইছিরে ভাই।,Hateful,1
31,এ হায়েনাগুলো কোন মাদ্রাসার ছাত্রদের ছবি বলবেন কি? ,Hateful,1
32,"অন্যদের ফোনে মেসেজ আসে বাবু খাইছো, কি করো, গুড মর্নিং,  আর আমার ফোনে আসে ১ জিবি ১৭ টাকা মেয়াদ ১২ ঘন্টা। ",Neutral,0
33,"যাও চার্লি, তোমার আম্মুকে বলো যে, তোমার একটা ভাই/বোন লাগবে। ",Neutral,0
34,দুর মিয়া ছাড়েন তো আমি খাবো না আমার এত্ত লোভ নেই। ,Neutral,0
35,"স্যার বই এনেছি, যদিও আমাদেও কোন ব্যাগ নেই। ",Neutral,0
36,এত বড় জাহান্নাম আল্লাহ এদেরকে দিয়েই পরিপূর্ণ করবে। ,Hateful,1
37,"কি ব্যাপার তোমরা লেখা বন্ধ করে গল্প করছো কেন?  ম্যাম প্রশ্নে লেখা আছে, পলাশীর যুদ্ধ সম্পর্কে আলোচনা করো, তাই সবাই মিলে আলোচনা করছি। ",Neutral,0
38,"তুরাগ বাসে উঠলাম,   কিন্তু কোনো ভিড় নাই । ",Neutral,0
39,শুধ দাঁড়ি-টুপির জন্য গ্রেফতার। এটাতো ট্রাম্পের আমেরিকা আর মোদির ভারতেও সম্ভব না। ,Hateful,1
40,"সোনা তোমার নাম কোথায় লিখব হাতে না হৃদয়ে? আরে পাগলি, যদি এতই ভালোবাসিস সম্পত্তির দলিলে নামটা লিখে দেখা দেখি। ",Neutral,0
41,"হাসিনার লগি বৈঠা ভুলি নাই, ভুলব না। ",Hateful,1
42,"‘আমার আর জীবনে বিয়ে হবে না , এইটা ভেবে লোকালয় ছেড়ে সন্ন্যাস হওয়ার প্রতিজ্ঞা করে বাড়ি থেকে বের হয়ে এলাম। ",Neutral,0
43,"অন্যান্য অভিনেতা/নেত্রিরা বিয়ে করে প্রয়োজনীয় শারিরীক চাহিদা মেটাবেন, কিন্তু সালমানের বেলায় এটা প্রযোজ্য নয়। ",Neutral,0
44,সানডে মানডে গোসল করাইয়া দিমু। সানডে মানডে ক্লোজ কইরা দিমু। ,Hateful,1
45,"সেই স্বামী কখনও পথভ্রষ্ট হবে না, যার ঘরে  একজন দ্বীনদার নামাজী স্ত্রী আছে। ",Neutral,0
46,"হারকিউলিস যখন ধর্ষক খুজে পায়, খারকির পোলা তোরে আমি খুইজা বেড়াইতাছি। ",Hateful,1
47,"নিজের নামের বানান নিজে ভুল করার পর, আরো ফোন টিপ শালা। ",Neutral,0
48,"যখন ভিড়ের মধ্যে পকেটমার অনেক কষ্টে আমার পকেটে হাত ঢুকিয়ে পকেট মেরে একটা ছিড়া ২ টাকার নোট ছাড়া কিছুই পায় না, এ আমি কিতার মধ্যে হাত ঢুকাইতেসি। ",Hateful,1
49,বিড়ালের গলায় ঘন্টা বাধার প্রস্তাব দেয়া ইঁদুরকেই যখন বিড়ালের গলায় ঘন্টা বাধতে বল হয়। ভাই আমার এত সাহস নাই। ,Hateful,1
50,বাংলাদেশী দালাল এবং ইন্ডিয়ান মডারেটরদের ওরে গালাগালি । ,Hateful,1
51,তুই শালা জাতীয় বেইমান।  তোরে আমি বিশ^াস করি না শালা। ,Hateful,1
52,মন্টুকে তার মা বলেছিলো ভাই এর খেয়াল রাখবি। ,Neutral,0
53,"ধরা খাইলে জামিন নাই, ধরা খাইলে গুষ্টি মারা সারা।  ",Hateful,1
54,"এই কনকনে ঠান্ডার মধ্যে যখন আমি নিয়মিত গোসল করি, তখন আমার পরিবার। ",Neutral,0
55,আমি তোমার হাতে একটা কিস দিতে পারি? হাতে কেন? আমার ঠোটে কি বিষ আছে নাকি? ,Neutral,0
56,জামাইকে জামাই আদর করতাছি। ,Neutral,0
57,"প্রত্যেকবার ফেসবুকে ফেমিনিস্ট দেখার পর মনে মনে আমি, ভালা জামাই তোর কপালে মিলতো না। ",Neutral,0
58,আওয়ামী সন্ত্রাস ও অরাজকতায় ধ্বংসের মুখে দেশ ও জনগনের শান্তি ও নিরাপত্তা। ,Hateful,1
59,যখন আমার বন্ধুর এক্স তার সামনেই শোঅফ দেখাতে গিয়ে পড়ে যায়। ,Neutral,0
60,"মিজানুরের দুই গালে,  জুতা মারো তালে তালে। ",Hateful,1
61,"টাকা সঞ্চয় করার জন্য বাজেট করা আামি, আর আমার বদভ্যাস। ",Neutral,0
62,তাই সে এ সম্পর্ক কিছুতেই মেনে নেয় না। ,Neutral,0
63,সবগুলোতে সিল মারা কিসে ভোট দিবো? শালারা আমার ভোটের অধিকার কেড়ে নিল। ,Hateful,1
64,"এদিকে কোমা থেকে উঠে যখন জীনকে দেখে বলি, আরে হোয়াটস আপ ব্রো! আমার সাহস দেখে বেচারা জীন। ",Neutral,0
65,"প্যান্ট শার্ট টাই পরে, ঝাড়ু হাতে ময়লা পরিস্কারের অভিনয় না করে। ঘুষ খাওয়া বন্ধ করে, নিজের মনটাকে আগে পরিস্কার করুন। ",Hateful,1
66,পর্ণ ভিডিও দেখে যখন দেখি চাচাতো ভাই আমার আম্মুকে বিচার দিতে যায়। ,Neutral,0
67,"ভারত এদেশের ভূমি দাবি করার সাহস পেয়েছে, কারন তারা এদেশের দালাল দেখেছে কিন্তু এদেশের দামাল ছেলে দেখেনি। ",Hateful,1
68,"কারাগাওরে পাপিয়ার করুন জীবন, দেখতে আসে না কেউ। ",Hateful,1
69,"ভয় পেলেই আপনি পরাজিত, সেই জন্যই ওরা আপনাকে ভয় দেখায়। ",Hateful,1
70,মরে যাও মুক্তি চাইনা।   তোমার মুক্তি দিয়া আমি কি করমু? ,Hateful,1
71,গ্রিন টি টা কোন কেঁটলিতে পাবো ?,Neutral,0
72,উপকার করলে শরীরের ছাল থাকে না। অর্জুন গাছটাই তার বড় প্রমাণ। ,Neutral,0
73,"বাসে, ট্রেনে উঠতে মানিব্যাগ মোবাইল সাবধানে রাখবেন। ",Neutral,0
74,"তুমি তো বেয়াদব, বিরাট বেয়াদব।",Hateful,1
75,"খেলনার ভেতর চুম্বক আছে জানার পর আমি বলি, তোকে ভাঙ্গা ছাড়া আর উপায় নাই। ",Hateful,1
76,পেতিœ মাথার উপরে মুতে দেয় প্রসাব খুব গন্ধ। ,Hateful,1
77,"আমি সরকারি চাকরি করি, তোমার এই এক কথায় তোমার দোন আমি মুখে নিতেও রাজি। ",Hateful,1
78,কুলাঙ্গার নিক্সন চৌধুরী আলেমদের কে বলে আসেন খেলা হবে। ,Hateful,1
79,মন্ত্রী মোশাররফই ধ্বংস করেছেন বাংলাদেশের শ্রমবাজার।,Hateful,1
80,"ছোট বাই এর এই অবস্থা দেখে আমি, যেমন কর্ম তেমন ফল। ",Neutral,0
81,চিনে রাখুন এই মালাউনটি কে। এই মালাউন হলো দেশদ্রোহী। ,Hateful,1
82,মানবিকতা নয় পাশবিকতাই জয়ী। যাদের কাছে গরুর জীবনের দাম মানুষের জীবনের দামের থেকে বেশী। ,Hateful,1
83,ভাই বোনের ভালোবাসা।  এরকমই হয় ভাই বোনের ভালবাসা। ,Neutral,0
84,"গার্লফ্রেন্ড যখন ইচিং বিচিং কাজ করতে রাজি না হয়, বয়ফ্রেন্ড বলে, তাইলে তোমারে দিয়া আমার কি বালের কাম শুনি?",Neutral,0
85,মা দুই টাকা দেও। বেকারদের বর্তমান চাহিদা এটাই। ,Neutral,0
86,ডিবি পরিচেয়ে তুলে নেয়ার পর বাঁশবাগানে যুবকের লাশ। ,Hateful,1
87,"কুকুর বেড়াল মেরনা, নাস্তিক পেলে ছেড় না। ",Hateful,1
88,ভারতে করোনা রোধে গোমূত্র পানের পার্টি। ,Hateful,1
89,আনুশকা ও দিহানের বয়স নিয়ে গভীর ষড়যন্ত্র শুনলে অবাক হয়ে যাবেন। ,Hateful,1
90,মনে পড়ে শাহবাগের সেই গাঞ্জার আড্ডা আর চাঁদাবাজির দিনগুলি। ,Hateful,1
91,এরকম একটা মেয়ে যদি আমার বেটার বউ হইতো। ,Neutral,0
92,সকালে ঘুম ভাঙার পর ছেলেদের লিঙ্গ দাড়িয়ে থাকার কারণ। ,Hateful,1
93,"ভাবী পাইয়া গেছি, ম্যানশন হপ্পে পরানের ভাইরে। ",Neutral,0
94,দিহানের তিন বন্ধুর ভাগ্য ফরেনসিক রিপোর্টের উপর ঝুলে আছে। ,Hateful,1
95,"রিলেশনটা কতো দিনের সেটা বড়ো বিষয় নয়, তার কাছে তোমার গুরুত্ব কতোটা সেটাই বড়ো বিষয়। ",Neutral,0
96,"হেসে লাভ নাই, এইবার মাইর খাবা। কোন মাফ পাবা না। ",Hateful,1
97,নায়ককে মারার জন্য অনেক গুন্ডা পাঠায় তখন গুন্ডা আর নায়ক। ,Hateful,1
98,গুম রাজনীতির উত্থান করেছিলো শেখ মুজিব। ,Hateful,1
99,"হত্যা মামলার তদন্তে রং মাখানো চেষ্টায় মরিয়া পুলিশ, অশিক্ষিত মাজারের খাদেমকে ধরে সাবেক শিবির কর্মী বলে প্রচার। ",Hateful,1
100,গোপন সুড়ঙ্গ পথের মুখ। এখান থেকে গোপনে চলে যাওয়া যাবে। ,Neutral,0
101,"সৎ সঙ্গে বিরিয়ানি, অসৎ সঙ্গে বিড়িটানি। ",Neutral,0
102,বলতো অপারেশনের আগে রোগীকে অজ্ঞান করা হয় কেন? রোগী যাতে ডাক্তারী শিখে না যায়। ,Neutral,0
103,বোনের উপর বাটপারি। আর বাটপারি করিস না। ,Neutral,0
104,"আনুষ্কার ধর্ষনের ভিডিও, কি নির্মম এবং নিষ্ঠুর আচরন দিহানের!",Hateful,1
105,সুন্দরীকে দেখে তাকে নিয়ে সারাদিন-রাত বাসর রাতের স্বপ্ন দেখতে থাকা আমি। ,Neutral,0
106,"পৃথিবীতে একটাই সমস্যা, সেটা হলো বউ। কেউ নিয়ে আসার জন্য কাঁদছে আর কেউ নিয়ে এসে কাঁদছে। ",Neutral,0
107,"আমার জুতা, তোর মুখ। জুতা মেরে তোর অবস্থা খারাপ করে দেব। ",Hateful,1
108,"নোয়াখালী কলেজের ছাত্র,  এমনই ট্যালেন্ট হয়। ",Neutral,0
109,মেয়রপুত্র সাম্য হত্যায় তিনজনের ফাঁসির আদেশ। ,Hateful,1
110,বাংলা সিনেমায় পায়ে পায়ে ঘসা লাগার পর। ,Neutral,0
111,"আপনার গু কোন শিল্পকর্ম নয় যে সবাইকে দেখানো লাগবে, দয়া করে পর্যাপ্ত পরিমান পানি ঢালুন। ",Neutral,0
112,তুমি সরকারি চাকরি না পেলে আমার ফ্যামিলি মেনে নেবে না । আর পেলে আমার ফ্যামিলি মেনে নিবে না। ,Neutral,0
113,"রাতের বেলা এলাকার এক চাচার সাথে বাড়ি ফেরার সময় যখন চাচা বলে, আমাদের সময় ভালো থাকা বইটা থাকলে আমার আর সেদিন সুইসাইড করা লাগতো না। ",Hateful,1
114,দিহানের বাসার সি.সি. টিভিতে পাওয়া গেল টানা দেড় ঘন্টা বিছানায় আনুশকা। ,Hateful,1
115,"স্যার একটা বেআইনি মদের  ট্রাক ধরেছি, সাবাস! আর একটা চানাচুরের ট্রাক ধরে ফেলো, তাহলে আজ রাতে একটা পার্টি হয়ে যাবে। ",Hateful,1
116,"মাথা ফাইট্টা দyইভাগ না হলে, এইগুলার শিক্ষা হবে না। ",Neutral,0
117,বাংলার মুসলমান হত্যা করতে তুই ই পারবিরে পাগলী।,Hateful,1
118,কথা ক তোর বাপের লগে কথা ক। ,Hateful,1
119,"তোর কপালে জুতার বারি, হারামি।",Hateful,1
120,"দাদার দেশ ভারত যাচ্ছি, তা দিদি খেয়ে এসেছেন? না , যেয়ে খাবেন ? ",Hateful,1
121,খানকির পোলায় কয় কি?  ওয়ান টু তে খালাস কইরা দিমু।,Hateful,1
122,তারপর ঐ মেয়ে ও তার স্বামীর ডিভোর্সের ব্যাপারে বড়ভাই একটা বুদ্ধি বের করলো। ,Neutral,0
123,"চারিদিকে একই সুর, হাসিনা তুই ভোট চোর। ",Hateful,1
124,তারপর ঐ জীন তার গার্লফ্রেন্ড জীনকে নিয়ে আমার সামনে থেকে চলে যায়। ,Neutral,0
125,ম্যা গরিব নেহি হু। আমাকে গরীব বলবা না। ,Neutral,0
126,"জয় বাংলা, জয় বঙ্গবন্ধু। চুতমারানির পোলা আগে বিসমিল্লা কইলি না কেন? ",Hateful,1
127,প্রশ্ন শোনার পর রুপা। আমি তো জীবনে এমন প্রশ্ন শুনি নাই। ,Neutral,0
128,"রাত ৩ টা বাজে বাথরুমে গিয়ে এক্সের কথা ভেবে আমি যখন কাদতে থাকি, তখন বাথরুমে থাকা জি¦ন। ",Neutral,0
129,এই লোকটা তোদের বাবার খুনি! একে তোর ছাড়বি না। ,Hateful,1
130,"চৈত্র মাসের গরম, নষ্টা মাগির চেয়েও বেশরম। ",Hateful,1
131,চোরাই বিয়া খাওয়ার সময় যখন দুই পক্ষের লোক আপনাদের  দিকে আসতে থাকে। ,Neutral,0
132,আমার চেয়ে বেশি প্যাচ দুনিয়াতে নাই। উচ্চতর গণিত তার চেয়েও প্যাচওয়ালা। ,Neutral,0
133,"আমিও মমতাদির উত্তরে বলি যে, আমি তো সন্দেশই বুঝাইছি। ",Neutral,0
134,তোমার আমার গোপন পীরিত।  সে কি ভোলা যায় শালী? ,Hateful,1
135,তিন তালাক কতটা যুক্তিযুক্ত? এটা ধর্মের বিধান নিয়ে কথা বলার শামিল। ,Hateful,1
136,"করোনা মহামারি, স্বাস্থ্য সেবা। চাল চোর, তেল চোর রাজনীতি ও পরিকল্পনা নিয়ে খোলামেলা কথা। ",Hateful,1
137,যার মান আছে তারেই ফ্রেন্ডস ভালো বাসে ফ্রেন্ডস। ,Neutral,0
138,"যাই হোক, মানবতার খাতিরে আজকে কোনোরকম মামাতো ভাইয়ের বিয়ে খেতে যাচ্ছি। ",Neutral,0
139,"আমাদেরকে বাইক না দিয়ে, নৌকা দিলেই পারতো। ",Neutral,0
140,"পুরা কথা ডা তো কইতে দিবা, আচ্ছা যাও ঘুমাইতাছি|",Neutral,0
141,"আগেই কইছিলাম, এই পোলা জিনিয়াস। ",Neutral,0
142,স্ত্রীর সম্মতি ছাড়া যৌন সম্পর্ক ধর্ষণ গণ্য হবে বলা তার বউ  এবং যৌন অক্ষমতা নিয়ে বসে থাকা স্বামী। ,Neutral,0
143,"বান্ধবী তোর ছোট বেলার পিক, যখন তুই একেবারে ছোট ছিলি। ",Neutral,0
144,"ঈদ শপিং নিয়ে মাথা ব্যাথা নেই, তাহলে আপনি বড় হয়ে গেছেন। ",Neutral,0
145,"বাচ্চার শত্রু বাচ্চা, চোখে জল আসবেই। ",Hateful,1
146,মালাউন গালির জবাব দিবে হিন্দু জাতি। ,Hateful,1
147,"সমস্যা হাজারটা, সমাধান একটাই, অভিনেত্রীর পতন চাই। ",Hateful,1
148,ঐ ভাতিজা মাস্ক কই? মাস্ক ছাড়া তুমি কোথায় যাচ্ছ ? ,Neutral,0
149,ঘরে বসে পয়সা ডাবল করার সহজ উপায়। ,Neutral,0
150,লাইভ পর্ণ দেখে চেতনাদন্ড নাড়াতে নাড়াতে উত্তেজনার চরম মূহুর্তে এসে যখন এমবি শেষ হয়ে যায়। ,Hateful,1
151,এই কাঁটা ঘায়ে চিলি সস দেবে না। ,Neutral,0
152,দিহান আনুস্কার নিতম্বে পিটিয়ে কি অবস্থা করেছে দেখুন। ,Hateful,1
153,"শেভ করলে তোমাকে দারুন লাগে, আর তোমাকেও । ",Neutral,0
154,"যখন আব্বু ও ভাইয়া দুজনে হঠাৎ এসে বলে, ফাহিম তোর জন্য বাইরে একটা সারপ্রাইজ অপেক্ষা করছে। গিয়ে দেখে আয়, তখন। ",Neutral,0
155,"কিন্তু যখন পরে আব্বু বলে যে, চাচাতো ভাই বাসের কন্ডাক্টরের চাকরী পেয়েছে , তখন। ",Neutral,0
156,লবন চর্বি বাড়ায়  আর শসা চর্বি কমায়। আমরা বাঙালি লবণ দিয়ে শসা খাই। ,Neutral,0
157,"আমি, পানি গরম করে দাও গোসল করবো। আম্মু, তুমি কি রাজপুত্র? ",Neutral,0
158,ভালোবাসার মানুষকে বিয়ে করার জন্য হলেও পড়তে বসুন। ,Neutral,0
159,"মেনশন করুন আপনার সেই ফ্রেন্ডকে, যাকে এর সাতে বিয়ে দিতে চান। ",Neutral,0
160,আচ্ছা আমি মারা গেলে তুমি কি আবার বিয়ে করবে? প্রথমেই খবর নিব এক্স সিঙ্গেল আছে কিনা?,Neutral,0
161,"যাবোনা কালকে, কেনো? কার বাচ্চা? কুত্তার বাচ্চা ওটা থার্মোমিটার আমার। ",Neutral,0
162,"শিশু হসপিটালেও এত বাবু থাকে না, মেয়েদের ইনবক্সে যতগুলা বাবু থাকে। ",Neutral,0
163,গার্মেন্টস ধ্বংসে ২০ হাজার ভারতীয় ম্যানেজারের ইন্ধন। ,Hateful,1
164,"বাবা কোন সময় ধনী কিংবা গরীব হয় না, বাবা সবসময় বাবাই হয়। ",Neutral,0
165,"চীনের জীবাণু যুদ্ধ, তৃতীয় বিশ^যুদ্ধের মহড়া। ",Hateful,1
166,যখন আম্মুকে কেউ আমাকে তাড়াতাড়ি বিয়ে করানোর ব্যাপারে পরামর্শ দেয়। ,Neutral,0
167,যখন প্রোপোজ করতে গিয়ে প্রেমিকার বাবার এন্ট্রি হয়। কাকা ফুলটা আপনার জন্য এনেছি আজ বিশ^ কাকা দিবস। ,Neutral,0
168,ওরা কারা? যারা  বাচ্চা দেখলেই আদর করা শুরু করে দেয়। ,Neutral,0
169,বাড়ি আছে থাকতে পারেন না। ,Neutral,0
170,বন্ধু যখণ পাশে বসে বিড়ি জালায় আর যখন আপনাকে বিড়ির পুটকি দেয়। ,Hateful,1
171,"পৃথিবীতে একটাই সমস্য সেটা হলো বউ, কেউ আনার জন্য কাঁদছে আর কেউ এনে কাদছে। ",Neutral,0
172,শরীর নয় এডাল্ট টয় ঢুকিয়ে দিয়েছে আনুশকাকে। ,Hateful,1
173,"যখন কোন নিব্বা প্লে বয়কে বলে, দেহ পাবি মন পাবি না। ",Hateful,1
174,"তারপর শুরু হয় প্রেম, আই লাভ ইউ। ",Neutral,0
175,"আনুশকা ধর্ষনের গোপন ভিডিও, সেক্স টয়ের ব্যবহার। ",Hateful,1
176,"হবে তো শুরু চোষা হবে শুধু, মজা নিবা তোমরা আছি সাথে আমরা। ",Hateful,1
177,শুনলাম তুমি নাকি প্রেম করো? ঘটনা কি সত্যি?,Neutral,0
178,দীর্ঘ সময় ধরে যৌন মিলনের কারণে ইনজুরিতে ওয়ার স্ত্রীর বেফাঁস মন্তব্য। ,Hateful,1
179,"হালার-পো হালা, আজ তোর একদিন, কি আমার একদিন। ভোট না দিয়া যাবি কই? ",Hateful,1
180,মস্তিষ্ক হলো এমন একটা জিনিস যেটা সারাজীবন আমাদের চালায় কিন্তু পরীক্ষার সময় হলেই শালা কাজ করা বন্ধ করে দেয়। ,Neutral,0
181,"রাষ্ট্রীয় দায়িত্ব রাষ্ট্রপতির হাতে নাই, গোপন তথ্য ফাঁস করলেন রাষ্ট্রপতি। ",Hateful,1
182,"হাথরস গণধর্ষণ, আজ ভারতের নিই নর্মাল। ",Hateful,1
183,দেশটা কি ফেরআউনী রাষ্ট্র হয়ে গেল? কয়দিন পর হয়ত স্বামী-স্ত্রী একসাথে দেখলে নাশকতার অভিযোগে গ্রেফতার করা হবে।,Hateful,1
184,সরকার ধর্মদ্রোহী নাস্তিকদের বিরুদ্ধে ব্যবস্থা না নিয়ে ধর্মীয় মূল্যবোধে বিশ্বাসী আমারদেশ পত্রিকার বিরুদ্ধে ব্যবস্থা নিচ্ছে। ,Hateful,1
185,সীমান্ত হত্যা বন্ধের দাবীতে প্রতিকী লাশ নিয়ে ঢাকা থেকে কুড়িগ্রামের অনন্তপুর হেটে যাত্রা।  ,Hateful,1
186,মাওলানা নিজামীল রিভিউ খরিজের আগে ভারতীয় হাইকমিশনারের বৈঠক প্রধান বিচারপতির সাথে। ফাঁসির পর হাসিনাকে আমন্ত্রণ। ,Hateful,1
187,"দিহান আনুশকার ঘটনার নতৃন মোড়, দিহান কি ঔষধ সেবন করেছিল বললেন ডাক্তার। ",Hateful,1
188,"এদিকে রুপার বুকে তিল আছে, এটা আমার ভাইয়া কিভাবে জানতে পারলো, ভাবতে থাকা হিমু। ",Hateful,1
189,সাকিব আল হাসানের  পূজা উদ্বোধনের নেপথ্যের ঘটনা।,Hateful,1
190,"জানি ছ্যাকা দেবে, তাও একটা শেষ চেষ্ট করব। ",Neutral,0
191,"আমি গতকাল মেয়েটিকে বললাম বাসায় পৌছে কল দিতে, মেয়েটার মনে হয় বাসা নাই। ",Neutral,0
192,"নিব্বি প্রথম বার তার ফাকবয় বয়ফ্রেন্ড এর সাথে ডেট করার পর, জব্বর জোরে গুতিয়েছে রে। ",Hateful,1
193,ফাসির হাত থেকে বাচতে দিহানের নতুন ফাদ। ,Hateful,1
194,অনেকদিন পর জেলে যাচ্ছি তাই পুলিশের সাথে সেলফি। ,Hateful,1
195,"রেগে যাচ্ছেন কোনো? রাগবেন না, বেশি রাগলে হার্টের ক্ষতি হয়। ",Hateful,1
196,এত উকুন নিয়ে রাতে ঘুমোস কী করে বু ?,Neutral,0
197,"আমি,আমার পানি খাওয়ার মগ ও বাসায় আসা আত্মীয়। ",Neutral,0
198,বাপের পকেট থেইকা টাকা চুরি কইরা যখন আবার সেই টাকা বাপের সাথে সাথে আমিও খুঁজতে থাকি। ,Neutral,0
199,"আমার যেকোনো ধরনের খুশির সংবাদ পাওয়ার পর, আমার বন্ধু সমাজ, ট্রিট দে । ",Neutral,0
200,কি করছো দিহান? আমার লাগছে। আমিতো মরে যাবো আর পারছি না। ,Hateful,1
201,"জি¦ স্যার বুঝছি, আমাকে বুঝাও কি বুঝছো? ",Neutral,0
202,"সালাহ উদ্দিন বলছিলেন, আমি কিন্তু বাংলাদেশে মন্ত্রী ছিলাম। কিন্তু কেউ বিশ^াস করেনি।",Hateful,1
203,শীতকালে বিবাহিতরা আর অবিবাহিতরা। ,Neutral,0
204,ইফ যদি ইজ হয় বাট কিন্তু হোয়াট কি? ভাবতে থাকা ৭ বছর বয়সী আমি। ,Neutral,0
205,"পদচ্যূত হচ্ছেন জেনারেল আজিজ, নতুন ভালোবাসা লে.জে. সফিক। ",Hateful,1
206,আন্তর্জাতিক মিডিয়ায় দেয়া বিভিন্ন সাক্ষাৎকারে জয় কেন বাংলাদেশ সেনাবাহিনীর সমালোচনা করে বিদ্রোহের জন্য সেনাবাহিনীকে দায়ী করলেন? এ প্রশ্নের উত্তর এখনো মিলেনি।,Hateful,1
207,কিপ্টামির জন্য যদি কেউ নোবেল পেত তাহলে তোমার কোন বন্ধু পেতো? ,Neutral,0
208,"জনগনের টাকায় নির্বাচনী ব্যয়, কৈ এর তেলে কৈ ভাজা। ",Hateful,1
209,"যখন স্বামী বলে বাচ্চাদের অন্যরুমে ঘুমাই দেও, তোমার জন্য চকলেট আনছি।",Neutral,0
210,কোটা বিরোধী আন্দোলনে জড়িতরা পাকিস্তানিদের দোসরঃ খাদ্যমন্ত্রী। ,Hateful,1
211,এই শালা তোর বন্ধু কই?   তোর বন্ধুরে আমার সামনে ডেকে আন। ,Hateful,1
212,"যখন তুমি মজা করে বিরানী খাচ্ছো, কিন্তু হঠাৎ করে এলাচি এ কামর পরে।  ",Neutral,0
213,"জানি জুতার বারি খাবো, তবুও শেষ চেষ্টা করতে হবে। ",Hateful,1
214,ধর্মকে ভিত্তি করে কোন রাজনৈতিক দল হতে পারেনা- তারেক। মাদরাসা ও মাদরাসা ছাত্র কমানোর কাজ শুরু করে দিয়েছি- জয়। পার্থক্য নেই। ,Hateful,1
215,আনুশকার যৌনাঙ্গে মিলেছে ফরেন বডির আলামত। কি ছিল সেটা? ,Hateful,1
216,এখন বুজতেসি কোন বন্ধুর সাথে বসলে বেশি সুবিধা পাবো। ,Neutral,0
217,"কি করলাম জীবনে? না পেলাম প্রেম পত্র, না পেলাম মনোনয়ন পত্র। ",Neutral,0
218,"করোনাকালীন সময়ে ফুচকাওয়ালা যখন স্বাস্থ্যবিধি মেনে হাত প্রতিবার স্যানিটাইজ করে,মিনারেল ওয়াটার ব্যবহার করে ফুচকা বানায় আর কাস্টমার জিজ্ঞেস করে,আগের স্বাদ নই কেন মামা?",Neutral,0
219,খুনি জিয়ার তত্ত্বাবধানে সংগঠিত জেল হত্যাকান্ড। খুনিদের পুরস্কার হিসেবে পাঠানো হয় বিভিন্ত দূতাবাসে চাকরিতে।,Hateful,1
220,"তোর বয়সী মেয়ের বিয়ে হয়ে গেছে আর তুই এখনো মোবাইল টিপ। আন্টি আপনার মতো কতো মানুষ মরি মরি হুতি যায়, আপনি মরবেন কবে? ",Neutral,0
221,"মদ খাবো না খাবো চুল্লু রে, চুল্লুর প্যাকেট আমার কানে কানে কয়। ",Hateful,1
222,মানুষরূপী শয়তান। এই শয়তানরা প্রকৃত শয়তানের চেয়ে ভয়ংকর হয়। ,Hateful,1
223,টি দিয়ে যাদের নাম শুরু হয় তারা টাকা ছাড়া কিছুই বোঝে না। ,Neutral,0
224,পোলাপান খালি শয়তানি করে। ওদের কিভাবে শায়েস্তা করা যায়?,Hateful,1
225,ধর্ষনে অতিরিক্ত রক্তক্ষরণ ও আঘাত চলছে জবানবন্দি। ,Hateful,1
226,তুই আইছোত কেন? তোরে তো আমি দাওয়াত দেই নাই। ,Hateful,1
227,দেশকে আফগান বানালে তালেবান হওয়া স্বাভাবিক।,Hateful,1
228,"পাম দিস না, পাম দিস না,  আসল কথা বল। ",Neutral,0
229,"শালা এগুলো, ফেসবুক প্রোফাইল না ২ জনের কথোপকথন?",Hateful,1
230,বাংলাদেশ ব্যাংকের টাকা লোপাট চুর্নিকে আগেই জানানো হয়েছে বলে জানালেন গভর্ণর আতিউর। ,Hateful,1
231,"দিয়েছেন অনেক, প্রতিদানে এবার ভারতের সহযোগিতা চান শেখ হাসিনা। ",Hateful,1
232,"শ্যামল কান্তি ভক্ত বলেন তোদের আল্লাহ নাপাক, তোরাও নাপাক। নাউজুবিল্লাহ, শ্যামল কান্তির ফাঁসি চাই। ",Hateful,1
233,"সেই শিক্ষার কোনো দাম নেই, যেই শিক্ষায় মনুষ্যত্ব শেখায় না। ",Neutral,0
234,ক্লাসে ভালো গান পারো কেউ? জি¦ স্যার বল্টু পারে। তখন বল্টুর অবস্থা। ,Neutral,0
235,নিকা করবি মাগি?  নিকা করবি ? করবি নিকা ? ,Hateful,1
236,"এখানে পদার্থের তিনটি অবস্থা আমরা শিখতে পারি, উড়ন্ত বেলুন, ঝুলন্ত বেলুন আর পড়ন্ত বেলুন। ",Neutral,0
237,আনুশকা দিহান ইস্যু নিয়ে বাঘের গর্জন দিলেন বেনজির আহমেদ আইজিপি। ,Hateful,1
238,বাবা-মা মেয়েকে ডাক্তার বানানোর প্লান করছে আর মেয়ের মন অন্যদিকে। ,Neutral,0
239,"যায়াবেটিকসের রোগী প্রতিবার মিষ্টি খাওয়ার সময়, জনি আরো বেড়ে যাবে, তাও শেষবারের মত খেতে হবে। ",Neutral,0
240,"কামরুলের আশঙ্কা, বিএনপি নির্মুল না হলে আওয়ামীলীগের অস্তিত্ব বিপন্ন হবে।",Hateful,1
241,"যখন দেখি রুপা এখনো হিমুকে ভুলতে পারে নাই, তখন আমি, তুই এখনো বালডারে ভুলস নাই! ",Hateful,1
242,"কুদ্দুস যখন বলে,  ভাই আমার একটা সুন্দরী শালী আছে, যদি চান তাহলে আমি আমার শালীকে আপনার বিয়ের প্রস্তাবটা দিতে পারি। ",Neutral,0
243,আমি পরিক্ষা ছারা রেজাল্ট দিলেই দোষ। ,Neutral,0
244,"ছাত্রলীগ ধর্ষণ করে, শেখ হাসিনা কি করে? ",Hateful,1
245,"নতুন নামে ডাকো, তেল বাবাই হলে নতুন নাম। ",Hateful,1
246,"অনেক রাত হইছে শীত লাগতেছে খুব তাই আমি, যাই মুতি আসি হুতি পরি। ",Hateful,1
247,"খায়া দিসে, বাঘ মামা খায়া দিসে খায়া দিসে। ",Neutral,0
248,২০২০ সালের মধ্যেই ভারত দখল করবে আই এস।,Hateful,1
249,এখন কি করমু? ক্রিসমাসের পর লাগাদার আন্দোলনের ঘোষণা দেন। ,Neutral,0
250,"কোথায় আছ? ঠিক জানিনা, তবে এখন ৩০০ টাকার বাল্ব ১০০ টাকায় পাওয়া যায় কোম্পানির প্রচারের জন্য। ",Neutral,0
251,"মেয়েটাকে তারা বাঁচতে দিল না, মেয়েটাকে ওরা মেরেই ছাড়ল। ",Hateful,1
252,"জুমার নামাজের পর মোনাজাত ধরে আছি, আর জিলাপির প্যাকেটের দিকে নজর রাখছি। ",Neutral,0
253,জবা কি পারবে হ্যান্ডেল মারতে? ,Hateful,1
254,"দেখ ভাই আর যাই করছ, ফেনীর পোলাপাইনের সামনে চোখ নামাইয়া কথা কইচ। ",Hateful,1
255,"আজ গোসল করব না, গোসল না করে কই যাস। ",Neutral,0
256,"বড় কথা বলিস না, তুই যে শ্যাম্পু মাথায় দেও, সেই শ্যাম্পু দিয়ে গাড়ি পরিস্কার করি। ",Neutral,0
257,১০ কি.মি. হেটে বাবার বিরুদ্ধে অভিযোগ জানাতে থানায় মেয়ে। ,Neutral,0
258,"মুখ খুলছে দারোয়ান, দিহানের শাস্তি চান দিহানের বাবা। ",Hateful,1
259,স্ত্রীরা চাইলেই স্বামীর বিরুদ্ধে রেপ কেস করতে পারবে। মিলনের আগেই নিতে হবে অনুমতি। ,Hateful,1
260,"ছাত্র যখন বলে তার বাড়ি ভ্রাহ্মনবাড়িয়া আর স্যার তাকে বানান করতে বলে, তখন ছাত্র বলে, স্যার আমরা এখন ঢাকা থাকি। ",Neutral,0
261,"একি ভয়াবহ সত্য ফাস হলো, আদালতে কাদতে কাদতে একি বলল দিহান? ",Hateful,1
262,"ওদিকে আবার দেখি আমার পোস্ট এ আইসা একজন লিখছে, এটা কপি পেস্ট এরকম সেইম পোস্ট ১ মাস আগে দেখছি। ",Neutral,0
263,"কাটা ঘা, নুন আর পাশের বাড়ির আন্টি। মানে কাটা ঘায়ে নুনের ছিটা। ",Hateful,1
264,"তারপর কোনো কিছু বুজানোর আগেই আব্বু আমারে  একটা মাইর দিলো আর বললো, ঘুমা তারাতারি। ",Neutral,0
265,আওয়ামীলীগ বঙ্গবন্ধুকে পণ্য বানিয়ে ফেলেছে। ,Hateful,1
266,খা খা খা আমায় চুষে চুষে খা আমায় গিলে খা।,Hateful,1
267,"বাংলাদেশের একমাত্র সিরিয়াল কিলার মেজর জিয়া, ৪১৮৬ জন সামরিক কর্মকর্তাকে হত্যা করে মেজর জিয়া। ",Hateful,1
268,"শীতকালীন ছিনতাই, যা কিছু আছে দিয় দে নইলে পানি দিয়া ভিজাইয়া দিমু কিন্তু। ",Neutral,0
269,আরিফ ভাইয়ের দুধের মালাই। কিছুই বুঝলাম না। ,Neutral,0
270,একাউন্টিং পইড়া কি শিখলি বাবা? অহন আমি স্কেল ছাড়াই মার্জিন দেবার পারি।,Neutral,0
271,জাতীয় পতাকাকে পবিত্র জায়নামায বানিয়ে মান বাড়িয়েছেন? নাকি জাতীয় পতাকাকে কুত্তার গায়ে জড়িয়ে মান বড়িয়েছেন। ,Hateful,1
272,"নৌকা ভর্তি গুমের লাশ, কোন সাহসে ভোট চাস! ",Hateful,1
273,মেয়েদের ব্যাগ বিয়ের আগে  ও  বিয়ের পরে। ,Neutral,0
274,আমি নিজেও বিয়ে করব না আর আমার সন্তানদেরও বিয়ে করতে দেব না। ,Neutral,0
275,কখনো এই চিন্তা মাথায় স্থান দিবা না।,Hateful,1
276,"দোস্ত গায়ে হলুদের পরের দিন আমার বিয়ে দাওয়াত রইল, গায়ে হলুদ কোনদিন? বিয়ের আগের দিন। ",Neutral,0
277,পড়ালেখা পুটকি দিয়ে ঢুকিয়ে দেবো।,Hateful,1
278,"শিবির রগ কাটে আর ছাত্রলীগ মাথা কাটে, পুলিশ সেই মাথা খুঁজে বেড়ায়। ",Hateful,1
279,বউ হারালে বউ পাওয়া যায় কিন্তু ছেলেকে বাজার করতে দিলে বেঁচে থাকা টাকা কখনো ফিরে পাওয়া যায় না কাকু |,Neutral,0
280,"১ম বার ফেল করার পর, ২য় বার ফেল করার পর, ৩য় বার ফেল করার পর, এরপর যখনই ফেল করি। ",Neutral,0
281,"বন্ধু যখন তার কাকু কে বলে, তাতে আমার কোনো বাল্ডাও ছেরা যাবে না। ",Hateful,1
282,"বিজেপি কে শূণ্য করে দিবো, প্রতিষ্ঠা দিবসে হুকার তৃণমূল নেতার। ",Hateful,1
283,"‘সুখী মানুষ’ পড়ার পর মেয়েটিকে বুঝাচ্ছি, সূখী হতে হলে জামা না পরার গুরুত্ব। ",Neutral,0
284,আগে যেতে চাইলে উড়ে যান। সাইড দেয়ার কোন সুযোগ নাই। ,Neutral,0
285,থলের বিড়াল বেরিয়ে আসা শুরু করলেই হায়নারা ক্রসফায়ার নাটক শুরু করে। ,Hateful,1
286,স্পীড কমিয়ে জোরে জোরে মারো জান। চুদতে চুদতে পাগল করে দাও। ,Hateful,1
287,"করোনা বিবাহ, সব ঠিক আছে কিন্তু ফুলসজ্জাটা কিভাবে হবে শুনি? ",Neutral,0
288,"এই তুমি দাড়ি রাখো না কেন? দাড়ি রাখলে বয়স বেশি লাগে। তাইলে দাতগুলাও ফেলে দাও, দুধের বাচ্চা লাগবে। ",Neutral,0
289,দিহানের সব কুকীর্তি ফাস করলো আনুশকার বান্ধবী ও শিক্ষক। ,Hateful,1
290,"ফেইক আইডি দিয়া এক্সের সাথে কথা না কইলে জানতেই পারতাম না যে, আমি দুই বছর আগে এক্সিডেন্ট এ মারা গেছি। ",Neutral,0
291,গৃহবধু খুনের অভিযোগ উঠল শ^শুরবাড়ীর সদস্যদের বিরুদ্ধে। ,Hateful,1
292,সে কোথায়? যার জন্য আমি সিঙ্গেল। ,Neutral,0
293,"ক্লাশে প্রেজেন্ট দিয়ে বন্ধু যখন বসতে যায়, তখন পিছন থেকে আমি কলম খাড়া করে রাখলে যা হয়। ",Neutral,0
294,অবৈধ প্রধান মন্ত্রীর অসভ্য ভাষা। এর আর কি বলব এর তো আর কিছু বলা নাই। ,Hateful,1
295,যাওয়া ঠিক হবে না। মাইরধর করতে পারে।,Hateful,1
296,"শিকলের পরা মালা, গান গেয়ে তাক লাগিয়ে দিলেন তাহেরি হুজুর। ",Neutral,0
297,তিনদফা মাইর খাওয়ার পর আমি । ,Neutral,0
298,হঠাৎ কোনো বন্ধু যখন মেসেজ দিয়ে জিজ্ঞেস করে বিকাশে টাকা আছে?,Neutral,0
299,আমাদের প্রিয় ভূমি এভাবে খন্ডিত না দেখতে চাইলে এখনই সময় রুখে দাঁড়াবার। ,Hateful,1
300,"প্রতি মা, যা চায়। তা সব সময় হয় না। ",Neutral,0
301,"ঘটক: তোমার জিপিএ কত? পাত্র: তু খিচ মেরি ফটো, ম্যায় জে এস সি পাশ অটো। ",Hateful,1
302,"মেনশন করুন তাকে, যাকে আপনি পাবনা মানসিক হাসপাতালে ভর্তি করাতে চান। ",Neutral,0
303,"বিড়াল দুধের উপর বসা দেখে আমার ইচ্ছা, এইবার মরলে শালা বিড়াল হবো। ",Hateful,1
304,"মেয়েরা যেরকম ছেলেদের  সাথে প্রেম করে, তারপর যেরকম ছেলেকে বিয়ে করে। ",Neutral,0
305,ভাঙ্গড় চন্ডিপুরের বুকে প্রমাণ করে দিল দেড় লাখ মানুষের সামাগম করে। ,Hateful,1
306,"সবারই স্কুল জীবনে একদিন প্রেম আসে, আমারও এসেছিল,  কিন্তু দুঃখের বিষয়, সেদিন আমি স্কুলে যাইনি। ",Neutral,0
307,এই শালা তোর বন্ধু কই?   তোর বন্ধুরে আমার সামনে ডেকে আন। ,Hateful,1
308,বলদ পিটিয়ে সোজা করার কোন রেকর্ড থাকলে এসব বলদদের পিটিয়ে সোজা করার টেহুার দেয়া লাগতো সরকারীভাবে।,Hateful,1
309,মেয়েরা হাসলে টোল পরুক বা না পরুক কিন্তু ঘুমানোর সময় লুল ঠিকই পরে। ,Neutral,0
310,তুই একটা বাটপার।  মাইয়া মানুষ দেখলে হুশ থাকে না? ,Hateful,1
311,কেউ একটু বলবে? আমি কত % শয়তান? ,Neutral,0
312,"তোর কপালে জুতার বারি, হারামি।",Hateful,1
313,আনুশকাকে কোকের সাথে অচেতন করার ওষুধ দেয় দিহান। ,Hateful,1
314,"গার্লফ্রেন্ড কে কিছু দিতে চাইলে লিপিস্টিক গিফট করুন,  কারণ ওটা অন্তত ৫০% ফেরত পাওয়া যাবে। ",Neutral,0
315,মানব জীবনে এমন কিছু ডিপ্রেশন রয়েছে যা ¯্রষ্টা ছাড়া কারো কাছে শেয়ার করা যায় না। ,Neutral,0
316,"ইরফান সেলিম বরখাস্ত, তাকে গ্রেফতার করে জেলহাজতে প্রেরন করা হয়েছে। ",Hateful,1
317,চিত্রাঙ্কন আমার ভালোবাসা। তাইতো প্রতিদিন চিত্রাঙ্কন করা উচিত। ,Neutral,0
318,আওয়ামীলীগের শাসনামলে সংঘবদ্ধ ধর্ষণ বেড়েছে ছয়গুণ। ,Hateful,1
319,ওরা আমার মুখের কথায় ট্যাক্স বসাতে চায়। ,Hateful,1
320,"মেকাপ করা মেয়েদের দিকে দুবার তাকাতে হয়। একবার মুখের দিকে, আর একবার পায়ের দিকে। ",Neutral,0
321,"তুই যদি আমার হইতি, আমি হইতাম তোর। না বানাইতাম যদ্ধাপরাধী, না বানাইতাম চোর।",Hateful,1
322,রাতের বেলায় বাথরুম থেকে বেরিয়ে লাইট অফ করার পর। ,Neutral,0
323,গুয়ের সন্দেশ প্রতি কেজি ৪৫০ টাকা।,Hateful,1
324,"পলাশীর যুদ্ধ শেষে মীরজাফর, আপনার সাথে একটু বেইমানি করছি, কিছু মনে কইরেন না।",Hateful,1
325,"বলতে হবে না, পার্ট-২ আসবে, শুধু অপেক্ষা করুন। ",Neutral,0
326,কেরলে প্রকৃতির প্রতিশোধ এমনই মারাত্মক। ,Hateful,1
327,"আমরা যে জায়গায় ঢুকি, ওইটাই ছারখার কইরা দেই।",Hateful,1
328,আপনাদের ভালো লাগলে এর ২য় পর্ব বের করার জন্য বসে থাকা আমি । ,Neutral,0
329,"আজ নিজেকে আয়নায় দেখলাম, তারপর মনে হল, হ্যাঁ পৃথিবীতে এখনো নিস্পাপ লোক বেঁচে আছে। ",Neutral,0
330,আত্মগোপনে যুবলীগ-ছাত্রলীগ। শালা কুত্তালীগের জন্য কিছূ করার নাই। ,Hateful,1
331,"ভারতীয় অফিসারের রহস্যময় মৃত্যু , ধৃত স্ত্রী। ",Hateful,1
332,"তোমার মুখে দাঁড়ি তোমাকে পুলিশে ধরবে, আর তোমার মুখে দাড়ি নাই তোমাকে আল্লাহ ধরবে। ",Hateful,1
333,"পাত্র চাই উচ্চতা ৫.৬ ইঞ্চি বেকার হলেও চলবে চাকরি, আব্বাই দিব। ",Neutral,0
334,দেশকে দুর্নীতিতে চ্যাম্পিয়ন করে কালো টাকার পাহাড় গড়েছেন তারেক।,Hateful,1
335,"তেমন কিছু না, এই পাঁচশত টাকার চুরির ব্যাপারটা চাচাতো ভাইয়ের ঘাড়ে চাপিয়ে দেয়ার প্লান করলাম। ",Neutral,0
336,পোশাকের উপরই কারো চরিত্র নির্ভর করে না। ,Neutral,0
337,"জন্মদিনে মেয়েরা, হ্যাপি বার্থডে দোস্ত, কি খাওযাবি বল। এখন টাকা নাই কয়েক দিন পরে ট্রিট দিব। ",Neutral,0
338,ক্লাসে সুন্দরি ম্যাডামের আগমন ঘটলে লুচ্চা ছাত্রদের অবস্থা। ,Hateful,1
339,যাদের কথা ও কাজের মিল নেই তারা আল্লাহর নিকট ঘৃনিত। ,Hateful,1
340,ভাই ভাবীকে নিয়ে আসেন নি? না স্যার! ও প্রেগন্যান্ট। ,Neutral,0
341,মেয়েদের সেক্স উঠলে কিভাবে বুঝবেন? ৫ টি গোপন কথা জেনে নিন। ,Hateful,1
342,"দুধে-ব্রা পরে সাজুর নতুন চমক, সাজুকে হিজরা মাদারচোদদের মতো মনে হয়। ",Hateful,1
343,"গন্ধে আমার বমি আসতাছে, কি সুগন্ধি লাগাইছো রে ভাই? ",Neutral,0
344,"হিমুর প্রতি রুপার ভালোবাসা দেখার পর আমি মনে মনে, ওমাগো টুরু লাভ। ",Neutral,0
345,"তাড়াহুড়ো করে গরম চা মুখে দেয়ার পর, আমি আর পারছি না, আমার সব জ¦লছে। ",Neutral,0
346,"এইচ এস সি পরীক্ষার রেজাল্ট দেয়ার পর মিষ্টি ব্যবসায়ী,পরীক্ষার্থী ও শিক্ষা মন্ত্রনালয়ের অবস্থা। ",Neutral,0
347,অহংকার সবসময় নিজেরই বোঝার কারণ হয়ে দাড়ায়। ,Neutral,0
348,ভেবেছিলাম কম্বল এর সাথে ব্রেকআপ করে ফ্যান এর সাথে রিলেশন করবো কিন্তু এখন দেখি ছাতা আমাকে প্রোপোজ করছে। ,Neutral,0
349,ভাবলাম ফ্রেন্ডদের কথা শুনে ঐ মেয়েকে স্যরি বলে একটু ভাব করে আসি। ,Neutral,0
350,আজকে আমি পড়াব কি জানো? বাংলা সিনেমার ইতিকথা। ,Neutral,0
351,খাল কেটে কুমির আনা বিয়ে।  কুমিরের সাথে সেলফি। ,Neutral,0
352,হয় ফোন ঘাটা বন্ধ কর নয় বাড়ি থেকে বেরিয়ে যা। ,Neutral,0
353,সাহস আছে এগুলোতে উঠবার ? হার্ট দুর্বল না তো?,Hateful,1
354,সুতিয়ে লাল করে দেব। পাচা গরম করে দেব। ,Hateful,1
355,বাংলাদেশের কিছু বিখ্যাত মেধাবী ব্যক্তি। ,Neutral,0
356,"বললাম তো ঘটনা ভাইরাল হইলে আইসেন, মামলা নেবনে। ",Hateful,1
357,চাঁপাইনবাবগঞ্জে একটি ট্রলি খাদে পড়ে ৯ জন লোক নিহতের ঘঁনায় গভীর শোক প্রকাশ। ,Hateful,1
358,যন্ত্রপতি রেডী কর। আমি তোর যন্ত্রপাতি দেখতে চাই তারা তারি রেডি কর। ,Hateful,1
359,হাই! ভুলে গেলে নাকি আমাকে? ,Neutral,0
360,অসম্ভবকে সম্ভব করাই অনন্তর কাজ। ,Neutral,0
361,আজ ডাকসু অফিসে নুরদের উপর হামলাকারী ইস্কন সদস্য সনজিত চন্দ্র দাস ঢাকা বিশ^বিদ্যালয় শাখা ছাত্রলীগের সভাপতি। ,Hateful,1
362,"আমি তোর চেইন চাইনা মাগী, পেঁয়াজ দে মাগী। ",Hateful,1
363,১০ হাজার টাকার জন্য পুলিশের হাতে খুন আমাদের নিরাপত্তা কোথায়? ,Hateful,1
364,"একদিন আমি বাসের হেল্পার হবো, তোমার বাসার পাশ দিয়ে যাওয়ার সময় চিল্লাইয়া বলবো, ওস্তাদ সাবধান, ডাইনে বেঈমান। ",Hateful,1
365,"নিজেকে টিভিতে দেখতে চাও ? দুটো স্টেপ ফলো করো সবাই। স্টেপ ১- প্রথম টিভিটা বন্ধ করে দাও,স্টেপ ২ - এবার টিভির সামনে দাড়িয়ে পড়ো । ",Neutral,0
366,"রিমান্ডের মাইরে নিজের মুখে দিহান কি সব বলছে দেখুন, আনুশকার লাশ কোথায় গেলো? ",Hateful,1
367,পিলখানা হত্যাকান্ডে কিছু সাধারণ প্রশ্ন? যে প্রশ্নগুলোর জবাব মেলেনি আজও। ,Hateful,1
368,রিকশায় চেপে ঢাকনা দিয়ে খারাপ কাজ করা হারাম। ,Hateful,1
369,এটা কার জামাই হতে পারে? হুদাই মেনশন করে চ্যাতাইয়া দেন। ,Neutral,0
370,"গাড়িতে সিসি ক্যমেরা লাগানো আছে, টোনাটুনি সাবধান। ",Neutral,0
371,রাতে হালকা শীত লাগলে আমি যেভাবে কাথা টেনে নিয়ে গায় দেই। ,Neutral,0
372,বুঝতে পারলে খুঁজতে চাইবে। না বুঝতে পারলে কিছু ই না। ,Neutral,0
373,"তান্ত্রিক বামা চরণ বন কবিরাজ, অসম্ভবকে সম্ভব করাই তার কাজ। ",Neutral,0
374,কাশ্মীর সীমান্তে শতাধিক ট্যাংক পাঠাচ্ছে পাকিস্তান। ,Hateful,1
375,"গয়েশ^রকে দেখতে নয়াপল্টনে বিদ্যুৎ প্রতিমন্ত্রী, এ যেনো সর্প হইয়া দংশন করো ওঁঝা হইয়া ঝাড়ো অবস্থা। ",Hateful,1
376,"একদিন কুদ্দুস এসে যখন আমাকে বলল, ভাই, দেখতাছি আপনে খুব টেনশনে আছেন।",Neutral,0
377,"ঐতিহাসিক পলাশী দিবসে নব্য ঘসেটি বেগম, মীর জাফর ও রায় দুর্লভদের  মনে পরে। ",Hateful,1
378,"ফ্রেন্ড তো অনেক থাকে কিন্তু, কলিজার টুকরা অনেক কম থাকে। ",Neutral,0
379,আমার বুকে কি যে কষ্ট।  আমি এখন আমি কি করমু? ,Hateful,1
380,এক মাস পর বন্ধুর গার্লফ্রেন্ড|,Neutral,0
381,যাদের দোয়া ও শিক্ষায় আমাদের চলার পথ আল্লাহর পথে পরিণত হয় তাদের রক্তে রঞ্জিত করছে শেখ হাসিনার আওয়ামীলীগ।,Hateful,1
382,২০০৬ সালের ২৮ অক্টোবর লাশের উপর নৃত্যকারী নরপশু বাপ্যাদিত্য বসুর ফাঁসি চাই। ,Hateful,1
383,জোড় করে চাঁদা তুলে জুয়া খেলতেন এসআই আকবর ও জুয়াড়ি শাহিন। ,Hateful,1
384,"ধ্বংস তাদের জন্য, যারা প্রকাশ্যে ও গোপনে অপরের দোষ বলে বেড়ায়। ",Hateful,1
385,"জ¦লছে দিল্লি, বাঙালি সাংবাদিকের প্যান্ট খুলতে ধর্ম যাচাই। ",Hateful,1
386,মোদি সরকারকে চোর বলে গালি দিয়ে চ্যালেঞ্জ করেছে ভারতীয় কিষান ইন্ডিয়ানের সভাপতি। ,Hateful,1
387,"আম্মা, ছ্যাকা খাইছিৃ কি করুম এখন? এখন ডিমের সাদা অংশে পুদিনা পাতা দিয়ে নেরে নিতে হবে। ",Neutral,0
388,লাইভে এসে হুংকার দিয়ে ছেলে-মেয়েদের পাক বানানোর ওস্তাদ ইনি। ,Hateful,1
389,"ঐ শালার ঘরের শালা, কম্পিটিশন লাগাইতে চাস তুই? ",Hateful,1
390,ভারতে মুসলমান খেদাও আন্দোলনের নামে প্রচার করা হচ্ছে মুসলিম বিদ্বেষী পোস্টার-লিফলেট।,Hateful,1
391,সেটা ছিলো খুব বড় এক বিপদের সময়। ,Neutral,0
392,মৃত্যুপুরী যুক্তরাষ্ট্র ২৪ ঘন্টর রেকর্ড ১৯৭০ জনের প্রাণহানি। ,Hateful,1
393,"৫ মে রোববার, মধ্যরাতে গুলিবিদ্ধ অবস্থায় পড়ে আছে দুই হেফাজত কর্মী। ",Hateful,1
394,একদম লেটেস্ট মাল।  কে কে এই মাল কে খাইয়া ছাইড়া দিতে পারবেন? ,Hateful,1
395,যশোরে আওয়ামীলীগ নেতার চাপে দেড় শতাধিক হিন্দু পরিবারের দেশত্যাগ। ,Hateful,1
396,"গুরুপের সবাই লাইনে দাড়ান, ঈদ বোনাস দিমু। ",Neutral,0
397,"সরি বাবু বাল কাটার সময় পাই নাই, তখন ফাক বয়, ব্যাপার না বাবু চিল। ",Hateful,1
398,আমার অবস্থা দেখে আমার বন্ধুরা। ,Neutral,0
399,বাংলাদেশে একটি গোপন হামলায় খৃষ্টধর্ম গ্রহনকারী এবং খৃস্টধর্মের প্রচারকারী এক মুরতাদকে হত্যা। ,Hateful,1
400,অমনোযোগী ছাত্র/ছাত্রীদের জন্য ব্যথা মুক্তভাবে মুসলমানি করানো হয়। ,Neutral,0
401,"জানলার পাশে শব্দ হওয়ায় আমি, এই কেরে ? ",Neutral,0
402,যখন হটাৎ রাস্তায় বেস্টফ্রেন্ড এর সাথে দেখা হয়। ,Neutral,0
403,লেডি কিলার রোমিও। পাক্কা প্লে বয় রোমিও। ,Neutral,0
404,আমি তোমার কলা কাপিয়ে দেব। ,Hateful,1
405,"মেহেদী নামের ছেলেগুলা, হাজারো মেয়ের জীবন নিয়ে খেলা করে।",Neutral,0
406,ভারত কে সব দিয়ে এলেও আমি কিন্তু খালি হাতে ফিরিনি। এনেছি এই দোনের আশ^াস। ,Hateful,1
407,"জীবনে তো চুরি বাটপারী করে কম ম্যাচ জিতলি না সেগুলি কি করলি? মাম নম ওয়াস্তে একটা ম্যাচ ভিক্ষা দেন,বিড়ি খামু। ",Hateful,1
408,চারবার আমাকে হত্যার চেষ্টা করা হয়েছে। ,Hateful,1
409,"আমি আর আমার বন্ধু যখন বলি হালায় এক নম্বর কুত্তা, তখন পাশ থেকে হেটে যাওয়া লোক। ",Neutral,0
410,"পরীক্ষা দিয়ে বেরোনো ছাত্র আর অপারেশন করে বেরোনো ডাক্তার দুজনের বক্তবই এক, ভালো হয়েছে তবে এখন কিছু বলা যাচ্ছে না। ",Neutral,0
411,"আচ্ছা, লাইফের সব সমস্যা ঐ ২০ জন কে মেসেজ ফরোয়ার্ড ন করার কারনেই হচ্ছে না তো। ",Neutral,0
412,"যখন দেখবে কলকাতার দাদারা আমার প্রশংসা করছে, তখনই বুঝবে যে আমি আমার দেশের বিরুদ্ধে কাজ করছি। ",Hateful,1
413,বাবা বলোতো বেনানা শব্দের অর্থ কি? যার কোন নানা নাই তাকেই বেনানা বলে। ,Neutral,0
414,জাপান আমাদের থেকে কেন এতো বেশি উন্নত? ,Neutral,0
415,"মাসের প্রথম এত্তগুলা বড়লোক মনে হয়, রাজকীয়ভাবে জীবনযাপন করি। কিন্তু মাসের শেষে মনে হয়, ২ টা কিডনী থাকা কি খুব জরুরী?",Neutral,0
416,বাসায় এসে মা যখন আমাকে আদর করে ঘরে ঢুকায়|,Neutral,0
417,চাঁদাবাজ আকবরের পদে এসআই জুয়াড়ি শাহিন পরে বদলি। ,Hateful,1
418,"এই শীতে জামাই চাই, জামাই চাই। ",Neutral,0
419,বাসায় এসে ভাবতে থাকি কেমনে ঐ মেয়েরে আমার প্রেমে ফেলানো যায়। ,Neutral,0
420,ওদিকে পাকিস্তান হামলা করছে আর তোরা এখানে হিন্দু মুসলমান নিয়ে লাড়াই করছিস। ভুলে যাসনা আমরা সবাই ভারতীয় আমাদের শত্রু পাকিস্তান। ,Hateful,1
421,বাংলাদেশি ও রোহিঙ্গাদের গুলি করা উচিৎ। ,Hateful,1
422,এই মেয়ের সাহস দেখলে অবাক হয়ে যাবেন। ,Hateful,1
423,"যখন আব্বু বলে, যা আগামী এক সপ্তাহের ভিতর তোর বিয়ে দিবো। তখন আমি,  কি যে বলেন আব্বু?",Neutral,0
424,"হেসে যা পাগলা। হেসে যা , হেসে যা ",Neutral,0
425,"প্রেম করবে গোপনে আর কষ্ট প্রকাশ করবে সবার সামনে। সুটিয়ে লাল করে দেবো, নোংরামি বার করে দেবো। ",Hateful,1
426,"এতক্ষণ আল্লারে গাঞ্জা খাওয়াইতাছিলেন, এখন দেখি তারে দিয়া পু মারাইতাছেন। ",Hateful,1
427,"চুদে চাটনি, বেকার খাটনি। ",Hateful,1
428,"বাড়িতে বসে থাকতে থাকতে , কলা যখন শিল্প কলা হয়ে যাবে ধরতে পারবেন না। ",Neutral,0
429,"যখন শুনি গ্রামের চাচাতো ভাই আমাদের এখানে চাকরীর সন্ধানে এসছে, তখন আমি। ",Neutral,0
430,পাড়ার ক্রিকেটে ছয় মেরে বল হারিয়ে ফেলার পর যখন নতুন বল কিনে দিতে হয়। ,Neutral,0
431,মনে হয় পায়খানায় বসে ছবি তুলছে। দেখে তো তেমনই মনে হয়। ,Neutral,0
432,"তোমায় নিয়ে কেমনে বাধিব ঘর, ১০০ টাকা রিচার্জে ২৭ টাকা কর। ",Neutral,0
433,পিরিতের রসে তোরে ভিজাইয়া দিমু।    ,Hateful,1
434,"মাহফিলে পুলিশের বাধা, দাঁত ভাঙ্গা জবাব দিলেন আমির হামজা। ",Hateful,1
435,"দুজন মিলে নবীজীর দেশে আসছি, কারণ আমি ওর ট্যাগ লিস্টেও প্রথমে ছিলাম। ",Neutral,0
436,নৌকার প্রার্থীর কাছে কাবু বিএনপির সাবু। ,Neutral,0
437,কল্যান পার্টির সরকার পতনের দোয়া। ,Hateful,1
438,ভিক্ষুদের বর্বরতা মাত্র ছাড়িয়ে গেছে। ,Hateful,1
439,"একটা বিবাহিত মেয়ের পিছনে এত পাগল হয়েছি দেকার পর, আমার চাচাত ভাই। ",Neutral,0
440,"মাস্ক পড়ার সবচেয়ে বড় সুবিধা হল, এটা  আমার বিশ্রী মুখ ঢাকতে সাহায্য করে|",Neutral,0
441,মিমের সাথে আমার রিলেশন চলাকালীন মিমের জন্য পাগল হ্যান্ডসাম ছেলেটা। ,Neutral,0
442,ইউএনওর উপস্থিতি টের পেয়ে বাসর ঘর রেখে পালালো নবদম্পত্তি। ,Neutral,0
443,"জিয়া জিয়ারে জিয়ারে, চুপ থাকো বেয়াদব কোথাকার। ",Hateful,1
444,ইশ! আবার ইংরেজী মারাও ?  ওয়ান টু তে খালাস কইরা দিমু।,Hateful,1
445,"না চাইতেও ছেলে বন্ধুর সাথে বাসর রাত কাটাচ্ছি, কারণ আমি বন্ধুর ট্যাগ লিস্টের ৩য় ব্যাক্তি । ",Hateful,1
446,তুই আমারে চ্যালেঞ্জ করতাছোস?   তোরে আমি কিন্তু দেখাইয়া দিমু। ,Hateful,1
447,"আমি নরেন্দ্র মোদি, কাজ করছি চায়না-মাল নিয়ে। ",Neutral,0
448,"কি এক বিপদে পড়লাম, কোনো কিছু নড়লেই মনে হয় ভুমিকম্প হইতেছে। ",Neutral,0
449,"লেগেছে রে লেগেছে রক্তের আগুন লেগেছে। ম্যাক্রোর গালে গালে, জুতা মারো তালে তালে। ",Hateful,1
450,তুই শালা জাতীয় বেইমান।  তোরে আমি বিশ^াস কইরা ভুল করছি। ,Hateful,1
451,বাবরি মসজিদ ধ্বংসের ২৬ বছর পুর্তি। ,Hateful,1
452,"বাইরে বৃষ্টি হচ্ছে, বউ বলে, বুঝছি আজকে আমার খবর আছে। ",Neutral,0
453,"এই,আমার জুতাটা সুন্দর হইসে না? বসুন্ধরা সিটি থেকে কিনেছি। ",Neutral,0
454,কেউ যখন এসএসসি কে সসচ বলে। ,Neutral,0
455,"রানু পাগলীর গান এর আওয়াজ সবার কানে পৌছায়, কাস্মীরের মুসলমানদের আওয়াজ কানে পৌছায় না। ",Hateful,1
456,"দাদা, আমার ছেলে জয়ের হাজার কোটি টাকা লুটের খবরতো দেশবাসীর মুখে মুখে, নিজামীর ফাঁসী দ্রুত কাযকর করেন। দেশব্যাপী খালেদা জিয়ার নামে মানহানি মামলা করুন। ",Hateful,1
457,আমৃত্যু কারাদন্ডাদেশ প্রাপ্ত রাজাকার সাঈদীর মুক্তি নয় ফাঁসি কার্যকর দেখতে চায় দেশব্যাপী। ,Hateful,1
458,আমরা গরিব হইতে পারি কিন্তু ফকির মিসকিন না।,Hateful,1
459,"কুলাঙ্গার লতিফ সিদ্দিকী হজ ও প্রিয়নবীকে কটাক্ষ করল, তরিকত ফেডারেশন ও জশনে জলুসের আশেকে রাসুল (সঃ) গেল কোথায়? ",Hateful,1
460,"মৃত্যুর আগে খাটে বসে যে ৩ টি কথা বলেছিলো আনুশকা, আমার পিছনে দিও না। ",Hateful,1
461,আঃলীগের দেয়া তথ্যের ভিত্তিতে তারাই সবচেয়ে বড় যুদ্ধাপরাধী রাজাকারের দল। ,Hateful,1
462,আপনি জাহান্নামে যেতে পারেন। এই তুই কী বললি? সাহস থাকলে আবার বল। ,Hateful,1
463,"পরকিয়ার অভিয়োগে স্ত্রীকে গলা কেটে হত্যা, তবুও বন্ধ করা হবে না ভারতের চ্যানেল।",Hateful,1
464,আওয়ামী ধর্ষক মিডনাইট এমপি নাজিম উদ্দিন আহমেদের কান্ড।,Hateful,1
465,"জামাই শাশুড়ির বিয়ের আসল কারন, সত্য ঘটনা ফাস। ",Hateful,1
466,"মাঝে মাঝে নিজেকে আয়নায় দেখে আমি অবাক হই, এই যুগে এখনো একজন ভালো মানুষ আছে। ",Neutral,0
467,যে নিজে চলতে সক্ষম নয় সে কিভাবে অন্যকে খুন করে? পুলিশের অত্যাচারেই আমার সন্তান মারা গেছে। ,Hateful,1
468,"কোয়েল মল্লিকের সেক্স ভিডিও ফাস, বাচ্চারা দেখবেন না। ",Hateful,1
469,"আজকে জুম্মার দিন বলে একটা পিক তুল্লাম ফেসবুক এ  জুম্মা মোবারক লিখে আপলোড দিব বলে।, ",Neutral,0
470,রানু মন্ডল নিজেকে শেষ করে দিলেন। ,Hateful,1
471,"স্যারের কাছে প্রাইভেট পড়া পোলাপান ফেল করার পর, তুই শালা জাতীয় বেইমান।",Hateful,1
472,"বাইরে থেকে এসে দেখি খাটে বউ নাই, অনেক খোঁজাখুঁজির পর মনে হইল দূর বিয়াই তো করি নাই। ",Neutral,0
473,শিয়া মতবাদ হলো মূলতঃ ইহুদী মতবাদের দ্বিতীয় সংস্করন। ,Hateful,1
474,"কি সাংঘাতিক মেয়েরে বাবা, পাশে বসে ঘাড়ে হাত দিতে বলে। ",Hateful,1
475,এই শহরে আমার মতো ক্রিমিনাল আর একটাও নাই।,Hateful,1
476,সবগুলোকে আজকে ভবের পিডান পিডামু। ,Hateful,1
477,দুর্নীতিবাজ পুলিশ দিয়ে অভিযানের নামে সাধারণ মানুষকেই হয়রানি করা হবে। ,Hateful,1
478,"যখন কেউ বলে, নিজের খেয়াল রেখো। ",Neutral,0
479,ধর্মভিত্তিক রাজনীতি নিষিদ্ধ ঢাকা বিশ^বিদ্যালয়ে। ,Hateful,1
480,যখন মাস্ক পরে শিশ বাজানোর পর দেখি পাশের এক মহিলা আরেকজনকে গালি দিচ্ছে।,Neutral,0
481,বিয়ে করা আর মোবাইল কেনার পর একটাই আফসোস হয় ইসস! আর কিছুদিন অপেক্ষা করলে আরো ভালো মডেল পাইতে পারতাম। ,Neutral,0
482,"আজ থেকেই ছেঁড়া জুতা সংগ্রহ করুন, ১৪ ফেব্রুয়ারি তে কোন নাস্তিককে প্রকাশ্য চুমু খেতে দেখলে ছুড়ে মারুন। ",Hateful,1
483,পয়লা বৈশাখের কথিত মঙ্গল শোভাযাত্রা আর হিন্দু সম্প্রদায়ের রথযাত্রার মধ্যে পার্থক্য কোথায়? ,Hateful,1
484,দুর! মিয়া বোতলের সাইজ এত ছোট কে? স্যার আমি তো আপনার আর আপনার মেয়ের কাছ থেকে শিখতাছি। ,Hateful,1
485,"প্রিয় আত্মীয়রা, রেজাল্ট জানতে চাওয়ার কিছু নেই ভালো হলে কর্তৃপক্ষ নিজ দায়িত্বে জানিয়ে দিবে। ",Neutral,0
486,বুকে আয় ভাই। আয় তোরে অনেকদিন পর্যন্ত খুজতেছি। ,Neutral,0
487,কেউ চার্জ দেওয়া অবস্থায় মোবাইল টিপবেন না। কারণ আপনি যখন খাবার খান তখন যদি আপনাকে কেউ গলা টিপে ধরে কেমন লাগবে? ,Neutral,0
488,প্লিজ আমার ছবি তুলবেন না। ,Neutral,0
489,"রেষ্টুরেন্টে বিকাশে বিল দেয়া বন্ধু , আমরা হইলাম অতি উচ্চ বংশ। ",Neutral,0
490,"বাংলাদেশ একটি ৫৪ হাজার বর্গমাইলের কারাগার, বাকশালীদের কারণে দেশের স্বাধীনতা বলতে কিছু নাই। ",Hateful,1
491,"পায়ের কাছে গাঁড় না মারিয়ে, এটা খা শালা। ",Hateful,1
492,ছ্যাঁকা খেয়েছেন? সেটা বড় কথা নয়। প্রেমে অংশ গ্রহণ করতে পেরেছেন এট্ইা বড় কথা। ,Neutral,0
493,"দাড়া, দুটো বাল ছিড়ে তার হাতে দেই। ",Hateful,1
494,"ওয়াসরুমে গিয়ে এত ঠান্ডা পানি দেখার পর আমি, মারছেরে হোগা। ",Hateful,1
495,ওরাই আবরারের খুনি। ওদের ফাঁসি কার্যকর করতে হবে।,Hateful,1
496,"ছবিটির মাঝে লুকিয়ে থাকা ঈমান, দুঃসাহস, ভালবাসা, ক্ষোভ আর প্রতিবাদের ভাষা বোঝার ক্ষমতা আছে কি? ",Hateful,1
497,জীবনে প্রথমবার কক্সবাজারে যাওয়ার পর বাঙালি। ,Neutral,0
498,"যে পন চায়, তাকে ভিক্ষা দিন মেয়ে নয়|",Neutral,0
499,"যখন তুমি ক্লাসে ব্যাগ থেকে পানির বোতল বের করো, ভাই আমাকেও একটু দিস। ",Neutral,0
500,"ভালোবাসাটা শাহজাহানের চেয়েও কম ছিলো না, শুধু টাকার অভাবে তাজমহল বানাতে পারি নি। ",Neutral,0
501,"অন্যের ক্ষতি করা থেকে বিরত থাকুন। অন্যের ক্ষতি করলে, নিজেরও ক্ষতি হবেই। তাই অন্যের ক্ষতি করে নিজের ক্ষতি ডেকে আনবেন না। ",Hateful,1
502,"মেয়েরা অন্যান্য সময়, মেয়েরা ফুসকা খাওয়ার সময়। ",Neutral,0
503,শান্তিতে বসে থাকা হিমু আর রুপার চরিত্র খারাপ এটা বারবার মনে করিয়ে দেয়া ভাইয়া। ,Neutral,0
504,"বাবা ছিল কম্বল চোর, আমি হলাম ভোট চোর। ",Hateful,1
505,এখনকার দিনে ৭০% মেয়েরা এভাবে সেলফি তোলে। ,Neutral,0
506,"আমি কৃষ্ণ, তুমি রাধা। চাকরি না পেলে আমি বোন, তুমি দাদা। ",Neutral,0
507,"ছাত্রলীগ, যুবলীগ, আওয়ামীলীগ একটি জঙ্গি, সন্ত্রাসী সংগঠন। এদের নিষিদ্ধ ঘোষণা করা হোক। ",Hateful,1
508,৫ বল খেলে লাস্ট বলে সিঙ্গেল নেওয়া মানুষগুলার মতো ক্রিমিনাল আর একটাও নেই।,Hateful,1
509,এইমাত্র যুবলীগের নেতাকে বেধরক পেটালো বিএনপি। ,Hateful,1
510,ঠিকঠাক মত শুয়ে পরার পর যখন মনে পরে এয়ারফোন টেবিলে। ,Neutral,0
511,"তাদের পরিকল্পনা ছিল, নিজেদের ভিডিও করে পর্ণগ্রাফিতে ছেড়ে টাকা ইনকাম। ",Hateful,1
512,যখন দেখি চাচাতো ভাই আমার সর্বনাশ করতে যেয়ে আরো উল্টা সে-ই অপমানিত হচ্ছে। ,Neutral,0
513,তুই আমারে চ্যালেঞ্জ করতাছোস?   তোরে আমি কিন্তু দেখাইয়া দিমু। ,Hateful,1
514,অবশেষে হেফাজত ইসলামের শাপলা চত্তরে হত্যার সকল প্রমানসহ গোপন তথ্য ফাঁস। ,Hateful,1
515,হুজুরদের কতা আর সহ্য করা হবে না। ,Hateful,1
516,"ভাতে মারবে ভারত, বাংলাদেশে ৫০ হাজার বেড হাসপাতাল বানাবে চীন-তুরস্ক-সৌদি। ",Hateful,1
517,যেীন জাগরনের এইডস সরকারের অবস্থা দেখুন। রাস্তার মধ্যে তেতুল লীলায় মেতে উঠেছে। ,Hateful,1
518,"এক আনুশকার মৃত্যু, হাজারো আনুশকা ভাদ্র মাসের কুকুর হয়ে গেছে। ",Hateful,1
519,"তুই আর আমি তো একই, দুইজনেই গান গাই। ",Neutral,0
520,"কোনো উপায় না দেখে বাড়িতে যখন বলি, আব্বু আমি বিয়ে করতে চাই । ",Neutral,0
521,"মন খোলো, পৃথিবী খুলে যাবে। আমি তো সব খুলে ফেলেছি, পৃথিবী খোলে না কেন? ",Hateful,1
522,"বিএনপি কর্মীদের ধরে প্রথমে পায়ে, পরে বুকে গুলি করুন। ",Hateful,1
523,ঢিল মারার সময় যখন পিওন আমাকে দেখে ফেলে। ,Neutral,0
524,"জয় বাংলা, বাংলার জয়। এটাই হলো বর্তমান বাংলাদেশের স্লোগান। ",Neutral,0
525,এই নিমকহারামীর দলকে বঙ্গবন্ধু চিনতে পারেন নি। ঠিক তেমনি আ ক ম মোজাম্মেল হককেও শেখ হাসিনা চিনতে পারেন নি। ,Hateful,1
526,"দুই স্ত্রীর কাছে ৩ দিন করে থাকবে স্বামী, আর একদিন অফ ডে। ",Neutral,0
527,"আমার সাদা মনে একটাই প্রশ্ন নারী পুরুষের তো সমান অধিকার তাহলে শাড়িতে ব্লাউজের পিস দিলে, লুঙ্গি তে জাঙ্গিয়ার পিস দেবে না কেন ? ",Neutral,0
528,গণহত্যার পুনরাবৃত্তি দেখতে নৌকায় ভোট দিন। ,Hateful,1
529,আব্বার কাছে বিয়ের কথা বলায় প্রতিবার কেলানি খাওয়ার পরেও যখন আর একবার বলতে যাই। জানি হোগায় লাথি খেতে হবে তাও একটা শেষ চেষ্টা করব। ,Hateful,1
530,"ঘৃণা ঝগড়া বাড়ায়, কিন্তু প্রেম সব অধর্ম ঢেকে দেয়। ",Hateful,1
531,"পাগলী তিন প্রকার, আইসক্রিম পাগলী, চকলেট পাগলী, ফুচকা পাগলী। ",Neutral,0
532,আওয়ামীলীগ আর ভারতের যৌথ কুট চালে দেশের মানুষের শেষ। ,Hateful,1
533,"অনলাইন ক্লাসে স্যার যখন বলে এখন পড়া ধরব, তার ০.০০৫ সেকেন্ড পর আমি। ",Neutral,0
534,প্রশ্ন দেখার পর মিডলবেঞ্চার। তার যে অবস্থা হয় সেটাই এই ছবিতে দেখতে পাচ্ছেন। ,Neutral,0
535,ইংরেজি পরীক্ষায় ৩৩ না পাওয়া ছাত্র-ছাত্রীগণ যখন ফেসবুকে ইংরেজিতে বড় বড় ক্যাপশন দেয়। ,Neutral,0
536,"লিটন ভাইয়ের দুধের আইসক্রীম, কিসের দুধ ?",Neutral,0
537,আমরা কি মুসলমান? আর কি দিয়ে প্রমান করতে হবে যে আওয়ামীলীগ ইসলামের দুশমন। ,Hateful,1
538,"বল্ট নারী সম্পর্কে কিছু বলোতো, বড়ই অদ্ভুত এই নারীকুল। ",Neutral,0
539,"জানি সব ধ্বংস হয়ে যাবে, তাও একটা শেষ চেষ্টা করবো। ",Neutral,0
540,আর কত সহ্য করবো হে বিধাতা। ,Hateful,1
541,"ভারতের সঙ্গে বন্ধুত্বকে আমরা খুব গুরুত্ব দিয়ে থাকি, গুরুত্ব না দিলে তো আওয়ামীলীগের গোয়া মারা সারা। ",Hateful,1
542,দেশের বাজারে সয়লাব ভারতীয় ভোজাল খাবার অবাধে চলছে। বাংলাদেশে এসব পণ্য নিষিদ্ধ করতে হবে। ,Hateful,1
543,আমার তো হোগা মারা শ্যাষ। আমি এখন আমি কি করমু? ,Hateful,1
544,কসাই সেনাপ্রধানের রোহিঙ্গা গণহত্যায় সমর্থন কসাই সুচির।,Hateful,1
545,"মেরে ফেললে ফেলুক, কাফনের কাপড় পরে প্রস্তুত আছি। ",Hateful,1
546,মেনশন করুন এত বুদ্ধি যার মাথায় হতে পারে। ,Neutral,0
547,হতচ্ছাড়া টা যে কোথায় গেলো?,Neutral,0
548,আজ এ পর্যন্তই তবে ভালো লাগলে রিয়েক্ট দিয়েন।,Neutral,0
549,যখন সারা দিন জীবনে নানা ধরনের বাঁশ খাবার পর টিভি ধরিয়ে দেখি থ্রি-ইডিয়ট চলতেছে। ,Neutral,0
550,কোনোদিনও ভেবেছিলে ফেসবুকে আমার মতো এতো ভালোমানুষের সঙ্গে তোমাদের পরিচয় হবে। ,Neutral,0
551,শিক্ষা মন্ত্রণালয়। এই হল তার বর্তমান অবস্থা। ,Neutral,0
552,মাছ রান্নায় করনি কেন? মাছটাকে মারতে পারলাম না। কিভাবে মারার চেষ্টা করেছিলে? কেন! পানিতে চুবিয়ে। ,Hateful,1
553,বাংলাদেশের জন্য একটা আন্তর্জাতিক মানের গণতন্ত্র বানাইলাম। ,Hateful,1
554,"তেমন কিছু না, শুক্রবারে জুম্মার পর আল্লাহর কাছে মনেপ্রাণে দোয়া করছি যাতে আমার তাড়াতাড়ি বিয়ে হয়। ",Neutral,0
555,"পানিতে যখন নেমেছি মাছ আমি ধরবোই, ভালো যখন বেসেছি বিয়ে আমি করবোই। ",Neutral,0
556,"বলতো, সানিলিওন কত বছর বয়সে প্রথম যৌন মিলন করে? ",Hateful,1
557,শ্রমিকলীগ নেতার স্ত্রীর দাপট। নেতার স্ত্রীর দাপটে টেকা দায়। ,Hateful,1
558,চুদেই মেরে ফেলবো তোমায়। পিরিতের রসে তোরে ভিজাইয়া দিমু। ,Hateful,1
559,যাদের নাম টি বা এন দিয়ে শুরু হয় তাদের এক্সের সংখ্যা প্রচুর।,Neutral,0
560,কখনো এই চিন্তা মাথায় স্থান দিবা না।,Hateful,1
561,"পরে যখন জানতে পারি এই মেয়েটি আমাদের একানে রাধুনী হয়ে কাজ করতে এসেছে, তখন আমি। ",Neutral,0
562,স্ট্যাচু অফ লিবার্টি যদি বাংলাদেশে হইতো। ,Neutral,0
563,আওয়ামীলীগের অনেক গুন তার মধ্যে অন্যতম দিনে-দুপুরে মানুষ খুন। আর কত রক্ত চাই খুনি হাসিনার? ,Hateful,1
564,বউ এর চেয়েও শালি সুন্দর হলে যা হয় আর কি। ,Neutral,0
565,"ওরে মাগী!    জোরে দে, জোরে দে। জোরে জোরে লাগা।",Hateful,1
566,"এস,এস,এফের দাত ভাঙ্গার সাহস। দেশ এভাবে চলতে পারে না। ",Hateful,1
567,"জনাব এখন বাংলাদেশে কি চলতেছে? এখন বাংলাদেশে চ্যাট লিস্টে এর ১ম, ২য় ও ৩য় ব্যাক্তির মিম চলতেছে। ",Neutral,0
568,গাজায় স্থায়ী যুদ্ধবিরতি: ইসরাইলের বিরুদ্ধে হামাসের বিজয়। ,Hateful,1
569,"কয়েক দিন ধরে কিছু খাচ্ছে না, খুব চিন্তায় পরে গেছি। ",Neutral,0
570,"ভাঙা সংসার ঠিকঠাক ভাবে জোড়া লাগিয়ে দেয়ার পর, রুপা, এই শহরে আমার মতো গৃহিনী আর একটাও নাই। ",Neutral,0
571,পড়ালেখা পুটকি দিয়ে ঢুকিয়ে দেবো।,Hateful,1
572,দোস্ত কপি কর জাস্ট একটু ঘুরায়া লিখিস। ,Neutral,0
573,পাপিয়ার অধীনে কাজ করতো ১৭ শত সুন্দরী নারী। ,Neutral,0
574,তোরে  তো দাওয়াত দেইনা মাগির পুত। ,Hateful,1
575,"ঠাকুর একটা ভালো বয়ফ্রেন্ড দাও না। তখন ঠাকুর বলে, দিয়েছিলামা সিন করে রিপ্লাই দিস নি। ",Neutral,0
576,নারদ কেন ভগবানকে অভিশাপ দিয়েছিলেন? ,Hateful,1
577,"চরম মূল্য দিতে হবে পিয়ংইয়ংকে, যদি তারা যুদ্ধ থেকে ফিরে না আসে। ",Hateful,1
578,চুমো দিয়ে নারীর গালের ইনফেকশন চেক করলেন পপুলারের ডাক্তার । ,Neutral,0
579,"ক্রসফায়ারের নামে মেধাবী ছাত্র হত্যা আর মেনে নেয়া যায়না, এ জুলুমের অবসান চাই।",Hateful,1
580,ওরে জুতা মার।  ওর কপালে জুতা মার। ,Hateful,1
581,"২ মাসে দেড় হাজার গ্রেফতার, বাসা বাড়িতে দিবানিশি তল্লাশি। ",Hateful,1
582,"দুঃখ একটাই, সোনা তো দূরের কথা কেউ টিনভাঙ্গা বলেও ডাকে না। ",Neutral,0
583,"পুত্র সন্তান এক বংশের প্রদীপ হলে, কন্যা সন্তান দুই বংশের প্রদীপ। ",Neutral,0
584,"সরকারি চাকরি আর সত্যিকারের ভালোবাসা, কখনো যোগ্য লোকেরা পায় না। ",Neutral,0
585,"আর্মিতে পরীক্ষা দিতে আসছি, পাছা দেখাতে নয় । ",Hateful,1
586,"রাতের বেলা পিছন থেকে আওয়াজ শুনতে পারি, তখন ঐ কেডা রে এইহানে? ",Neutral,0
587,কে এই মিথ্যাবাদী প্রিয়া সাহা? একে বিচারের আওতায় আনা হোক। ,Hateful,1
588,আনুশকা এবং দিহান কে ও হার মানালো এরা। ,Hateful,1
589,"ক্যাম্পাসটাকে অনেক মিস করতেছি, ভাই। ",Neutral,0
590,ঢাকা থেকে চট্টগ্রামে যাবেন মাত্র ৫৫ মিনিটে।,Neutral,0
591,ধর! মুরতাদের ফাঁসি চাই। মুরতাদটি ইসলাম বিদ্বেষ ছড়াচ্ছে। ,Hateful,1
592,"স্বৈরতন্ত্র নিপাত যাক, গণতন্ত্র মুক্তি পাক। ",Hateful,1
593,"উদ্ভিদের প্রাণ আছে বলেছিলাম,  আজ দেখছি লজ্জাও আছে।  ",Neutral,0
594,"যার এমন একটা ঢঙ্গী মেয়ে হবে, তার জন্য এই অবস্থা।",Neutral,0
595,ঘরপোড়া আগুনে আলু পুড়িয়ে খাওয়ার স্বপ্ন কখনোই সত্যি হবে না। অবৈধ ম্যাসেজ পার্লারের নারীরা ক্যাম্পাসে কেন? ,Hateful,1
596,ড্রাগ নেওয়ার পর তোমার ফিগার আর ১ বোতল জল খাওয়ার পর আমার ফিগার। ,Neutral,0
597,যৌবন দেখিয়ে কলেজ কাপানো মেয়েটি আজা মাতাল স্বামীর অবহেলার পাত্রী। ,Neutral,0
598,নেপালে ভারতীয় সব টিভি চ্যানেল বন্ধ । ,Hateful,1
599,রাস্তায় বিড়াল দেখার পর যখন আমি ম্যাও ম্যাও করা শুরু করি। ,Neutral,0
600,আনুশকার মাকে নিয়ে একি বললেন আব্বাসী? আবারও মসজিদের সামনে ডান্স। ,Hateful,1
601,"মেরে দে মামা! মেরে দে, ইনসেপ্টার ৩০ লাখ টাকা ত্রাণের ২৭ লাখই আত্মসাৎ। ",Hateful,1
602,"এখন ছোট ভাইকে মানাইতেছি, যাতে সে মাকে না বলে। ",Neutral,0
603,করোনা ভাইরাসে অনেকের সারা বছরের প্লান এভাবে সেক্স করা।,Hateful,1
604,"আল্লাহ কিন্তু অন্য কেউ নয়, আল্লাহ হলো মুহাম্মদের ফেক আইডি। ",Hateful,1
605,বৃষ্টি ভেজা স্কুলের দিনগুলো আজও মনে পরে যায়। ,Neutral,0
606,একদল হায়েনা ও এক জন বীর। দেখুন তাদের অবস্থা কেমন। ,Hateful,1
607,"মোদিজী ও ভারতকে নিয়ে বিভ্রান্তি, বিএনপি থেকে ভারত বিরোধী ও শরীক কাঠ মোল্লাদের উষ্টা মেরে বের করে দেন জনাব তারেক রহমান। ",Hateful,1
608,রাজাকারের তালিকায় রাউজানের সাংসদের বাবা। ,Hateful,1
609,"ফেসবুক চালানোর সময় যখন দেখা যায় দারাজ অ্যাপস বলে, তোর কি ব্রা লাগবে?",Hateful,1
610,সোনার মত চুষে খেয়েও মোটা না হওয়া মেয়ে ইনি। ,Hateful,1
611,হিংসুক ভক্তার কাহিনী দেখুন।  সে কিভাবে হিংসা ছড়ায় না দেখলে বিশ^াস করবেন না। ,Hateful,1
612,"ওরা কুকুরের গলায় আর আমরা বুকে, তারপরেও তার দেশপ্রেমী আর আমরা দেশবিরোধী। ",Hateful,1
613,"যখন পরিক্ষায় সবাই এক্সটা পেইজ নেওয়া শুরু করে,  কিন্তু আমার তখনো ১ম প্রশ্নের উত্তর লিখা শেষ হয়নি। ",Neutral,0
614,"আপনি পারলে আমার নামে মামলা করেন, টকশোতে তুমুল ঝসড়া। রাশেদ ও তুরিন আফরোজের। ",Hateful,1
615,সারাদিন বাসায় থেকে আম্মুর হাতের তিন বেলা রান্না খাওয়ার পর এবং সারাদিন বাহিরে  ঘরাঘুরি করে রেস্টুরেন্টের বিভিন্ন ধরনের খাবার খাওয়ার পর আমি। ,Neutral,0
616,স্ত্রীকে রেগে দুটো থাপ্পড় মারার কিছুক্ষণ পর স্বামী বললো একজন মানুষ শুধু ঐ মানুষকেই আঘাত করে যাকে সে সবচাইতে ভালোবাসে। ,Neutral,0
617,রাজাকার এখন মুক্তিযোদ্ধা। রাজাকার মুক্তিযোদ্ধা এখন একাকার। ,Hateful,1
618,"তেমন কিছু না, পাত্রীপক্ষের বাসায় পাত্রীকে দেখলাম। ",Neutral,0
619,এখানে যতœসহকারে এক্সদের চাবকে সোঁজা করে দেয়া হয়। ,Hateful,1
620,সে সব কিছু জানতে পারায় হতভম্ব হয়ে যাওয়া আমি। ,Neutral,0
621,যদি তুমি মাকে জেলে রেখে লন্ডনে লুকিয়ে থাকো তবে তুমি তারেক। ,Hateful,1
622,"তারপর যখন হঠাৎ এক সুন্দরী আমাকে বলে উঠে,  এই যে ভাইয়া শোনেন, তখন আমি, এখন আমার প্রথম কাজ হচ্ছে, মেয়েটার সামনে আলগা ভাব নেয়া। ",Neutral,0
623,"ফেলে আসা দিনগুলি, আরেকটু ঘুরিয়ে দে। ",Neutral,0
624,তোমার দিকে কেউ নজর দিলে ওর চোখ তুইলা ফালামু। তোমার নজরই তো সুবিধার লাগছেনা । ,Neutral,0
625,চাঞ্চল্যকর সেই হত্যার আসামী এসআই আকবর গ্রেফতার। ,Hateful,1
626,"এই আজতো আমাদের ১ম বিবাহ বার্ষিকী, আমরা আজ কি করব? আসো, আমরা দুই মিনিট দাড়িয়ে নিরবতা পালন করি। ",Neutral,0
627,আমরা যেন স্টুপিড জনগোষ্ঠিতে পরিণত না হই। ,Hateful,1
628,"জীবন হচ্ছে, মৃত্যুর কাছ থেকে ধার নেয়া কিছুটা সময়। ",Neutral,0
629,ঐ তুই শুধু আমার। তুই আর কারও হতে পারবি না। ,Neutral,0
630,গ্যাস বিক্রি করতে রাজী হইনি বলে ২০০১ এ ক্ষমতায় আসতে পারিনি। ,Hateful,1
631,"হত্যা হলো নির্বাচিত কমিশনার, এ কোন দেশে বসবাস করছি আমরা। ",Hateful,1
632,হোলির দিন ক্রিকেট খেলায় মুসলিম পরিবারকে বেধড়ক পিটুনি।,Hateful,1
633,"তেমন কিছু না, সাজেক নিয়ে পোস্ট দিয়ে নিজকে একটু ক্লাসিক ভাবানোর জন্য আসছি। ",Neutral,0
634,"যখন রিমোট নিয়ে ভাই বোনদের সাথে কাড়াকাড়ি করতে যেয়ে ভেঙে ফেলি, তখন আব্ব বলে, কাউকে ছাড় দেয়া হবে না। ",Hateful,1
635,"সারা বছর না পড়েও যখন শুনি বেতন দিতে হবে, আই ফাক ইওর সিস্টেম। ",Hateful,1
636,"কেউ ক্লাসে নাই, এই সুযোগে চিমটুর ব্যাগ দিয়ে বেঞ্চের ধুলাগুলো পরিস্কার করি। ",Neutral,0
637,ফুলের পাশে তোমার ঐ বালের থোবরা দেখতে ইচ্ছুক নই।,Hateful,1
638,কলকাতায় কালীপূজা উদ্বোধন করলেন সাকিব। যশোরে সেলফি তুলতে চাওয়ায় ভক্তের ফোন ছুড়ে ফেললেন। ,Hateful,1
639,"আচ্ছা বাবু, তুমি আমাকে রানী বলে ডাকো কেন?   চাকরানী অনেক লম্বা তো তাই সংক্ষেপে রানী ডাকি। ",Neutral,0
640,"আমাদের কাহিনীর মধ্যে ভুত, আমার দিকে একটু ফোকাস দিও। ",Neutral,0
641,গরীব দেশগুলো নিজের ইচ্ছামত টাকা প্রিন্ট করে নিয়ে বড়লোক হয়ে যায় না কেন? টাকা প্রিন্ট করার টাকা নেই বলে। ,Neutral,0
642,"উঠে গেলো নিষেধাজ্ঞা, ইচ্ছেমতো অস্ত্র কেনা-বেচা করতে পারবে ইরান। ",Hateful,1
643,"হ্যালো গাইজ, সবাইকে আমার ইউটিউব চ্যানেলে স্বাগতম। আজকে ভিডিওতে আমরা পরিদর্শন করব একটি পুরাতন ভূতুরে বাড়ি। ",Neutral,0
644,"কাদেরের হুশিয়ারি, সবাই যাকে বলে কাউয়া কাদের।",Hateful,1
645,"বিউটি পার্লার এক আজব যাদুর কারখানা, যেখানে জরিনা প্রবেশ করে, আর বের হয় ক্যাটরিনা হয়ে। ",Neutral,0
646,বন্ধু বিয়ের কার্ড দিয়ে গেলো তাতে লেখা আছে স্টে হোম স্টে সেফ। এখন বুঝতে পারছিনা নিমন্ত্রণ করে গেলো নাকি যেতে বারণ করলো। ,Neutral,0
647,ঢেকে রাখলেই নিরাপদ। খোলা রাখলেই অনিরাপদ। ,Neutral,0
648,দিহান আনুশকার আসল ঘটনা ফাঁস করল চরমোনাই পীর। ,Hateful,1
649,দুষ্ট নারী হহতে সাবধান। তোমাকে ধংস করে দিবে। ,Neutral,0
650,সিটি কলেজের শিক্ষক ছাত্রদের পড়তে ডাকছেন। ,Neutral,0
651,ঝালকাঠীর মেয়েরা আজকাল যা করে তা দেখলে আর সহ্য হয় না। ,Neutral,0
652,"পরে যখন আমি বলি, না ভাই, আমার কাছে কোনো লিংক হবে না তখন, তাইলে তোমারে দিয়া আমার কি বালের কাম।  ",Neutral,0
653,ধুমপানের কারণে বউ অন্যের কাছে চলে যায়। ,Hateful,1
654,স্যার কয়েক হাজার পৃষ্ঠা হোম ওয়ার্ক দেয়ার পর ক্লাসের টপারদের অবস্থা। ,Neutral,0
655,পঙ্গপালকে বলে দিও। বাংলাদেশে আসার দরকার নেই। এদেশে যা খাবার ছিলো সব বঙ্গ বাল এ খেয়ে নিয়েছে। ,Hateful,1
656,এই মালডা কার জামাই? চুপচাম ম্যানশন করুন। ,Hateful,1
657,৩ মাসের প্রেমের পর মেয়ের অবস্থা আর ৩ বছর প্রেমের পর মেয়ের অবস্থা। ,Neutral,0
658,সাইকেলের চেইন ঠিক করে ছোট ভাই কে সাহায্য করার পর। ,Neutral,0
659,জুমার রাত তখা বৃহস্পতিবার দিবাগত রাতে দোয়া কবুল হয়। ,Neutral,0
660,"একটু পর যখন জীনকে জিজ্ঞেস করি, এই ব্যাটা জীন, তুই ছেলে না মেয়ে? ",Neutral,0
661,"চলো সবাই একটা করে দুঃখের কথা বলি, আমার বউ নাই। ",Neutral,0
662,রেইনকোর্ট আপনাকে বৃষ্টি থেকে সুরক্ষা দিবে আর মুুজিবকোট আপনাকে পুলিশ থেকে সুরক্ষা দিবে।,Hateful,1
663,মুক্তিযুদ্ধের নামে লুন্ঠনকারী দুর্নীতিবাজ রগচটা বদমেজাজী আ ক ম মোজাম্মেল হককে আপনারা আবারো আওয়ামীলীগের মন্ত্রী হিসেবে দেখতে চান? ,Hateful,1
664,"ইসলামবিরোধী প্রোপাগান্ডায় লিপ্ত ভারতীয় কুখ্যাত দালাল শ্রেণী, যাদের ইচ্ছা ভারত হবে মুসলিমবিহীন রাষ্ট্র। ",Hateful,1
665,১৯ সালের পর বিএনপির অস্তিত্বই থাকবে না। ,Hateful,1
666,কি দিনকাল এলো? যেটা পকেটে থাকার কথা সেটা হাতে আর যেটা হাতে থাকার কথা সেটা পকেটে। ,Neutral,0
667,আমার রুমে ঘুমাতে এসে আমার হাতে বেদম প্রহার খাওয়ার পর আমার ছোট ভাই। ,Neutral,0
668,"ধরো আমার নাম আমি আর তোমার নাম তুমি, তাহলে পাগল টা কে? আমি না তুমি? ",Neutral,0
669,আম্মু ৩০ মিনিট ধরে মাইর দিছে আর আব্বু বেডরুম থেকে ধমক দিছে। ,Neutral,0
670,ফ্রান্সে স্কুলশিক্ষকের হিং¯্র হত্যা ও মুসলমান-বিরোধী ভয়ঙ্কর ঘৃণা অভিযান। ,Hateful,1
671,কয়েকদিন পর থেকেই সবাই ঈদের দাওয়াত দিবে কিন্তু কেউ ঠিকানা দিবে না। এ কেমন দাওয়াত। ,Neutral,0
672,মতিঝিলের ফুটপাতে চাদাবাজির চিত্র। দেশটা রসাতলে গেল। ,Hateful,1
673,"আওয়ামী হায়েনাদের নিপীড়নে আজ ক্ষত-বিক্ষত মানচিত্র, রক্তাক্ত জাতি, হুমকির মুখে সার্বভৌমত্ত্ব। ",Hateful,1
674,"রাতের বেলা এক বড় ভাইয়ের সাথে ফুল স্পিডে বাইক চালিয়ে বাসায় ফিরতেছিলাম, এমন সময়- এইযে, এইখানটায় আমি এক্সিডেন্ট করে মারা গেছিলাম। ",Neutral,0
675,"তেমন কিছু না, আমর কলেজ পড়–য়া বন্ধু ক্লাস সিক্স এর নিব্বির জন্য হাত কেটে ফেলেছে। ",Neutral,0
676,ফাঁকা বাসায় তোমরা দুজন কী করছো? আনুশকাকে ধর্ষনের পর যেভাবে ধরা পরে দিহান। ,Hateful,1
677,"স্বরাষ্ট্রমন্ত্রী একজন বড় রাজাকার, তাকে ধরে ফাঁসি দিন। তাহলে বুঝতে পারবো আপনারা সত্যিকারে রাজাকারের বিচার করছেন।",Hateful,1
678,"সুষ্ঠু ভোট,ভোলায় টেবিলের নীচে প্রিজাইডিং অফিসার। ",Hateful,1
679,কঢ়ুর লতি কালার শাড়ীর সাথে কি কালার ব্লাউজ মানাইবে আপুরা একটু হেল্প করো। ,Neutral,0
680,"তারপর একদিন হিমু ফিরে আসলে যখন দেখি রুপা সারাক্ষণ শুধু তার স্বামীর খেদমত ই করছে, তখন আমি, এ আমি কোন সত্বী নারীকে ভালোবাসলাম। ",Neutral,0
681,লগি বৈঠার তান্ডবের কথা নতুন করে কি বলব? দেখুন আপনারাই। ,Hateful,1
682,"যেখানে নাস্তিক, সেখানে জুতা মার।",Hateful,1
683,যখন কারো বাসায় দাওয়াত খেতে যাই কিন্তু তাদের কাউকে চিনি না। ,Neutral,0
684,"রাগ উঠলে মাথা ঠিক থাকে না, মাথাটা একদম গরম হইয়া যায়। ",Hateful,1
685,মাস্ক না পরলে তোরে কুইট্টালবাম। ,Hateful,1
686,"অন্যরা আমার বোনকে যেভাবে দেখে, আর আমি আমার বোনকে যেভাবে দেখি। ",Neutral,0
687,"চীন-ভারত সীমান্তে উত্তেজনা ও যুদ্ধ, একটি ভু-রাজনৈতিক পর্যালোচনা। ",Hateful,1
688,সরকারকে সরাসরি হুমকি দিলেন। কিন্তু সরকার কারো কথায় কান দিচ্ছে না। ,Hateful,1
689,ভাইয়া কোথায় পড়েন? কেন? লোগো দেইখা তো অনেক চিল্লাস এখন বলতে পারোস না? ,Neutral,0
690,মোদিকে হুশিয়ারি এরদোগানের। এবার আর রক্ষা নেই ভারতের। ,Hateful,1
691,"বন্ধুর সাথে রেস্টুরেন্টে গেছিলাম, কোন হালায় ফেস এ্যাপ দিয়ে এই আকাম টা করছে, এখন বাসায় ভূমিকম্প চলে। ",Hateful,1
692,ভাইজানের মুক্তির দাবিতে রায়দিঘী রোড অবরোধ। ,Hateful,1
693,"দিহান আনুশকার কঠিন পরিনতি, আসল দায়ী কারা? ",Hateful,1
694,"ঈদ এর বখশিসে পাওয়া ১০০ টাকার নোটকে ভেঙে ১০ টি ১০ টাকার নোট নেওয়ার পর আমি, আমি বড়লোক হয়ে গেছি আমার কাছে বেশি টাকা। ",Neutral,0
695,"তারপর বন্ধুদের বললাম, ওসব জাগায় যাওয়ার কি দরকার অযথা ভয় পাবি খালি, চল তার চেয়ে শিশু পার্কে যাই। ",Neutral,0
696,"আম্মুর সামনে যখন বন্ধুর বউয়ের প্রশংসা করি তখন আম্মু বলে, তোর কি এখন বিয়া করা লাগবে? ",Neutral,0
697,"আওয়ামীলীগের মহসিন আলীর বক্তব্য অনুযায়ী তার ২ মেয়ে খবিশ সাংবাদিক, এরা জমুনা টিভিতে কাজ করে।",Hateful,1
698,"আমরা বেকার-ই ঝগড়া করে মরি, আর ওই দিকে মেসি নেইমার একসাথে রুটি বানায়। ",Neutral,0
699,ভারত আমাদের শত্রু বুঝতে পারাই বড় অর্জন। ,Hateful,1
700,"জোরে দে, জোরে দে। জোরে জোরে লাগা।",Hateful,1
701,বিয়েতে ১ লক্ষ টাকা যৌতুকে রাজি হবার পর যখন শালী জুতা চুরি করে ৫০ হাজার টাকা আবদার করে। ,Neutral,0
702,"বড় ভাই যখন বলে, তোকে ডাস্টবিন থেকে কুড়িয়ে এনেছি, তখন আমি মনে মনে বলি, বড় হলে আমি ঠিকই আমার আসল মা-বাবাকে খুঁজে বেড় করব। ",Neutral,0
703,"যখণ পরীক্ষার্থীরা পরীক্ষায় নকল করার পরিকল্পনা করতে থাকে এবং বলে আল্লাহ ভরসা, তখন শয়তান ও পরীক্ষার্থী । ",Hateful,1
704,চাঁদাবাজ আকবরের পদে এসআই জুয়াড়ি শাহিন পরে বদলি। ,Hateful,1
705,পরীক্ষার সময় প্রশ্নের উত্তর না লিখতে পারার জন্য মোহর কে উত্তর কানে কানে বলে দিয়ে সাহায্য করছে শঙ্খ স্যার। ,Neutral,0
706,ভাই যা বলে সবকিছুর সাথে সহমত হওয়ার সংস্কৃতিকে কী বলে? এগ্রিকালচার। ,Neutral,0
707,"যখন ২৪ বছরের ছেলে হয়েও বিসিএস ক্যাডার, তখন সবাই বলে, ভিতরেও স্ট্রং, বাইরেও স্ট্রং। ",Neutral,0
708,বরিশালে থাকেন? তাহলে তো নিশ্চয়ই অনেক কিউট আর ভালো মনের মানুষ আপনি। ,Neutral,0
709,আন্টি আম্মু কি বাসার চাবি দিয়ে গেছে? ,Neutral,0
710,"এটা খাদ্য না, এটা অত্যাচার|",Neutral,0
711,আর কতো চুষবি? আউট হয়ে গেল তো।,Hateful,1
712,মানুষরূপী পুলিশের নিষ্ঠুর নির্যাতনে পঙ্গু সিলেট মহানগর শিবির নেতা সোহেল।,Hateful,1
713,"স্যার ক্লাসে যখন সস্তা জোকস বলে, তখন ক্লাসের টপার বলে, স্যার আরো বলুন। ",Neutral,0
714,সাকিব আল হাসান কলকাতায় গিয়ে কালীপূজা উদ্বোধন সম্পর্কে ইসলাম কি বলে? ,Hateful,1
715,"যাদের বিয়ে, আর যার জন্য মানুষ বিয়ে বাড়ি যায়। ",Neutral,0
716,"রতনে রতন চেনে, শুয়রে চেনে কচু।",Hateful,1
717,যেসব বুদ্ধিজীবীরা খালেদার পক্ষে কথা বলে তারা শুয়োরের বাচ্চা থেকেও খারাপ। ,Hateful,1
718,ছোটবেলায় পিতা-পুত্রের অঙ্ক করতে গিয়ে যখন পিতার চেয়ে পুত্রের বয়স বেশি হয়ে যেত। ,Neutral,0
719,"আমার  ফোনের ব্যাটারি টা প্রেগনেন্ট, তোরা সবাই একটু প্রার্থনা কর যেন একটা আইফোন হয়। ",Neutral,0
720,"জুতা দিয়ে পিটালো রানু মন্ডলকে, অহংকার করে এইবার বিপদে রানু। ",Hateful,1
721,ফেইক আইডি দিয়ে বন্ধুকে প্রেমে ফেলে যখন তা সবার সামনে খোলাসা করি । ,Neutral,0
722,"ঘোর সাম্প্রদায়িক ও উগ্র ধর্মান্ধ সংগঠন হিন্দু, বৌদ্ধ, খ্রিষ্টান ঐক্য পরিষদ বাংলাদেশে নিষিদ্ধ ঘোষনা করা হোক। ",Hateful,1
723,"জঙ্গিবাদ, সন্ত্রাসবাদ ও ধর্মব্যবসায়ের বিপক্ষে লোকদেখানো সমালোচনা করে এখন জঙ্গী তকমা ঢাকার কুট কৌশলে ব্যস্ত জঙ্গী দল হিযবুত তাওহীদ। ",Hateful,1
724,"জানিনা কবে আসবে সেইদিন ্েযইদিন কোন মেয়ে তার বান্ধবীকে, আমার ফেসবুক আইডি দিয়ে বলবে এই দেখ এটা আমার জানের আইডি। ",Neutral,0
725,তুই যুক্তরাজ্য থেকে ওদের জন্য রড পাঠা। ,Neutral,0
726,আমি ঢুকার আগেই উনি ঢুইকা দিয়া ফালাইসে। ,Hateful,1
727,সত্যি করে বল ডাইনোসর বিলুপ্ত হয়ে গেছিল নাকি তোরা খেয়ে ফেলেছিলি? ,Hateful,1
728,"নায়ক যখন অনেক গরীব, কিন্তু নাইকার বাবা অনেক ধনী। ",Neutral,0
729,"আমার বিয়ের গাড়ির ফুল কেউ ছিড়বি না, বলে দিলাম।",Hateful,1
730,"কি দিন আসলো রে ভাই, সবাই দেখি দিন দিন ফর্সা হয় আর আমি দিন দিন চকলেট কালার হইতাছি। ",Neutral,0
731,নোবিতা তোর মাল তোকে ধোঁকা দিচ্ছে। ,Hateful,1
732,"গালি দিচ্ছো, নাকি আসলেই করবা? চুদলে আইসো রাতের বেলা।",Hateful,1
733,দালাল মিডিয়ার দালালী দেখে অবাক লাগে। ,Hateful,1
734,"বৃষ্টিতে ধুয়ে গেছে রক্তের লাল, মুছেনি তো হৃদয়ের দগদগে ক্ষত।",Hateful,1
735,পালানোর পথ খুঁজছে খুনীরা। এই খুনিরাই দেশটাকে শেষ করে দিল। ,Hateful,1
736,"পুলিশ একদিনে ১৮০০ জঙ্গি ধরে, কিন্তু ৬ জন জঙ্গিকে ধরতে আর্মি প্রয়োজন হয়। ",Hateful,1
737,"রাজধানীর গেহুারিয়ায় মসজিদ নির্মাণে হিন্দুদের বাধা, এলাকায় টানটান উত্তেজনা। ",Hateful,1
738,"আরে চলবে চলবে, যা আনছো দেখাও তারাতারি। ",Neutral,0
739,"বরগুনায় রিফাত হত্যা, হত্যাকারীদের সকলের ফাঁসি চাই। ",Hateful,1
740,পাকিস্তান ভারতের শত্রু তাদের সেনা পাকিস্তানের হাতে ধরা পরার পর তারা যেভাবে ফেরত দেয়। আর ভারত আমাদের বন্ধু আমাদেও সেনা ভারতের হাতে ধরা পরার পর তারা যেভাবে ফেরত দেয়। ,Hateful,1
741,"যখন দেখি বাসায় মেহমানের সাথে তাদের পোলাপাইনও আসছে তখন আমি, আগে কোলবালিশটা লুকিয়ে আসি। ",Neutral,0
742,পাত্রী চাই। সুন্দর পাত্রীর প্রত্যাশায় এই বিজ্ঞাপন। ,Neutral,0
743,"সাবাস মেক্রোকে হত্যা করে জেলে যেতে চাই, আলোচিত সেই বক্তব্য। ",Hateful,1
744,"অনেকদিন পর ব্যাটিং পাইছি,  এত্তগুলা আনন্দ লাগতেছে। ",Neutral,0
745,"ফটো সুন্দর হইছে, নাও, মিষ্টি মুখ করো। ",Neutral,0
746,হালার মুখে মুইত্তা দে। হালায় এক নম¦র ফাউল লোক। ,Hateful,1
747,সূচির গলায় ফাঁসির দড়ি লাগানো হবে। ,Hateful,1
748,"জোরে দে, জোরে দে। জোরে জোরে লাগা।",Hateful,1
749,"হাসিনার বার্তা নিয়ে প্রনবের কাছে তোফায়েল, ক্ষমতা ছাড়লে মেরে ফেলবে জণগন। ",Hateful,1
750,"২৫ বছর বয়সী আমি যখন জানতে পারি, ২০ বছর বয়সী মামাতো ভাইয়ের আজকে বিয়ে, তখন ২৫ বছরে কোন বালডা ছিড়লাম ভাবা আমি। ",Neutral,0
751,"তিতলি আমাকে একবার দে, আমিও একটু উড়াই। ",Neutral,0
752,আবার ভারতীয় পতাকার শাড়ি পড়ে হাসিনা বাংলাদেশের স্বাধীনতা দিবসের রাষ্ট্রীয় অনুষ্ঠানে। ,Hateful,1
753,"কয়টা বাসায় কাজ করো ? ৪ টা বাসায় আফা। তো ডিভোর্স হইলো ক্যান? না আফা শাশুড়িডা ভালো ছিল না, বাড়ীর সব কাম আমারে দিয়া করাইতো, তো এখন তোমারে ৪ টা বাড়িতে বসাইয়া খাওয়াতেছে? ",Neutral,0
754,ভালবাসা দিবি কিনা বল? কেউ আমারে বাঁচা। ,Neutral,0
755,"আজকালকার মেয়েদের অবস্থা, মেকাপের আগে আর মেকাপের পরে। ",Neutral,0
756,গার্লফ্রেন্ড কে আধ ঘন্টা শুধুমাত্র কিস করার দোনের যে অবস্থা হয়। ,Hateful,1
757,স্ত্রী-শালিকাকে হত্যার অভিযোগে রাজধানীতে আটক স্বামী। ,Hateful,1
758,"মিম এ প্রচুর হা হা পরছে, প্রায় সবাই মেয়ে। ",Neutral,0
759,কিছুক্ষন পর দেখি বন্ধু ও ভয়ের ঠেলায় বিড়ি ধরাইতাছে। ,Hateful,1
760,"যা তকদিরে লিখা আছে তা আসবেই, আর যা তকদিরে লিখা নাই তা আসার পরও চলে যাবে। ",Neutral,0
761,দালালের কাছ থেকে সিরিয়াল কিনে পরীক্ষা। ,Hateful,1
762,"কপালে বন্ধুক ধরে যদি বলা হয় একটাই ফোন করতে পারবি ফোন রিসিভ হলে মৃত্যু, মেনশন করুন যাকে ফোন করবেন। ",Hateful,1
763,"এই লন আপনার জন্য ফূল আনছি, পরের বার মেকাপবক্সটা আনিস। ",Hateful,1
764,"তোদের তো আমি এবনরমাল ভাবতাম, এখন তো দেখি তোরা পাগল।",Hateful,1
765,এই ধরনের পোষ্ট করার জন্যই কি আপনাদেরকে মোবাইল ফোন দিয়েছিলাম। ,Neutral,0
766,যখন তুমি সিংহ কিন্তু তোমার গফ তোমাকে বাবু বলে ডাকে। ,Neutral,0
767,"সুন্নাতে খাৎনা করার পর আত্মীয়-স্বজন, কই দেখি জিনিসটা? ",Neutral,0
768,অনেকদিন পর স্কুলে আসায় একটু ভাব নিয়ে ঢুকতেছি। ,Neutral,0
769,সংবাদপত্রে বিএনপি-জামাতের দুর্নীতি ও সন্ত্রাসের চিত্র। ,Hateful,1
770,আমি ফেসবুক বিশ^বিদ্যালয়ের একজন নিয়মিত ছাত্র। ,Neutral,0
771,ভারতীয় পণ্য বর্জন করলে কার বেশী ক্ষতি হবে? ,Hateful,1
772,"চোরের মায়ের বড় গলা, বলছে মাওলানা শাহীনুর হোসেন। ",Hateful,1
773,"যৌতুন না দেওয়ায় রাণীনগরে তালাকের পর দ্বিতীয় বিয়ে, সাফিয়া বিবির আত্মহত্যা। ",Hateful,1
774,রোহিঙ্গাদের নির্বিচারে হত্যার নির্দেশ ছিল রাখাইনে। আইসিসিতে দুই সেনা কর্মকর্তার স্বীকারোক্তি। ,Hateful,1
775,"চলো বাবা, আজকে একটা দাওয়াত খেয়ে আসবো, আম্মু পোলাও রোস্ট সবই তো খাইলাম কিন্তু দাওয়াত কই? ",Neutral,0
776,"জিনে এনে বাড়িতে দিয়ে গেছে, নিখোঁজের ১২ দিন পর প্রবাসীর স্ত্রীকে। ",Neutral,0
777,সাবেক ছাত্রলীগ নেতা সিইসির পদত্যাগ চাই। ,Hateful,1
778,"২০৫০ সালে বিলুপ্ত হয়ে যাবে, এমন কিছূ প্রাণীর নাম বলো তো। মামা, চাচা, খালা, ফুফু ইত্যাদি, কারণ সবাই এখন একটার বেশি সন্তান নিচ্ছে না। ",Neutral,0
779,বলুন দেখি ভুমি কম্প মাপার যন্ত্রের নাম কি? ,Neutral,0
780,"বালের মতো বউ, একটি বাচ্চা বউয়ের গল্প। ",Hateful,1
781,হজরত মহাউম্মাদ ও কুত্তা বিলাই। ইসলাম ধর্মের প্রিয় নবীকে কটুক্তি। ,Hateful,1
782,"একটা দুইটা নাস্তিক ধর, ধইরা ধইরা জুতা পেটা করে দেশ ছাড়া কর। ",Hateful,1
783,আবরারের খুনী ছাত্রলীগ নেতাদের ফাসি চাই। ,Hateful,1
784,এটা কি বাল বানিয়েছো? একদম খুন্তি ছেকা দিয়ে দেব। ,Hateful,1
785,কেনো আনুশকার মত মেয়েদের সাথে এমন হয় ? ,Hateful,1
786,তোমার খোলা হাওয়ায়। আমি ঘুরে ঘুরে যাই। ,Neutral,0
787,বাংলাদেশের প্রগতিশীল মেয়েরা। ,Neutral,0
788,"ইসলাম ধর্ম নিয়ে ঢাবি শিক্ষকের দৃষ্টতা। আসসালামু আলাইকুম, আল্লাহ হাফেজ বলা জামায়াত ও জঙ্গিবাদের শিক্ষা। ",Hateful,1
789,ওর পাছায় জোরে ১০টা লাথি মারেন।,Hateful,1
790,গ্রামের বাড়িতে সন্ধেবেলায়  বিদ্যুৎ চলে যাবার পর। ,Neutral,0
791,যখন পরীক্ষার হলে পকেট নাড়াচাড়া করি। সেটা নকল কি দেখার জন্য মেডাম পকেটে হাত দিয়ে ভুলে টুনটুনি তে হাত দিয়ে ফেলে তখন। ,Neutral,0
792,ছেলেদের ও মেয়েদের ব্রেকআপের পর শান্তনা বানী। ,Neutral,0
793,আমার ফ্রেন্ডদের কাজিন আর আমার কাজিন। ,Neutral,0
794,"বন্ধুর কথায় নাক বন্ধ করে বলছিলাম, চুন দে। ",Neutral,0
795,নানাভাবে বাংলা বইকে হিন্দুধর্ম শিক্ষার বই বানানো হচ্ছে। শিক্ষা ব্যবস্থাকে হিন্দুয়ানীর আলোকে তৈরি করার কী অদ্ভুদ প্রকিয়া। ,Hateful,1
796,কৃত্রিম যৌনাঙ্গ ব্যবহারের কারনেই নিচের দুই অংশ ক্ষত বীক্ষত হয় আনুশকার। ,Hateful,1
797,"স্যার একটু ওয়াশরুমে যাবো,পরীক্ষার সময় কেন যেতে হবে? ",Neutral,0
798,মিগ-২৯ বিমানকে আমেরিকা এতো ভয় পায় কেন? ,Hateful,1
799,"চাকুমেরে মহিলা খুন, এবার বিক্সটনে। ",Hateful,1
800,প্রকৃত একজন ভালোবাসার মানুষ পাওয়া সবার ভাগ্যে থাকে না। ,Neutral,0
801,মায়ানমারে মুসলিম গণ হত্যা বন্ধ করা হউক। ,Hateful,1
802,খানকিদের জন্মঠিক এভাবেই।  শালাগোরে আমি জুতা পিডা করমু। ,Hateful,1
803,"ভারতীয় সিরিয়ালের কান্ড, প্লেন উড়িয়ে হাসির খোরাক নায়িকা। ",Neutral,0
804,তরে মাইরা আমি ঘুমামু।  তোরে না মাইরা আমি ঘুমামু না। ,Hateful,1
805,এলাকার ছোট ভাই যারে আজীবন হাফ লেডিস বইলা ডাকতাম। ,Neutral,0
806,ফেসবুক লাইভে এসে স্ত্রীকে কুপিয়ে হত্যার আসল কারণ এবার জানা গেল। ,Hateful,1
807,"পাড়ায় যখন নতুন কোন মেয়ে আসে তখন আমি, আমাকে এই মালটার সাথে প্রেম করতেই হবে। ",Neutral,0
808,রাজাকারদের বিভৎস যৌন নির্যাতন। কতটুকু জানেন? ,Hateful,1
809,"যখন আমি থাকবো না, কি করবি রে বোকা? ",Neutral,0
810,"মহাফাঁদে মুসলিম বিশ^ , ৯/১১ পরবর্তী যু্দ্ধে ৩ কোটি ২০ লাখ মুসলমানের প্রাণ নিভে গেছে। ",Hateful,1
811,"জীবনেও কিছু না খাওয়ানো বন্ধু যখন আমাকে খেতে দেখে বলে, একা একা খাওয়া তাইলে? ",Neutral,0
812,তুর্কীর ড্রোনের সময় শেষ এস-৩০০ কে ধ্বংস করলো। ,Hateful,1
813,প্রজেক্টরে পড়াতে গিয়ে যখন স্যার ভুলে ১৯-২০ ভিডিও চালু করে ফেলে। ,Neutral,0
814,মেয়ের স্বামী কি তার মার জন্য মাহরাম। মা কি তার মেয়ের স্বামীর সাথে ছেলের মতো আচরণ করতে পারবে। ,Hateful,1
815,"আদর কর নাহলে খাবো না, এমন একটা লাথি দেবো, সব ঢং বেরিয়ে যাবে। ",Hateful,1
816,ক্লাসে এসে জানতে পারি আজকে পড়া ধরবে তাও আবার কৃষি । ,Neutral,0
817,"আর একবার আমার সিজিপিএ জিজ্ঞাসা করে দেখ, গুলি করে দেব। ",Hateful,1
818,"লেখাপড়া কেমন চলছে? খুবই ভাল চলতেছে, চলতে চলতে আমাকে রেখেই অনেক দুরে চলে গেছে যে, এখন আর ধরতেই পারছি না। ",Neutral,0
819,বিবাহযোগ্য বেকার যুবকদের বিবাহের জন্য মুক্ত হস্তে দান করুন। ,Neutral,0
820,ভবা পাগলার গান মা তোর এই ভেজাল সোনা ঘষে নে না কষ্টি পাথরে। ,Hateful,1
821,"এদিকে বাড়িতে রেজাল্টের খবর শুনানোর পর আব্বু আম্মুর রিয়েকশন দেখার পর, এখন আমার অবস্থা কি হবে, ভাবতে থাকা আমি। ",Neutral,0
822,যখন ন্যাকা মামনি তার বয়ফ্রেন্ডকে কুত্তা বলে ডাকে। ,Hateful,1
823,পৌর নির্বাচনে মজলুমের রক্তের উপর ভাসমান নৌকাকে না বলুন।,Hateful,1
824,এই জলাবদ্ধতার জন্য ভারত দায়ী। ,Hateful,1
825,"ঢাকাকে মাত্র দুই ভাগে ভাগ করা হয়েছে, মেজাজ খারাপ হলে কিন্তু টুকরা টুকরা করে ফেলবো। ",Hateful,1
826,"কয়েক মিনিট পর পর রবি কোম্পানি, তোর কি ইন্টারনেট অফার লাগবে?",Neutral,0
827,ইসলাম বিদ্বেষী নাস্তিক ব্লগার আসিফ মহিউদ্দিন-এর ফাঁসি চাই। ,Hateful,1
828,"সাইন্স এর ছাত্রীদের ভবিষ্যৎ, আর্টস এর ছাত্রীদের ভবিষ্যৎ আর কমার্সের ছাত্রীদের ভবিষ্যৎ। ",Neutral,0
829,"হ্যালো দোস্ত, ১ ঘন্টা পর পরীক্ষা তুই কি কি পড়ছিস? আমি তো সাদা শার্টের সাতে জিন্স প্যান্ট পড়ছি। ",Neutral,0
830,"১৪ ফেব্রুয়ারি ১৪৪ ধারা চাই, ভাবছি আমিও যোগ দেব এই দলে। ",Neutral,0
831,"ছেলেরা যেভাবে সেলফি তোলে,  দেখুন এই  পিকচারটিতে। ",Neutral,0
832,"রাগী মেয়েদের দিয়ে বেশি বেশি কাপড় চোপড় ধোয়ানো উচিৎ,  কারন তাদের রাগ যত বাড়বে কাপড় চোপড় তত পরিস্কার হবে।  ",Neutral,0
833,এবার বলো আজ পর্যন্ত কয়টা প্রেম করেছো তুমি?,Neutral,0
834,"আমার ঐসব আত্মীয়দের খুবই ভালো লাগে, যারা চলে যাওয়ার সময় হাতের মুঠোয় জোর করে টাকা গুঁজে দেয়। ",Neutral,0
835,"কি কইতাম, অমানুষের বাচ্চাগরে। কি আর বলা যায় এই অমানুষের বাচ্চাগোরে?",Hateful,1
836,বেবি একটু ভিডিয়ো চ্যাটে আসো না? ঘরে বাবা আছে। ,Neutral,0
837,"কিন্তু যখন দেখতে পাই যে, মমতাদি আমাকে কোনো পাত্তাই দিচ্ছে না, তখন আমি। ",Neutral,0
838,তেমন কিছু না মসজিদে মিলাদের বিরিয়ানি দিবে তাই দৌড়ে যাচ্ছে । ,Neutral,0
839,"দারোয়ান, বন্ধু, মা এবং বান্ধবী সবাই ফাঁস করলেন অজানা গোপন তথ্য। ",Hateful,1
840,শশুর বাড়িতে জামাই কে কেন আদর করে কেন? কারন তারা জানে এই ব্যক্তিই তাদের কাল বৈশাখীকে সামাল দিয়ে রেখেছে। ,Hateful,1
841,"যখন তিনি বলেন যে, বইয়ের সবটুকু পড়ে এসো, খুব উপকার হইল। ",Neutral,0
842,এখানে পতাকার অবমাননা হয়নি! পতাকাকে জায়নামাজ বানিয়ে নামাজ পড়লেই কেবল পতাকার ইজ্জত যায়। ,Hateful,1
843,"অনেক্ষন ভাবার পর লে আমি, না না এবার আর কম্বল এর তল থেইকা বার হমু না কি হবে দেখা যাবে। ",Neutral,0
844,যুবলীগ-প্রভাবশালী যোগসাজশে ১৪ হিন্দু পরিবার উচ্ছেদ। ,Hateful,1
845,"হযরত মোহাম্মদ (সাঃ) কে নিয়ে ব্যঙ্গচিত্র ও আল্লাহর ঘর পবিত্র কারা শরীফকে অবমাননা করায়, শ্রী টিটু রায় এর ফাঁসি চাই দিতে হবে। ",Hateful,1
846,ফজলামির একটা সীমা আছে। চাপা মারার একটা লিমিট আছে|,Neutral,0
847,"এভাবে যদি প্রিয়জনের লাশ পড়ে থাকতে দেখতে না চান, আওয়ামীলীগের বিরুদ্ধে রুখে দাড়ান। ",Hateful,1
848,"উহারা কেউ জানে না কিসের মূর্তি বসছে, জানে না মূর্তিটির নাম কি? মূর্তিটি গ্রিক ধর্মের কিসের দেবী তাও বলতে পারছেন না, তবুও মুসলমানদের বিরোধীতা করতে মূর্তির পক্ষে বলতে হবে এট্ইা হলো কথা। ",Hateful,1
849,আনুশকার মৃত্যুতে মানববন্ধন ৮ দফা দাবি শিক্ষার্থীদের। ,Hateful,1
850,বেঁচে থাকার জন্য দ্বিতীয় অক্সিজেন হলো মা। ,Neutral,0
851,"ভাঙা সংসার ঠিকঠাক ভাবে জোড়া লাগিয়ে দেয়ার পর, রুপা। ",Neutral,0
852,কার হবে এই ট্রফি? শেষ্ঠা নাকি মোহরের? ,Neutral,0
853,আওয়ামী যৌথ গুন্ড বাহিনীর অভিযানের ভয়ে নিরাপদ আশ্রয়ের সন্ধানে এলাকা ছাড়ছে চাঁপাইনবাবগঞ্জের মানুষ।,Hateful,1
854,যে ঔষধ খেলে মেয়েরা সহবাস করার জন্য পাগল হয়ে উঠে। ,Hateful,1
855,আপনার টাকায় আপনার হত্যাকারীর নাম পুলিশ। ,Hateful,1
856,ফেসবুকে বিবাহ সংক্রান্ত এই পোস্ট দেখে মায়ের সাথে শেয়ার করার পর এখন আমি এক কানে কম শুনি। ,Neutral,0
857,"ঘুম ভাঙ্গার পর আরো ঘন্টা খানেক শুয়ে থাকা মানে অলসতা নয়, ইহা বিছানার প্রতি ভালোবাসা। ",Neutral,0
858,"করিডোর, অবকাঠামো সব ভারতের, চুক্তি অনুযায়ী আমরা কাঠালের বিচিগুলো পাবো তো? ",Hateful,1
859,এই বানচোদ তোর চুল এমন ক্যান? ,Hateful,1
860,"শান্তিতে ঘুমাতে, রংপুর এইদিকে। এটা কোন চেটের বাল?",Hateful,1
861,"আমি আর ঘরে থাকতে চাই না, আমি তাই বাড়ি থেকে চলে গেলাম। ",Neutral,0
862,তারপর আর কি? দুজন একসাথে সুখের সংসার শুরু করলাম। ,Neutral,0
863,"জীবনে অনেক বড়ো হতে হবে, কিন্তু কি যে করি? খালি ঘুম পায়। ",Neutral,0
864,ব্রাজিল নিয়ে কিছু বললে কান টাইনা ছিড়া ফালামু। ,Hateful,1
865,আমি কেমন ধরনের বলে তোমার মনে হয় ? ,Neutral,0
866,"জীবনে ব্রেকাপের চেয়ে কষ্টের কিছু নাই, আমি বলি রাত্রে বেলা কুত্তার দাবরানি খাইছো কখনো?",Neutral,0
867,জামায়াতের রাজনীতি করার নৈতিক অধিকার নেই বলায় এই পুলিশ কে হাছান মাহমুদের দয়িত্ব দিবেন প্রধানমন্ত্রী। ,Hateful,1
868,তোর মুখে আমি মুইতা দিমু। কুত্তার বাচ্চা!,Hateful,1
869,দুঃখিত আমরা মুসলিমদের চাকরি দেই না।,Hateful,1
870,"অবশেষে ক্ষমা চাইল জিয়াউল হাসান, কাবাকে ভাস্কর্য বলায় তিনি ক্ষমা চেয়েছেন। ",Hateful,1
871,উত্তর চব্বিশ পরগনাতে এভাবে কেন খুন তৃণমূল নেতা? ,Hateful,1
872,এক পরাশক্তির অন্যায় যুদ্ধ আতঙ্কিত করেছে বিশে^র মানুষকে। ,Hateful,1
873,"বন্ধু লুচ্চামি সুরে, আমার তৃতীয় পায়ের একটা মোজা লাগবো একটু ব্যবস্থা করে দে না। ",Neutral,0
874,"তেমন কিছু না, মেলায় হারিয়ে যাওয়া চাচা-ভাতিজা। ",Neutral,0
875,ইসরায়েলি সৈন্যদের খন্ডিত দেহ। ,Hateful,1
876,"খালপার হইলে, মাঝি কোন শালা । ",Hateful,1
877,সব বন্ধ বন্ধ করে কি ক্ষমতা কুক্ষিগত রাখা যায়? ,Hateful,1
878,"আপনারা দুই ভাই নাকি? হ্যাঁ, কিন্ত আপনি জানলেন কীভাবে? ",Neutral,0
879,"বিড়িখোর মহসিন আলীর ঔদ্ধত্য, বোরখা পরে কলেজের ছাত্রী হতে পারবে না।",Hateful,1
880,"ডাকাতি হয় যখন বাসে, তখন বাসের লোকেদের অবস্থা। ",Hateful,1
881,কারগারে ওসি প্রদীপ কয়েদিদের হাতে গণপিটুনির স্বীকার। ,Hateful,1
882,ক্লাস থ্রি তে পড়–য়া নিব্বি যেভাবে তার নিব্বার রাগ ভাঙায়। ,Neutral,0
883,এই সেই বাড়ি যেখানে ধর্ষন হয় আনুশকা। ,Hateful,1
884,"সন্তানরা খোঁজ নেন না, সম্পত্তি লিখে দিলেন কুকুরকে। ",Hateful,1
885,যেভাবে জিতে গেলো কুত্তা মোদির বিজেপি। ,Hateful,1
886,"ফেসবুকে স্ট্যাটাস দিলাম বৌ চাই, ৫ জন লাইক দিল আর ৫০ জন কমেন্ট করলো আমার টা নিয়ে যা। ",Neutral,0
887,"ভারতের সাথে প্রতিরক্ষা চুক্তি, শেয়ালের কাছে মুরগী বর্গা দেয়ার সামিল। ",Hateful,1
888,যুদ্ধ যখন অনিবার্য। ভারত পাকিস্তানের মধ্যে চরম উত্তেজনা বিরাজমান। ,Hateful,1
889,"রক্ত যখন খেয়েছি, রক্ত আরো খাবো এদেশকে ভারতের অঙ্গরাজ্য বানিয়ে ছাড়বো। ",Hateful,1
890,এইডা কোন কথা। ফজলামির একটা সীমা আছে। ,Neutral,0
891,আমি এদেশে থাকবো না ভাই। আমি চলে গেলাম বিদায় পৃথিবী। ,Hateful,1
892,"সকাল এ বন্ধু আমারে ডাকতে আইলো, আইসা পরছি মামা তারাতারি চল। ",Neutral,0
893,তরমুজের উপরে সবুজ আর ভেতরে লাল হওয়া সত্ত্বেও কাঁঠাল কেনো আমাদের জাতীয় ফল? ,Neutral,0
894,এই সেই বিরোধপূর্ণ ভূমি। জৈন্তাপুর ও গোয়াইনঘাট সীমান্তের যেখানে এসে ভারতীয় খাসীয়ারা বাংলাদেশের জমিতে চাষাবাদ করে। ,Hateful,1
895,এইচএসসি পরীক্ষার্থীদের বর্তমান অবস্থা। ,Neutral,0
896,কোন পথে বাংলাদেশ? প্রতিদিনই নিখোঁজ হচ্ছে মানুষ উদ্ধার হচ্ছে লাশ।,Hateful,1
897,"চুমাচুমি সরকারি প্রাথমিক বিদ্যালয়,এই স্কুল থেকেই আমি মেট্রিক পাশ করছি। ",Neutral,0
898,"শালা কি বলে, ধর্ম আবার কী? শালীকে জুতা পেটা করা উচিত। ",Hateful,1
899,"কানের নিচে একটা দিমু, শালার পো।",Hateful,1
