Images,Text,label,context
Hateful_338.jpg,রানু মন্ডল নিজেকে শেষ করে দিলেন। ,1,Personal 
Hateful_148.jpg,"এদিকে রুপার বুকে তিল আছে, এটা আমার ভাইয়া কিভাবে জানতে পারলো, ভাবতে থাকা হিমু। ",1,Personal 
Hateful_935.jpg,"তাদের পরিকল্পনা ছিল, নিজেদের ভিডিও করে পর্ণগ্রাফিতে ছেড়ে টাকা ইনকাম। ",1,Personal 
Hateful_195.jpg,অনেকদিন পর জেলে যাচ্ছি তাই পুলিশের সাথে সেলফি। ,1,Personal 
Hateful_115.jpg,নায়ককে মারার জন্য অনেক গুন্ডা পাঠায় তখন গুন্ডা আর নায়ক। ,1,Personal 
Hateful_1323.jpg,"পলাশীর যুদ্ধ শেষে মীরজাফর, আপনার সাথে একটু বেইমানি করছি, কিছু মনে কইরেন না।",1,Geopolitical
Hateful_1703.jpg,"করিডোর, অবকাঠামো সব ভারতের, চুক্তি অনুযায়ী আমরা কাঠালের বিচিগুলো পাবো তো? ",1,Geopolitical
Neutral_1009.jpg,বাবা বলোতো বেনানা শব্দের অর্থ কি? যার কোন নানা নাই তাকেই বেনানা বলে। ,0,Neutral 
Neutral_724.jpg,ভাই ভাবীকে নিয়ে আসেন নি? না স্যার! ও প্রেগন্যান্ট। ,0,Neutral 
Hateful_1092.jpg,এই মেয়ের সাহস দেখলে অবাক হয়ে যাবেন। ,1,Personal 
Neutral_725.jpg,"রিলেশনটা কতো দিনের সেটা বড়ো বিষয় নয়, তার কাছে তোমার গুরুত্ব কতোটা সেটাই বড়ো বিষয়। ",0,Neutral 
Neutral_203.jpg,"তুই আর আমি তো একই, দুইজনেই গান গাই। ",0,Neutral 
Hateful_435.jpg,দালালের কাছ থেকে সিরিয়াল কিনে পরীক্ষা। ,1,Personal 
Neutral_1652.jpg,চোরাই বিয়া খাওয়ার সময় যখন দুই পক্ষের লোক আপনাদের  দিকে আসতে থাকে। ,0,Neutral 
Hateful_978.jpg,আনুশকা দিহান ইস্যু নিয়ে বাঘের গর্জন দিলেন বেনজির আহমেদ আইজিপি। ,1,Personal 
Neutral_1115.jpg,এখনকার দিনে ৭০% মেয়েরা এভাবে সেলফি তোলে। ,0,Neutral 
Hateful_2272.jpg,ইশ! আবার ইংরেজী মারাও ?  ওয়ান টু তে খালাস কইরা দিমু।,1,Personal 
Neutral_447.jpg,"ছোট বাই এর এই অবস্থা দেখে আমি, যেমন কর্ম তেমন ফল। ",0,Neutral 
Hateful_1409.jpg,এখানে যতœসহকারে এক্সদের চাবকে সোঁজা করে দেয়া হয়। ,1,Personal 
Hateful_2072.jpg,"কি কইতাম, অমানুষের বাচ্চাগরে। কি আর বলা যায় এই অমানুষের বাচ্চাগোরে?",1,Personal 
Neutral_1340.jpg,যখন দেখি চাচাতো ভাই আমার সর্বনাশ করতে যেয়ে আরো উল্টা সে-ই অপমানিত হচ্ছে। ,0,Neutral 
Neutral_718.jpg,"আরে চলবে চলবে, যা আনছো দেখাও তারাতারি। ",0,Neutral 
Neutral_1248.jpg,"কোনো উপায় না দেখে বাড়িতে যখন বলি, আব্বু আমি বিয়ে করতে চাই । ",0,Neutral 
Hateful_414.jpg,"রাগ উঠলে মাথা ঠিক থাকে না, মাথাটা একদম গরম হইয়া যায়। ",1,Personal 
Hateful_1636.jpg,আবার ভারতীয় পতাকার শাড়ি পড়ে হাসিনা বাংলাদেশের স্বাধীনতা দিবসের রাষ্ট্রীয় অনুষ্ঠানে। ,1,Geopolitical
Neutral_1753.jpg,"এই,আমার জুতাটা সুন্দর হইসে না? বসুন্ধরা সিটি থেকে কিনেছি। ",0,Neutral 
Hateful_1936.jpg,থলের বিড়াল বেরিয়ে আসা শুরু করলেই হায়নারা ক্রসফায়ার নাটক শুরু করে। ,1,Geopolitical
Neutral_1232.jpg,অনেকদিন পর স্কুলে আসায় একটু ভাব নিয়ে ঢুকতেছি। ,0,Neutral 
Neutral_1246.jpg,"তেমন কিছু না, শুক্রবারে জুম্মার পর আল্লাহর কাছে মনেপ্রাণে দোয়া করছি যাতে আমার তাড়াতাড়ি বিয়ে হয়। ",0,Neutral 
Neutral_423.jpg,আজকে আমি পড়াব কি জানো? বাংলা সিনেমার ইতিকথা। ,0,Neutral 
Neutral_1011.jpg,৫ বছর আগের জীবনানন্দ দাস চত্বর আর এখনকার জীবনানন্দদাস চত্বর। ,0,Neutral 
Neutral_1715.jpg,ভালবাসা দিবি কিনা বল? কেউ আমারে বাঁচা। ,0,Neutral 
Hateful_1650.jpg,চিনে রাখুন এই মালাউনটি কে। এই মালাউন হলো দেশদ্রোহী। ,1,Religious
Hateful_796.jpg,"ধরা খাইলে জামিন নাই, ধরা খাইলে গুষ্টি মারা সারা।  ",1,Personal 
Hateful_2209.jpg,তরে মাইরা আমি ঘুমামু।  তোরে না মাইরা আমি ঘুমামু না। ,1,Personal 
Neutral_257.jpg,"এদিকে কোমা থেকে উঠে যখন জীনকে দেখে বলি, আরে হোয়াটস আপ ব্রো! আমার সাহস দেখে বেচারা জীন। ",0,Neutral 
Neutral_992.jpg,"ঈদ শপিং নিয়ে মাথা ব্যাথা নেই, তাহলে আপনি বড় হয়ে গেছেন। ",0,Neutral 
Hateful_2091.jpg,"শিবির রগ কাটে আর ছাত্রলীগ মাথা কাটে, পুলিশ সেই মাথা খুঁজে বেড়ায়। ",1,Geopolitical
Hateful_2358.jpg,"চুদে চাটনি, বেকার খাটনি। ",1,Personal 
Hateful_718.jpg,গ্যাস বিক্রি করতে রাজী হইনি বলে ২০০১ এ ক্ষমতায় আসতে পারিনি। ,1,Political
Hateful_1684.jpg,"তুই যদি আমার হইতি, আমি হইতাম তোর। না বানাইতাম যদ্ধাপরাধী, না বানাইতাম চোর।",1,Geopolitical
Hateful_1717.jpg,"বৃষ্টিতে ধুয়ে গেছে রক্তের লাল, মুছেনি তো হৃদয়ের দগদগে ক্ষত।",1,Religious
Hateful_1105.jpg,"কি সাংঘাতিক মেয়েরে বাবা, পাশে বসে ঘাড়ে হাত দিতে বলে। ",1,Personal 
Hateful_1950.jpg,মাওলানা নিজামীল রিভিউ খরিজের আগে ভারতীয় হাইকমিশনারের বৈঠক প্রধান বিচারপতির সাথে। ফাঁসির পর হাসিনাকে আমন্ত্রণ। ,1,Geopolitical
Neutral_1727.jpg,এই কাঁটা ঘায়ে চিলি সস দেবে না। ,0,Neutral 
Neutral_826.jpg,সাব্বির নামের ছেলেদের জন্মই হয়েছে কাজের মেয়েদের সাথে প্রেম করার জন্য। ,0,Neutral 
Hateful_2155.jpg,যেীন জাগরনের এইডস সরকারের অবস্থা দেখুন। রাস্তার মধ্যে তেতুল লীলায় মেতে উঠেছে। ,1,Personal 
Neutral_496.jpg,"তিতলি আমাকে একবার দে, আমিও একটু উড়াই। ",0,Neutral 
Hateful_1998.jpg,দেশের বাজারে সয়লাব ভারতীয় ভোজাল খাবার অবাধে চলছে। বাংলাদেশে এসব পণ্য নিষিদ্ধ করতে হবে। ,1,Geopolitical
Neutral_1747.jpg,গ্রিন টি টা কোন কেঁটলিতে পাবো ?,0,Neutral 
Neutral_1513.jpg,পরীক্ষার সময় প্রশ্নের উত্তর না লিখতে পারার জন্য মোহর কে উত্তর কানে কানে বলে দিয়ে সাহায্য করছে শঙ্খ স্যার। ,0,Neutral 
Neutral_232.jpg,ঢাকা থেকে চট্টগ্রামে যাবেন মাত্র ৫৫ মিনিটে।,0,Neutral 
Neutral_748.jpg,"প্রিয়! হয় ভালোবাসো না হয় ঘৃণা করো, মাঝামাঝি রেখো না। ",0,Neutral 
Hateful_61.jpg,বিড়ালের গলায় ঘন্টা বাধার প্রস্তাব দেয়া ইঁদুরকেই যখন বিড়ালের গলায় ঘন্টা বাধতে বল হয়। ভাই আমার এত সাহস নাই। ,1,Personal 
Neutral_617.jpg,"জানি সব ধ্বংস হয়ে যাবে, তাও একটা শেষ চেষ্টা করবো। ",0,Neutral 
Hateful_1000.jpg,"একি ভয়াবহ সত্য ফাস হলো, আদালতে কাদতে কাদতে একি বলল দিহান? ",1,Personal 
Neutral_223.jpg,বিয়েতে ১ লক্ষ টাকা যৌতুকে রাজি হবার পর যখন শালী জুতা চুরি করে ৫০ হাজার টাকা আবদার করে। ,0,Neutral 
Hateful_1956.jpg,যশোরে আওয়ামীলীগ নেতার চাপে দেড় শতাধিক হিন্দু পরিবারের দেশত্যাগ। ,1,Geopolitical
Neutral_136.jpg,"আপনারা দুই ভাই নাকি? হ্যাঁ, কিন্ত আপনি জানলেন কীভাবে? ",0,Neutral 
Neutral_511.jpg,"আজকে জুম্মার দিন বলে একটা পিক তুল্লাম ফেসবুক এ  জুম্মা মোবারক লিখে আপলোড দিব বলে।, ",0,Neutral 
Neutral_1464.jpg,"পাত্র চাই উচ্চতা ৫.৬ ইঞ্চি বেকার হলেও চলবে চাকরি, আব্বাই দিব। ",0,Neutral 
Neutral_1394.jpg,"আমি,আমার পানি খাওয়ার মগ ও বাসায় আসা আত্মীয়। ",0,Neutral 
Hateful_802.jpg,"পুলিশ একদিনে ১৮০০ জঙ্গি ধরে, কিন্তু ৬ জন জঙ্গিকে ধরতে আর্মি প্রয়োজন হয়। ",1,Personal 
Neutral_1422.jpg,তেমন কিছু না মসজিদে মিলাদের বিরিয়ানি দিবে তাই দৌড়ে যাচ্ছে । ,0,Neutral 
Neutral_1132.jpg,"মেয়েরা অন্যান্য সময়, মেয়েরা ফুসকা খাওয়ার সময়। ",0,Neutral 
Neutral_694.jpg,টি দিয়ে যাদের নাম শুরু হয় তারা টাকা ছাড়া কিছুই বোঝে না। ,0,Neutral 
Hateful_446.jpg,কলকাতায় কালীপূজা উদ্বোধন করলেন সাকিব। যশোরে সেলফি তুলতে চাওয়ায় ভক্তের ফোন ছুড়ে ফেললেন। ,1,Religious
Hateful_632.jpg,ভারত আমাদের শত্রু বুঝতে পারাই বড় অর্জন। ,1,Geopolitical
Neutral_570.jpg,১০ কি.মি. হেটে বাবার বিরুদ্ধে অভিযোগ জানাতে থানায় মেয়ে। ,0,Neutral 
Neutral_682.jpg,যাদের নাম টি বা এন দিয়ে শুরু হয় তাদের এক্সের সংখ্যা প্রচুর।,0,Neutral 
Hateful_217.jpg,"একদিন আমি বাসের হেল্পার হবো, তোমার বাসার পাশ দিয়ে যাওয়ার সময় চিল্লাইয়া বলবো, ওস্তাদ সাবধান, ডাইনে বেঈমান। ",1,Personal 
Hateful_2309.jpg,তুই শালা জাতীয় বেইমান।  তোরে আমি বিশ^াস করি না শালা। ,1,Personal 
Hateful_566.jpg,"রানু পাগলীর গান এর আওয়াজ সবার কানে পৌছায়, কাস্মীরের মুসলমানদের আওয়াজ কানে পৌছায় না। ",1,Personal 
Hateful_955.jpg,দিহান আনুশকার আসল ঘটনা ফাঁস করল চরমোনাই পীর। ,1,Personal 
Neutral_895.jpg,ভালোবাসার মানুষকে বিয়ে করার জন্য হলেও পড়তে বসুন। ,0,Neutral 
Hateful_788.jpg,"সন্তানরা খোঁজ নেন না, সম্পত্তি লিখে দিলেন কুকুরকে। ",1,Personal 
Hateful_2333.jpg,তুই আমারে চ্যালেঞ্জ করতাছোস?   তোরে আমি কিন্তু দেখাইয়া দিমু। ,1,Personal 
Hateful_2248.jpg,এই শালা তোর বন্ধু কই?   তোর বন্ধুরে আমার সামনে ডেকে আন। ,1,Personal 
Hateful_198.jpg,অবশেষে হেফাজত ইসলামের শাপলা চত্তরে হত্যার সকল প্রমানসহ গোপন তথ্য ফাঁস। ,1,Personal 
Hateful_2032.jpg,যেসব বুদ্ধিজীবীরা খালেদার পক্ষে কথা বলে তারা শুয়োরের বাচ্চা থেকেও খারাপ। ,1,Geopolitical
Neutral_1559.jpg,এইচএসসি পরীক্ষার্থীদের বর্তমান অবস্থা। ,0,Neutral 
Hateful_251.jpg,মিগ-২৯ বিমানকে আমেরিকা এতো ভয় পায় কেন? ,1,Geopolitical
Hateful_1506.jpg,"ভারতের সঙ্গে বন্ধুত্বকে আমরা খুব গুরুত্ব দিয়ে থাকি, গুরুত্ব না দিলে তো আওয়ামীলীগের গোয়া মারা সারা। ",1,Geopolitical
Neutral_1159.jpg,"যখন আমি থাকবো না, কি করবি রে বোকা? ",0,Neutral 
Neutral_474.jpg,"যখন তিনি বলেন যে, বইয়ের সবটুকু পড়ে এসো, খুব উপকার হইল। ",0,Neutral 
Neutral_154.jpg,পাড়ার ক্রিকেটে ছয় মেরে বল হারিয়ে ফেলার পর যখন নতুন বল কিনে দিতে হয়। ,0,Neutral 
Neutral_1693.jpg,হাই! ভুলে গেলে নাকি আমাকে? ,0,Neutral 
Neutral_1995.jpg,"চলো বাবা, আজকে একটা দাওয়াত খেয়ে আসবো, আম্মু পোলাও রোস্ট সবই তো খাইলাম কিন্তু দাওয়াত কই? ",0,Neutral 
Hateful_1018.jpg,আনুশকার মৃত্যুতে মানববন্ধন ৮ দফা দাবি শিক্ষার্থীদের। ,1,Personal 
Hateful_507.jpg,সাকিব আল হাসান কলকাতায় গিয়ে কালীপূজা উদ্বোধন সম্পর্কে ইসলাম কি বলে? ,1,Religious
Hateful_1289.jpg,হিংসুক ভক্তার কাহিনী দেখুন।  সে কিভাবে হিংসা ছড়ায় না দেখলে বিশ^াস করবেন না। ,1,Personal 
Neutral_740.jpg,দোস্ত কপি কর জাস্ট একটু ঘুরায়া লিখিস। ,0,Neutral 
Neutral_1312.jpg,"পাড়ায় যখন নতুন কোন মেয়ে আসে তখন আমি, আমাকে এই মালটার সাথে প্রেম করতেই হবে। ",0,Neutral 
Hateful_1872.jpg,বাংলাদেশি ও রোহিঙ্গাদের গুলি করা উচিৎ। ,1,Geopolitical
Neutral_989.jpg,"এই তুমি দাড়ি রাখো না কেন? দাড়ি রাখলে বয়স বেশি লাগে। তাইলে দাতগুলাও ফেলে দাও, দুধের বাচ্চা লাগবে। ",0,Neutral 
Neutral_1829.jpg,"খায়া দিসে, বাঘ মামা খায়া দিসে খায়া দিসে। ",0,Neutral 
Hateful_598.jpg,"স্বৈরতন্ত্র নিপাত যাক, গণতন্ত্র মুক্তি পাক। ",1,Political
Hateful_1025.jpg,এই সেই বাড়ি যেখানে ধর্ষন হয় আনুশকা। ,1,Personal 
Hateful_863.jpg,"আপনি পারলে আমার নামে মামলা করেন, টকশোতে তুমুল ঝসড়া। রাশেদ ও তুরিন আফরোজের। ",1,Personal 
Neutral_565.jpg,রাতে হালকা শীত লাগলে আমি যেভাবে কাথা টেনে নিয়ে গায় দেই। ,0,Neutral 
Hateful_2394.jpg,জবা কি পারবে হ্যান্ডেল মারতে? ,1,Personal 
Neutral_1721.jpg,"আমি গতকাল মেয়েটিকে বললাম বাসায় পৌছে কল দিতে, মেয়েটার মনে হয় বাসা নাই। ",0,Neutral 
Hateful_1689.jpg,এখানে পতাকার অবমাননা হয়নি! পতাকাকে জায়নামাজ বানিয়ে নামাজ পড়লেই কেবল পতাকার ইজ্জত যায়। ,1,Personal 
Neutral_1253.jpg,"একদিন কুদ্দুস এসে যখন আমাকে বলল, ভাই, দেখতাছি আপনে খুব টেনশনে আছেন।",0,Neutral 
Hateful_674.jpg,আমি এদেশে থাকবো না ভাই। আমি চলে গেলাম বিদায় পৃথিবী। ,1,Personal 
Hateful_1125.jpg,বাংলাদেশে একটি গোপন হামলায় খৃষ্টধর্ম গ্রহনকারী এবং খৃস্টধর্মের প্রচারকারী এক মুরতাদকে হত্যা। ,1,Religious
Hateful_2344.jpg,যাওয়া ঠিক হবে না। মাইরধর করতে পারে।,1,Personal 
Neutral_126.jpg,"টাকা সঞ্চয় করার জন্য বাজেট করা আামি, আর আমার বদভ্যাস। ",0,Neutral 
Hateful_1698.jpg,দুর! মিয়া বোতলের সাইজ এত ছোট কে? স্যার আমি তো আপনার আর আপনার মেয়ের কাছ থেকে শিখতাছি। ,1,Personal 
Hateful_128.jpg,"নিব্বি প্রথম বার তার ফাকবয় বয়ফ্রেন্ড এর সাথে ডেট করার পর, জব্বর জোরে গুতিয়েছে রে। ",1,Personal 
Neutral_1534.jpg,প্লিজ আমার ছবি তুলবেন না। ,0,Neutral 
Hateful_2371.jpg,মরে যাও মুক্তি চাইনা।   তোমার মুক্তি দিয়া আমি কি করমু? ,1,Geopolitical
Neutral_759.jpg,"গুরুপের সবাই লাইনে দাড়ান, ঈদ বোনাস দিমু। ",0,Neutral 
Hateful_1090.jpg,লগি বৈঠার তান্ডবের কথা নতুন করে কি বলব? দেখুন আপনারাই। ,1,Personal 
Hateful_216.jpg,ধুমপানের কারণে বউ অন্যের কাছে চলে যায়। ,1,Personal 
Neutral_1083.jpg,"ভাবী পাইয়া গেছি, ম্যানশন হপ্পে পরানের ভাইরে। ",0,Neutral 
Neutral_392.jpg,"তারপর যখন হঠাৎ এক সুন্দরী আমাকে বলে উঠে,  এই যে ভাইয়া শোনেন, তখন আমি, এখন আমার প্রথম কাজ হচ্ছে, মেয়েটার সামনে আলগা ভাব নেয়া। ",0,Neutral 
Hateful_50.jpg,দীর্ঘ সময় ধরে যৌন মিলনের কারণে ইনজুরিতে ওয়ার স্ত্রীর বেফাঁস মন্তব্য। ,1,Personal 
Neutral_1805.jpg,"চুমাচুমি সরকারি প্রাথমিক বিদ্যালয়,এই স্কুল থেকেই আমি মেট্রিক পাশ করছি। ",0,Neutral 
Hateful_785.jpg,সরকারকে সরাসরি হুমকি দিলেন। কিন্তু সরকার কারো কথায় কান দিচ্ছে না। ,1,Political
Hateful_1488.jpg,নোবিতা তোর মাল তোকে ধোঁকা দিচ্ছে। ,1,Personal 
Neutral_1309.jpg,মিমের সাথে আমার রিলেশন চলাকালীন মিমের জন্য পাগল হ্যান্ডসাম ছেলেটা। ,0,Neutral 
Hateful_924.jpg,"আনুষ্কার ধর্ষনের ভিডিও, কি নির্মম এবং নিষ্ঠুর আচরন দিহানের!",1,Personal 
Neutral_1023.jpg,"আমার ঐসব আত্মীয়দের খুবই ভালো লাগে, যারা চলে যাওয়ার সময় হাতের মুঠোয় জোর করে টাকা গুঁজে দেয়। ",0,Neutral 
Neutral_40.jpg,স্যার কয়েক হাজার পৃষ্ঠা হোম ওয়ার্ক দেয়ার পর ক্লাসের টপারদের অবস্থা। ,0,Neutral 
Neutral_1377.jpg,আমার ফ্রেন্ডদের কাজিন আর আমার কাজিন। ,0,Neutral 
Hateful_1006.jpg,"দিহান আনুশকার ঘটনার নতৃন মোড়, দিহান কি ঔষধ সেবন করেছিল বললেন ডাক্তার। ",1,Personal 
Hateful_1822.jpg,আমরা কি মুসলমান? আর কি দিয়ে প্রমান করতে হবে যে আওয়ামীলীগ ইসলামের দুশমন। ,1,Religious
Hateful_1906.jpg,ডিবি পরিচেয়ে তুলে নেয়ার পর বাঁশবাগানে যুবকের লাশ। ,1,Personal 
Neutral_738.jpg,"২০৫০ সালে বিলুপ্ত হয়ে যাবে, এমন কিছূ প্রাণীর নাম বলো তো। মামা, চাচা, খালা, ফুফু ইত্যাদি, কারণ সবাই এখন একটার বেশি সন্তান নিচ্ছে না। ",0,Neutral 
Hateful_1878.jpg,"দিয়েছেন অনেক, প্রতিদানে এবার ভারতের সহযোগিতা চান শেখ হাসিনা। ",1,Geopolitical
Hateful_1021.jpg,কৃত্রিম যৌনাঙ্গ ব্যবহারের কারনেই নিচের দুই অংশ ক্ষত বীক্ষত হয় আনুশকার। ,1,Personal 
Neutral_479.jpg,ফেসবুকে বিবাহ সংক্রান্ত এই পোস্ট দেখে মায়ের সাথে শেয়ার করার পর এখন আমি এক কানে কম শুনি। ,0,Neutral 
Neutral_717.jpg,"জীবন হচ্ছে, মৃত্যুর কাছ থেকে ধার নেয়া কিছুটা সময়। ",0,Neutral 
Neutral_1737.jpg,ঐ তুই শুধু আমার। তুই আর কারও হতে পারবি না। ,0,Neutral 
Hateful_700.jpg,পাকিস্তান ভারতের শত্রু তাদের সেনা পাকিস্তানের হাতে ধরা পরার পর তারা যেভাবে ফেরত দেয়। আর ভারত আমাদের বন্ধু আমাদেও সেনা ভারতের হাতে ধরা পরার পর তারা যেভাবে ফেরত দেয়। ,1,Geopolitical
Neutral_209.jpg,ইউএনওর উপস্থিতি টের পেয়ে বাসর ঘর রেখে পালালো নবদম্পত্তি। ,0,Neutral 
Hateful_610.jpg,মোদিকে হুশিয়ারি এরদোগানের। এবার আর রক্ষা নেই ভারতের। ,1,Geopolitical
Neutral_820.jpg,কিপ্টামির জন্য যদি কেউ নোবেল পেত তাহলে তোমার কোন বন্ধু পেতো? ,0,Neutral 
Hateful_609.jpg,যুদ্ধ যখন অনিবার্য। ভারত পাকিস্তানের মধ্যে চরম উত্তেজনা বিরাজমান। ,1,Geopolitical
Neutral_1368.jpg,হতচ্ছাড়া টা যে কোথায় গেলো?,0,Neutral 
Hateful_1660.jpg,নেপালে ভারতীয় সব টিভি চ্যানেল বন্ধ । ,1,Geopolitical
Hateful_1838.jpg,সীমান্ত হত্যা বন্ধের দাবীতে প্রতিকী লাশ নিয়ে ঢাকা থেকে কুড়িগ্রামের অনন্তপুর হেটে যাত্রা।  ,1,Geopolitical
Hateful_619.jpg,"হাথরস গণধর্ষণ, আজ ভারতের নিই নর্মাল। ",1,Geopolitical
Hateful_922.jpg,ঐদিন রুমে আনুশকার সাথে যা যা করেছিল জানালো দিহান। ,1,Personal 
Hateful_1544.jpg,গণহত্যার পুনরাবৃত্তি দেখতে নৌকায় ভোট দিন। ,1,Geopolitical
Hateful_229.jpg,এই লোকটা তোদের বাবার খুনি! একে তোর ছাড়বি না। ,1,Personal 
Hateful_604.jpg,"করোনা মহামারি, স্বাস্থ্য সেবা। চাল চোর, তেল চোর রাজনীতি ও পরিকল্পনা নিয়ে খোলামেলা কথা। ",1,Personal 
Hateful_203.jpg,"ভারতের সাথে প্রতিরক্ষা চুক্তি, শেয়ালের কাছে মুরগী বর্গা দেয়ার সামিল। ",1,Personal 
Neutral_708.jpg,বুঝতে পারলে খুঁজতে চাইবে। না বুঝতে পারলে কিছু ই না। ,0,Neutral 
Neutral_1297.jpg,"ঈদ এর বখশিসে পাওয়া ১০০ টাকার নোটকে ভেঙে ১০ টি ১০ টাকার নোট নেওয়ার পর আমি, আমি বড়লোক হয়ে গেছি আমার কাছে বেশি টাকা। ",0,Neutral 
Hateful_741.jpg,রাজাকার এখন মুক্তিযোদ্ধা। রাজাকার মুক্তিযোদ্ধা এখন একাকার। ,1,Political
Hateful_87.jpg,সানডে মানডে গোসল করাইয়া দিমু। সানডে মানডে ক্লোজ কইরা দিমু। ,1,Personal 
Neutral_1144.jpg,"জীবনে অনেক বড়ো হতে হবে, কিন্তু কি যে করি? খালি ঘুম পায়। ",0,Neutral 
Neutral_410.jpg,"আজ গোসল করব না, গোসল না করে কই যাস। ",0,Neutral 
Hateful_980.jpg,কি করছো দিহান? আমার লাগছে। আমিতো মরে যাবো আর পারছি না। ,1,Personal 
Neutral_921.jpg,"কি এক বিপদে পড়লাম, কোনো কিছু নড়লেই মনে হয় ভুমিকম্প হইতেছে। ",0,Neutral 
Hateful_732.jpg,আমৃত্যু কারাদন্ডাদেশ প্রাপ্ত রাজাকার সাঈদীর মুক্তি নয় ফাঁসি কার্যকর দেখতে চায় দেশব্যাপী। ,1,Political
Neutral_1375.jpg,সারাদিন বাসায় থেকে আম্মুর হাতের তিন বেলা রান্না খাওয়ার পর এবং সারাদিন বাহিরে  ঘরাঘুরি করে রেস্টুরেন্টের বিভিন্ন ধরনের খাবার খাওয়ার পর আমি। ,0,Neutral 
Hateful_962.jpg,"দারোয়ান, বন্ধু, মা এবং বান্ধবী সবাই ফাঁস করলেন অজানা গোপন তথ্য। ",1,Personal 
Hateful_472.jpg,"মহাফাঁদে মুসলিম বিশ^ , ৯/১১ পরবর্তী যু্দ্ধে ৩ কোটি ২০ লাখ মুসলমানের প্রাণ নিভে গেছে। ",1,Geopolitical
Hateful_70.jpg,"বন্ধু যখন তার কাকু কে বলে, তাতে আমার কোনো বাল্ডাও ছেরা যাবে না। ",1,Personal 
Neutral_200.jpg,"যখন স্বামী বলে বাচ্চাদের অন্যরুমে ঘুমাই দেও, তোমার জন্য চকলেট আনছি।",0,Neutral 
Hateful_1866.jpg,হোলির দিন ক্রিকেট খেলায় মুসলিম পরিবারকে বেধড়ক পিটুনি।,1,Religious
Hateful_257.jpg,"জঙ্গিবাদ, সন্ত্রাসবাদ ও ধর্মব্যবসায়ের বিপক্ষে লোকদেখানো সমালোচনা করে এখন জঙ্গী তকমা ঢাকার কুট কৌশলে ব্যস্ত জঙ্গী দল হিযবুত তাওহীদ। ",1,Personal 
Hateful_666.jpg,"বিএনপি কর্মীদের ধরে প্রথমে পায়ে, পরে বুকে গুলি করুন। ",1,Political
Neutral_1188.jpg,উপকার করলে শরীরের ছাল থাকে না। অর্জুন গাছটাই তার বড় প্রমাণ। ,0,Neutral 
Neutral_64.jpg,"নিজের নামের বানান নিজে ভুল করার পর, আরো ফোন টিপ শালা। ",0,Neutral 
Neutral_115.jpg,ক্লাসে ভালো গান পারো কেউ? জি¦ স্যার বল্টু পারে। তখন বল্টুর অবস্থা। ,0,Neutral 
Hateful_380.jpg,যে নিজে চলতে সক্ষম নয় সে কিভাবে অন্যকে খুন করে? পুলিশের অত্যাচারেই আমার সন্তান মারা গেছে। ,1,Personal 
Neutral_572.jpg,যখন মাস্ক পরে শিশ বাজানোর পর দেখি পাশের এক মহিলা আরেকজনকে গালি দিচ্ছে।,0,Neutral 
Hateful_1131.jpg,আর কত সহ্য করবো হে বিধাতা। ,1,Personal 
Hateful_918.jpg,উত্তর চব্বিশ পরগনাতে এভাবে কেন খুন তৃণমূল নেতা? ,1,Political
Neutral_848.jpg,"মেনশন করুন তাকে, যাকে আপনি পাবনা মানসিক হাসপাতালে ভর্তি করাতে চান। ",0,Neutral 
Hateful_909.jpg,স্ত্রী-শালিকাকে হত্যার অভিযোগে রাজধানীতে আটক স্বামী। ,1,Personal 
Neutral_249.jpg,"একটু পর যখন জীনকে জিজ্ঞেস করি, এই ব্যাটা জীন, তুই ছেলে না মেয়ে? ",0,Neutral 
Neutral_1202.jpg,ফেইক আইডি দিয়ে বন্ধুকে প্রেমে ফেলে যখন তা সবার সামনে খোলাসা করি । ,0,Neutral 
Hateful_1981.jpg,দেশটা কি ফেরআউনী রাষ্ট্র হয়ে গেল? কয়দিন পর হয়ত স্বামী-স্ত্রী একসাথে দেখলে নাশকতার অভিযোগে গ্রেফতার করা হবে।,1,Geopolitical
Hateful_138.jpg,"যখন দেখি রুপা এখনো হিমুকে ভুলতে পারে নাই, তখন আমি, তুই এখনো বালডারে ভুলস নাই! ",1,Personal 
Neutral_55.jpg,ইংরেজি পরীক্ষায় ৩৩ না পাওয়া ছাত্র-ছাত্রীগণ যখন ফেসবুকে ইংরেজিতে বড় বড় ক্যাপশন দেয়। ,0,Neutral 
Hateful_1118.jpg,বাংলাদেশ সীমান্তে নিরীহ মানুষ হত্যার প্রতিবাদে কালো পতাকা দিবস। ,1,Geopolitical
Neutral_1058.jpg,"পরীক্ষা দিয়ে বেরোনো ছাত্র আর অপারেশন করে বেরোনো ডাক্তার দুজনের বক্তবই এক, ভালো হয়েছে তবে এখন কিছু বলা যাচ্ছে না। ",0,Neutral 
Neutral_506.jpg,গরীব দেশগুলো নিজের ইচ্ছামত টাকা প্রিন্ট করে নিয়ে বড়লোক হয়ে যায় না কেন? টাকা প্রিন্ট করার টাকা নেই বলে। ,0,Neutral 
Neutral_1094.jpg,"নোয়াখালী কলেজের ছাত্র,  এমনই ট্যালেন্ট হয়। ",0,Neutral 
Hateful_189.jpg,"কপালে বন্ধুক ধরে যদি বলা হয় একটাই ফোন করতে পারবি ফোন রিসিভ হলে মৃত্যু, মেনশন করুন যাকে ফোন করবেন। ",1,Personal 
Neutral_1610.jpg,"আমি নরেন্দ্র মোদি, কাজ করছি চায়না-মাল নিয়ে। ",0,Neutral 
Neutral_683.jpg,একাউন্টিং পইড়া কি শিখলি বাবা? অহন আমি স্কেল ছাড়াই মার্জিন দেবার পারি।,0,Neutral 
Neutral_680.jpg,মা দুই টাকা দেও। বেকারদের বর্তমান চাহিদা এটাই। ,0,Neutral 
Neutral_337.jpg,"অনলাইন ক্লাসে স্যার যখন বলে এখন পড়া ধরব, তার ০.০০৫ সেকেন্ড পর আমি। ",0,Neutral 
Hateful_280.jpg,"হযরত মোহাম্মদ (সাঃ) কে নিয়ে ব্যঙ্গচিত্র ও আল্লাহর ঘর পবিত্র কারা শরীফকে অবমাননা করায়, শ্রী টিটু রায় এর ফাঁসি চাই দিতে হবে। ",1,Religious
Hateful_1151.jpg,"অবশেষে ক্ষমা চাইল জিয়াউল হাসান, কাবাকে ভাস্কর্য বলায় তিনি ক্ষমা চেয়েছেন। ",1,Religious
Neutral_1029.jpg,ভেবেছিলাম কম্বল এর সাথে ব্রেকআপ করে ফ্যান এর সাথে রিলেশন করবো কিন্তু এখন দেখি ছাতা আমাকে প্রোপোজ করছে। ,0,Neutral 
Hateful_515.jpg,"মেয়েটাকে তারা বাঁচতে দিল না, মেয়েটাকে ওরা মেরেই ছাড়ল। ",1,Personal 
Hateful_2335.jpg,খুনি জিয়ার তত্ত্বাবধানে সংগঠিত জেল হত্যাকান্ড। খুনিদের পুরস্কার হিসেবে পাঠানো হয় বিভিন্ত দূতাবাসে চাকরিতে।,1,Geopolitical
Neutral_610.jpg,"অনেক্ষন ভাবার পর লে আমি, না না এবার আর কম্বল এর তল থেইকা বার হমু না কি হবে দেখা যাবে। ",0,Neutral 
Neutral_1900.jpg,"অন্যরা আমার বোনকে যেভাবে দেখে, আর আমি আমার বোনকে যেভাবে দেখি। ",0,Neutral 
Neutral_1346.jpg,"মাস্ক পড়ার সবচেয়ে বড় সুবিধা হল, এটা  আমার বিশ্রী মুখ ঢাকতে সাহায্য করে|",0,Neutral 
Hateful_1940.jpg,দুর্নীতিবাজ পুলিশ দিয়ে অভিযানের নামে সাধারণ মানুষকেই হয়রানি করা হবে। ,1,Personal 
Hateful_1095.jpg,সবগুলোকে আজকে ভবের পিডান পিডামু। ,1,Personal 
Hateful_1825.jpg,"বাংলাদেশ একটি ৫৪ হাজার বর্গমাইলের কারাগার, বাকশালীদের কারণে দেশের স্বাধীনতা বলতে কিছু নাই। ",1,Geopolitical
Hateful_770.jpg,তিন তালাক কতটা যুক্তিযুক্ত? এটা ধর্মের বিধান নিয়ে কথা বলার শামিল। ,1,Religious
Hateful_263.jpg,সকালে ঘুম ভাঙার পর ছেলেদের লিঙ্গ দাড়িয়ে থাকার কারণ। ,1,Personal 
Neutral_780.jpg,"বাড়িতে বসে থাকতে থাকতে , কলা যখন শিল্প কলা হয়ে যাবে ধরতে পারবেন না। ",0,Neutral 
Hateful_2454.jpg,ব্রাজিল নিয়ে কিছু বললে কান টাইনা ছিড়া ফালামু। ,1,Personal 
Neutral_1333.jpg,সাইকেলের চেইন ঠিক করে ছোট ভাই কে সাহায্য করার পর। ,0,Neutral 
Neutral_83.jpg,"দুজন মিলে নবীজীর দেশে আসছি, কারণ আমি ওর ট্যাগ লিস্টেও প্রথমে ছিলাম। ",0,Neutral 
Hateful_243.jpg,দশ বছরে বিএসএফের গুলিতে ৩ শতাধিক বাংলাদেশি নিহত। ,1,Geopolitical
Neutral_1162.jpg,"সরকারি চাকরি আর সত্যিকারের ভালোবাসা, কখনো যোগ্য লোকেরা পায় না। ",0,Neutral 
Hateful_1656.jpg,"চারিদিকে একই সুর, হাসিনা তুই ভোট চোর। ",1,Geopolitical
Hateful_2078.jpg,আমাদের প্রিয় ভূমি এভাবে খন্ডিত না দেখতে চাইলে এখনই সময় রুখে দাঁড়াবার। ,1,Geopolitical
Hateful_146.jpg,"জানি জুতার বারি খাবো, তবুও শেষ চেষ্টা করতে হবে। ",1,Personal 
Hateful_1279.jpg,বাবরি মসজিদ ধ্বংসের ২৬ বছর পুর্তি। ,1,Religious
Hateful_1942.jpg,"হত্যা মামলার তদন্তে রং মাখানো চেষ্টায় মরিয়া পুলিশ, অশিক্ষিত মাজারের খাদেমকে ধরে সাবেক শিবির কর্মী বলে প্রচার। ",1,Geopolitical
Neutral_1013.jpg,বলুন দেখি ভুমি কম্প মাপার যন্ত্রের নাম কি? ,0,Neutral 
Hateful_2201.jpg,আমার তো হোগা মারা শ্যাষ। আমি এখন আমি কি করমু? ,1,Personal 
Neutral_1840.jpg,"লিটন ভাইয়ের দুধের আইসক্রীম, কিসের দুধ ?",0,Neutral 
Hateful_1709.jpg,"সালাহ উদ্দিন বলছিলেন, আমি কিন্তু বাংলাদেশে মন্ত্রী ছিলাম। কিন্তু কেউ বিশ^াস করেনি।",1,Geopolitical
Hateful_96.jpg,"গালি দিচ্ছো, নাকি আসলেই করবা? চুদলে আইসো রাতের বেলা।",1,Personal 
Hateful_53.jpg,কুলাঙ্গার নিক্সন চৌধুরী আলেমদের কে বলে আসেন খেলা হবে। ,1,Personal 
Neutral_665.jpg,শান্তিতে বসে থাকা হিমু আর রুপার চরিত্র খারাপ এটা বারবার মনে করিয়ে দেয়া ভাইয়া। ,0,Neutral 
Hateful_1299.jpg,"দুধে-ব্রা পরে সাজুর নতুন চমক, সাজুকে হিজরা মাদারচোদদের মতো মনে হয়। ",1,Personal 
Hateful_611.jpg,আত্মগোপনে যুবলীগ-ছাত্রলীগ। শালা কুত্তালীগের জন্য কিছূ করার নাই। ,1,Political
Hateful_703.jpg,ওরাই আবরারের খুনি। ওদের ফাঁসি কার্যকর করতে হবে।,1,Personal 
Hateful_2240.jpg,আপনি জাহান্নামে যেতে পারেন। এই তুই কী বললি? সাহস থাকলে আবার বল। ,1,Personal 
Neutral_1511.jpg,"সৎ সঙ্গে বিরিয়ানি, অসৎ সঙ্গে বিড়িটানি। ",0,Neutral 
Neutral_229.jpg,"এইচ এস সি পরীক্ষার রেজাল্ট দেয়ার পর মিষ্টি ব্যবসায়ী,পরীক্ষার্থী ও শিক্ষা মন্ত্রনালয়ের অবস্থা। ",0,Neutral 
Neutral_920.jpg,"করোনা বিবাহ, সব ঠিক আছে কিন্তু ফুলসজ্জাটা কিভাবে হবে শুনি? ",0,Neutral 
Hateful_2493.jpg,মেয়েদের সেক্স উঠলে কিভাবে বুঝবেন? ৫ টি গোপন কথা জেনে নিন। ,1,Personal 
Hateful_407.jpg,"ভাতে মারবে ভারত, বাংলাদেশে ৫০ হাজার বেড হাসপাতাল বানাবে চীন-তুরস্ক-সৌদি। ",1,Geopolitical
Hateful_549.jpg,"মাহফিলে পুলিশের বাধা, দাঁত ভাঙ্গা জবাব দিলেন আমির হামজা। ",1,Religious
Neutral_1563.jpg,প্রশ্ন দেখার পর মিডলবেঞ্চার। তার যে অবস্থা হয় সেটাই এই ছবিতে দেখতে পাচ্ছেন। ,0,Neutral 
Hateful_1792.jpg,"ঐতিহাসিক পলাশী দিবসে নব্য ঘসেটি বেগম, মীর জাফর ও রায় দুর্লভদের  মনে পরে। ",1,Geopolitical
Neutral_1070.jpg,"যাদের বিয়ে, আর যার জন্য মানুষ বিয়ে বাড়ি যায়। ",0,Neutral 
Hateful_869.jpg,ঘরপোড়া আগুনে আলু পুড়িয়ে খাওয়ার স্বপ্ন কখনোই সত্যি হবে না। অবৈধ ম্যাসেজ পার্লারের নারীরা ক্যাম্পাসে কেন? ,1,Personal 
Hateful_7.jpg,"না চাইতেও ছেলে বন্ধুর সাথে বাসর রাত কাটাচ্ছি, কারণ আমি বন্ধুর ট্যাগ লিস্টের ৩য় ব্যাক্তি । ",1,Personal 
Hateful_271.jpg,এই নিমকহারামীর দলকে বঙ্গবন্ধু চিনতে পারেন নি। ঠিক তেমনি আ ক ম মোজাম্মেল হককেও শেখ হাসিনা চিনতে পারেন নি। ,1,Political
Neutral_1154.jpg,"মাসের প্রথম এত্তগুলা বড়লোক মনে হয়, রাজকীয়ভাবে জীবনযাপন করি। কিন্তু মাসের শেষে মনে হয়, ২ টা কিডনী থাকা কি খুব জরুরী?",0,Neutral 
Neutral_261.jpg,"সুন্নাতে খাৎনা করার পর আত্মীয়-স্বজন, কই দেখি জিনিসটা? ",0,Neutral 
Neutral_395.jpg,"যাই হোক, মানবতার খাতিরে আজকে কোনোরকম মামাতো ভাইয়ের বিয়ে খেতে যাচ্ছি। ",0,Neutral 
Hateful_2125.jpg,একদল হায়েনা ও এক জন বীর। দেখুন তাদের অবস্থা কেমন। ,1,Personal 
Hateful_1188.jpg,"কাদেরের হুশিয়ারি, সবাই যাকে বলে কাউয়া কাদের।",1,Personal 
Hateful_2342.jpg,এই শহরে আমার মতো ক্রিমিনাল আর একটাও নাই।,1,Personal 
Hateful_953.jpg,আনুশকাকে কোকের সাথে অচেতন করার ওষুধ দেয় দিহান। ,1,Personal 
Hateful_98.jpg,"রাতের বেলা এলাকার এক চাচার সাথে বাড়ি ফেরার সময় যখন চাচা বলে, আমাদের সময় ভালো থাকা বইটা থাকলে আমার আর সেদিন সুইসাইড করা লাগতো না। ",1,Personal 
Neutral_1970.jpg,"হেসে যা পাগলা। হেসে যা , হেসে যা ",0,Neutral 
Neutral_1657.jpg,"নিজেকে টিভিতে দেখতে চাও ? দুটো স্টেপ ফলো করো সবাই। স্টেপ ১- প্রথম টিভিটা বন্ধ করে দাও,স্টেপ ২ - এবার টিভির সামনে দাড়িয়ে পড়ো । ",0,Neutral 
Neutral_533.jpg,যখন আম্মুকে কেউ আমাকে তাড়াতাড়ি বিয়ে করানোর ব্যাপারে পরামর্শ দেয়। ,0,Neutral 
Neutral_503.jpg,"জিনে এনে বাড়িতে দিয়ে গেছে, নিখোঁজের ১২ দিন পর প্রবাসীর স্ত্রীকে। ",0,Neutral 
Hateful_64.jpg,"ঐ শালার ঘরের শালা, কম্পিটিশন লাগাইতে চাস তুই? ",1,Personal 
Neutral_145.jpg,"কেউ ক্লাসে নাই, এই সুযোগে চিমটুর ব্যাগ দিয়ে বেঞ্চের ধুলাগুলো পরিস্কার করি। ",0,Neutral 
Neutral_1881.jpg,"মেয়েদের গোল গোল, ছেলেদের লম্বা জিনিসটা কি বলতো? ",0,Neutral 
Neutral_1484.jpg,"জীবনে ব্রেকাপের চেয়ে কষ্টের কিছু নাই, আমি বলি রাত্রে বেলা কুত্তার দাবরানি খাইছো কখনো?",0,Neutral 
Hateful_529.jpg,"কারাগাওরে পাপিয়ার করুন জীবন, দেখতে আসে না কেউ। ",1,Personal 
Neutral_638.jpg,"ভারতীয় সিরিয়ালের কান্ড, প্লেন উড়িয়ে হাসির খোরাক নায়িকা। ",0,Neutral 
Hateful_181.jpg,ভারত কে সব দিয়ে এলেও আমি কিন্তু খালি হাতে ফিরিনি। এনেছি এই দোনের আশ^াস। ,1,Personal 
Hateful_629.jpg,মেয়রপুত্র সাম্য হত্যায় তিনজনের ফাঁসির আদেশ। ,1,Personal 
Hateful_1787.jpg,ইসরায়েলি সৈন্যদের খন্ডিত দেহ। ,1,Geopolitical
Neutral_1383.jpg,আমার রুমে ঘুমাতে এসে আমার হাতে বেদম প্রহার খাওয়ার পর আমার ছোট ভাই। ,0,Neutral 
Neutral_1388.jpg,ছোটবেলায় পিতা-পুত্রের অঙ্ক করতে গিয়ে যখন পিতার চেয়ে পুত্রের বয়স বেশি হয়ে যেত। ,0,Neutral 
Hateful_1798.jpg,"খালপার হইলে, মাঝি কোন শালা । ",1,Personal 
Neutral_357.jpg,যখন তুমি সিংহ কিন্তু তোমার গফ তোমাকে বাবু বলে ডাকে। ,0,Neutral 
Hateful_370.jpg,"স্যার একটা বেআইনি মদের  ট্রাক ধরেছি, সাবাস! আর একটা চানাচুরের ট্রাক ধরে ফেলো, তাহলে আজ রাতে একটা পার্টি হয়ে যাবে। ",1,Personal 
Neutral_318.jpg,"জন্মদিনে মেয়েরা, হ্যাপি বার্থডে দোস্ত, কি খাওযাবি বল। এখন টাকা নাই কয়েক দিন পরে ট্রিট দিব। ",0,Neutral 
Neutral_476.jpg,"এখানে পদার্থের তিনটি অবস্থা আমরা শিখতে পারি, উড়ন্ত বেলুন, ঝুলন্ত বেলুন আর পড়ন্ত বেলুন। ",0,Neutral 
Neutral_1860.jpg,ফজলামির একটা সীমা আছে। চাপা মারার একটা লিমিট আছে|,0,Neutral 
Hateful_1001.jpg,"মুখ খুলছে দারোয়ান, দিহানের শাস্তি চান দিহানের বাবা। ",1,Personal 
Hateful_334.jpg,"হবে তো শুরু চোষা হবে শুধু, মজা নিবা তোমরা আছি সাথে আমরা। ",1,Personal 
Hateful_269.jpg,চারবার আমাকে হত্যার চেষ্টা করা হয়েছে। ,1,Personal 
Hateful_1410.jpg,"আমার জুতা, তোর মুখ। জুতা মেরে তোর অবস্থা খারাপ করে দেব। ",1,Personal 
Hateful_1898.jpg,"মেরে দে মামা! মেরে দে, ইনসেপ্টার ৩০ লাখ টাকা ত্রাণের ২৭ লাখই আত্মসাৎ। ",1,Personal 
Hateful_1260.jpg,মৃত্যুপুরী যুক্তরাষ্ট্র ২৪ ঘন্টর রেকর্ড ১৯৭০ জনের প্রাণহানি। ,1,Personal 
Hateful_1464.jpg,গুম রাজনীতির উত্থান করেছিলো শেখ মুজিব। ,1,Geopolitical
Hateful_1522.jpg,"ভয় পেলেই আপনি পরাজিত, সেই জন্যই ওরা আপনাকে ভয় দেখায়। ",1,Personal 
Hateful_1136.jpg,"যৌতুন না দেওয়ায় রাণীনগরে তালাকের পর দ্বিতীয় বিয়ে, সাফিয়া বিবির আত্মহত্যা। ",1,Personal 
Hateful_1847.jpg,রেইনকোর্ট আপনাকে বৃষ্টি থেকে সুরক্ষা দিবে আর মুুজিবকোট আপনাকে পুলিশ থেকে সুরক্ষা দিবে।,1,Geopolitical
Hateful_1142.jpg,"বাচ্চার শত্রু বাচ্চা, চোখে জল আসবেই। ",1,Personal 
Hateful_1217.jpg,বিএনপির আন্দোলনের ঈদটা ঠিক করে আসবে? ,1,Political
Hateful_466.jpg,"ভারতীয় অফিসারের রহস্যময় মৃত্যু , ধৃত স্ত্রী। ",1,Personal 
Neutral_774.jpg,"বান্ধবী তোর ছোট বেলার পিক, যখন তুই একেবারে ছোট ছিলি। ",0,Neutral 
Neutral_771.jpg,"যার এমন একটা ঢঙ্গী মেয়ে হবে, তার জন্য এই অবস্থা।",0,Neutral 
Hateful_169.jpg,মোদি সরকারকে চোর বলে গালি দিয়ে চ্যালেঞ্জ করেছে ভারতীয় কিষান ইন্ডিয়ানের সভাপতি। ,1,Personal 
Neutral_1117.jpg,"আচ্ছা, লাইফের সব সমস্যা ঐ ২০ জন কে মেসেজ ফরোয়ার্ড ন করার কারনেই হচ্ছে না তো। ",0,Neutral 
Hateful_2237.jpg,চুদেই মেরে ফেলবো তোমায়। পিরিতের রসে তোরে ভিজাইয়া দিমু। ,1,Personal 
Neutral_787.jpg,পাপিয়ার অধীনে কাজ করতো ১৭ শত সুন্দরী নারী। ,0,Neutral 
Neutral_317.jpg,"রাতের বেলা পিছন থেকে আওয়াজ শুনতে পারি, তখন ঐ কেডা রে এইহানে? ",0,Neutral 
Hateful_2208.jpg,কখনো এই চিন্তা মাথায় স্থান দিবা না।,1,Personal 
Neutral_1086.jpg,শীতকালে বিবাহিতরা আর অবিবাহিতরা। ,0,Neutral 
Hateful_900.jpg,সংবাদপত্রে বিএনপি-জামাতের দুর্নীতি ও সন্ত্রাসের চিত্র। ,1,Political
Neutral_931.jpg,ড্রাগ নেওয়ার পর তোমার ফিগার আর ১ বোতল জল খাওয়ার পর আমার ফিগার। ,0,Neutral 
Hateful_1970.jpg,বাংলাদেশের জন্য একটা আন্তর্জাতিক মানের গণতন্ত্র বানাইলাম। ,1,Geopolitical
Neutral_1218.jpg,এলাকার ছোট ভাই যারে আজীবন হাফ লেডিস বইলা ডাকতাম। ,0,Neutral 
Hateful_822.jpg,"দাদা, আমার ছেলে জয়ের হাজার কোটি টাকা লুটের খবরতো দেশবাসীর মুখে মুখে, নিজামীর ফাঁসী দ্রুত কাযকর করেন। দেশব্যাপী খালেদা জিয়ার নামে মানহানি মামলা করুন। ",1,Political
Hateful_2489.jpg,মাছ রান্নায় করনি কেন? মাছটাকে মারতে পারলাম না। কিভাবে মারার চেষ্টা করেছিলে? কেন! পানিতে চুবিয়ে। ,1,Personal 
Neutral_268.jpg,জীবনে প্রথমবার কক্সবাজারে যাওয়ার পর বাঙালি। ,0,Neutral 
Neutral_9.jpg,"সোনা তোমার নাম কোথায় লিখব হাতে না হৃদয়ে? আরে পাগলি, যদি এতই ভালোবাসিস সম্পত্তির দলিলে নামটা লিখে দেখা দেখি। ",0,Neutral 
Hateful_2230.jpg,খা খা খা আমায় চুষে চুষে খা আমায় গিলে খা।,1,Personal 
Hateful_654.jpg,"দেখ ভাই আর যাই করছ, ফেনীর পোলাপাইনের সামনে চোখ নামাইয়া কথা কইচ। ",1,Personal 
Hateful_612.jpg,শ্রমিকলীগ নেতার স্ত্রীর দাপট। নেতার স্ত্রীর দাপটে টেকা দায়। ,1,Political
Neutral_899.jpg,মানব জীবনে এমন কিছু ডিপ্রেশন রয়েছে যা ¯্রষ্টা ছাড়া কারো কাছে শেয়ার করা যায় না। ,0,Neutral 
Neutral_1919.jpg,বিয়ে করা আর মোবাইল কেনার পর একটাই আফসোস হয় ইসস! আর কিছুদিন অপেক্ষা করলে আরো ভালো মডেল পাইতে পারতাম। ,0,Neutral 
Hateful_1959.jpg,পয়লা বৈশাখের কথিত মঙ্গল শোভাযাত্রা আর হিন্দু সম্প্রদায়ের রথযাত্রার মধ্যে পার্থক্য কোথায়? ,1,Religious
Neutral_331.jpg,মনে হয় পায়খানায় বসে ছবি তুলছে। দেখে তো তেমনই মনে হয়। ,0,Neutral 
Hateful_2245.jpg,"তোর কপালে জুতার বারি, হারামি।",1,Personal 
Hateful_1251.jpg,চাঞ্চল্যকর সেই হত্যার আসামী এসআই আকবর গ্রেফতার। ,1,Personal 
Neutral_1038.jpg,"১৪ ফেব্রুয়ারি ১৪৪ ধারা চাই, ভাবছি আমিও যোগ দেব এই দলে। ",0,Neutral 
Hateful_1049.jpg,১০ হাজার টাকার জন্য পুলিশের হাতে খুন আমাদের নিরাপত্তা কোথায়? ,1,Personal 
Neutral_1427.jpg,"আমি আর আমার বন্ধু যখন বলি হালায় এক নম্বর কুত্তা, তখন পাশ থেকে হেটে যাওয়া লোক। ",0,Neutral 
Neutral_621.jpg,তুই যুক্তরাজ্য থেকে ওদের জন্য রড পাঠা। ,0,Neutral 
Hateful_2296.jpg,যন্ত্রপতি রেডী কর। আমি তোর যন্ত্রপাতি দেখতে চাই তারা তারি রেডি কর। ,1,Personal 
Hateful_985.jpg,"আনুশকার দাফন, তারপর কি হলো? ",1,Personal 
Neutral_1294.jpg,"জীবনেও কিছু না খাওয়ানো বন্ধু যখন আমাকে খেতে দেখে বলে, একা একা খাওয়া তাইলে? ",0,Neutral 
Hateful_168.jpg,স্পীড কমিয়ে জোরে জোরে মারো জান। চুদতে চুদতে পাগল করে দাও। ,1,Personal 
Hateful_706.jpg,আবরারের খুনী ছাত্রলীগ নেতাদের ফাসি চাই। ,1,Political
Neutral_20.jpg,কার হবে এই ট্রফি? শেষ্ঠা নাকি মোহরের? ,0,Neutral 
Neutral_4.jpg,"ধরো আমার নাম আমি আর তোমার নাম তুমি, তাহলে পাগল টা কে? আমি না তুমি? ",0,Neutral 
Neutral_508.jpg,"জানি ছ্যাকা দেবে, তাও একটা শেষ চেষ্ট করব। ",0,Neutral 
Neutral_1201.jpg,বউ হারালে বউ পাওয়া যায় কিন্তু ছেলেকে বাজার করতে দিলে বেঁচে থাকা টাকা কখনো ফিরে পাওয়া যায় না কাকু |,0,Neutral 
Neutral_632.jpg,আগে যেতে চাইলে উড়ে যান। সাইড দেয়ার কোন সুযোগ নাই। ,0,Neutral 
Hateful_2033.jpg,"হাসিনার বার্তা নিয়ে প্রনবের কাছে তোফায়েল, ক্ষমতা ছাড়লে মেরে ফেলবে জণগন। ",1,Geopolitical
Hateful_463.jpg,রাত ১ টা নাগাদ ছাদে উঠে গ্রিলের তালা ভেঙে ঘরে ঢুকে ঘরের দরজা ঠুকতে থাকে। ,1,Personal 
Hateful_1879.jpg,কোটা বিরোধী আন্দোলনে জড়িতরা পাকিস্তানিদের দোসরঃ খাদ্যমন্ত্রী। ,1,Geopolitical
Neutral_1392.jpg,"ক্লাশে প্রেজেন্ট দিয়ে বন্ধু যখন বসতে যায়, তখন পিছন থেকে আমি কলম খাড়া করে রাখলে যা হয়। ",0,Neutral 
Neutral_803.jpg,ওরা কারা? যারা  বাচ্চা দেখলেই আদর করা শুরু করে দেয়। ,0,Neutral 
Hateful_318.jpg,"মোদিজী ও ভারতকে নিয়ে বিভ্রান্তি, বিএনপি থেকে ভারত বিরোধী ও শরীক কাঠ মোল্লাদের উষ্টা মেরে বের করে দেন জনাব তারেক রহমান। ",1,Geopolitical
Neutral_119.jpg,ভাইয়া কোথায় পড়েন? কেন? লোগো দেইখা তো অনেক চিল্লাস এখন বলতে পারোস না? ,0,Neutral 
Hateful_510.jpg,আওয়ামীলীগের শাসনামলে সংঘবদ্ধ ধর্ষণ বেড়েছে ছয়গুণ। ,1,Political
Neutral_1589.jpg,গ্রামের বাড়িতে সন্ধেবেলায়  বিদ্যুৎ চলে যাবার পর। ,0,Neutral 
Neutral_1814.jpg,"আমরা বেকার-ই ঝগড়া করে মরি, আর ওই দিকে মেসি নেইমার একসাথে রুটি বানায়। ",0,Neutral 
Neutral_766.jpg,কঢ়ুর লতি কালার শাড়ীর সাথে কি কালার ব্লাউজ মানাইবে আপুরা একটু হেল্প করো। ,0,Neutral 
Hateful_1276.jpg,"বলতো, সানিলিওন কত বছর বয়সে প্রথম যৌন মিলন করে? ",1,Personal 
Neutral_1519.jpg,অমনোযোগী ছাত্র/ছাত্রীদের জন্য ব্যথা মুক্তভাবে মুসলমানি করানো হয়। ,0,Neutral 
Neutral_185.jpg,"এদিকে বাড়িতে রেজাল্টের খবর শুনানোর পর আব্বু আম্মুর রিয়েকশন দেখার পর, এখন আমার অবস্থা কি হবে, ভাবতে থাকা আমি। ",0,Neutral 
Neutral_1434.jpg,মেয়েদের ব্যাগ বিয়ের আগে  ও  বিয়ের পরে। ,0,Neutral 
Hateful_2046.jpg,"কুলাঙ্গার লতিফ সিদ্দিকী হজ ও প্রিয়নবীকে কটাক্ষ করল, তরিকত ফেডারেশন ও জশনে জলুসের আশেকে রাসুল (সঃ) গেল কোথায়? ",1,Religious
Hateful_1310.jpg,লাইভে এসে হুংকার দিয়ে ছেলে-মেয়েদের পাক বানানোর ওস্তাদ ইনি। ,1,Personal 
Neutral_568.jpg,"যখন কেউ বলে, নিজের খেয়াল রেখো। ",0,Neutral 
Neutral_116.jpg,"স্যার ক্লাসে যখন সস্তা জোকস বলে, তখন ক্লাসের টপার বলে, স্যার আরো বলুন। ",0,Neutral 
Neutral_359.jpg,জীবনে কারো জন্য হাত না কাটা আমি। কখনোই আমি হাত কাটিনি।,0,Neutral 
Neutral_1230.jpg,এখন বুজতেসি কোন বন্ধুর সাথে বসলে বেশি সুবিধা পাবো। ,0,Neutral 
Hateful_1975.jpg,পৌর নির্বাচনে মজলুমের রক্তের উপর ভাসমান নৌকাকে না বলুন।,1,Geopolitical
Hateful_233.jpg,"ঘৃণা ঝগড়া বাড়ায়, কিন্তু প্রেম সব অধর্ম ঢেকে দেয়। ",1,Personal 
Hateful_1692.jpg,"রতনে রতন চেনে, শুয়রে চেনে কচু।",1,Personal 
Hateful_992.jpg,আনুশকা এবং দিহান কে ও হার মানালো এরা। ,1,Personal 
Hateful_2212.jpg,"তুমি তো বেয়াদব, বিরাট বেয়াদব।",1,Personal 
Neutral_710.jpg,ঝালকাঠীর মেয়েরা আজকাল যা করে তা দেখলে আর সহ্য হয় না। ,0,Neutral 
Hateful_588.jpg,"শালা কি বলে, ধর্ম আবার কী? শালীকে জুতা পেটা করা উচিত। ",1,Religious
Neutral_1997.jpg,"যখন দেখি বাসায় মেহমানের সাথে তাদের পোলাপাইনও আসছে তখন আমি, আগে কোলবালিশটা লুকিয়ে আসি। ",0,Neutral 
Hateful_1099.jpg,নানাভাবে বাংলা বইকে হিন্দুধর্ম শিক্ষার বই বানানো হচ্ছে। শিক্ষা ব্যবস্থাকে হিন্দুয়ানীর আলোকে তৈরি করার কী অদ্ভুদ প্রকিয়া। ,1,Religious
Neutral_574.jpg,ঠিকঠাক মত শুয়ে পরার পর যখন মনে পরে এয়ারফোন টেবিলে। ,0,Neutral 
Neutral_518.jpg,"তারপর একদিন হিমু ফিরে আসলে যখন দেখি রুপা সারাক্ষণ শুধু তার স্বামীর খেদমত ই করছে, তখন আমি, এ আমি কোন সত্বী নারীকে ভালোবাসলাম। ",0,Neutral 
Hateful_317.jpg,এই সেই বিরোধপূর্ণ ভূমি। জৈন্তাপুর ও গোয়াইনঘাট সীমান্তের যেখানে এসে ভারতীয় খাসীয়ারা বাংলাদেশের জমিতে চাষাবাদ করে। ,1,Geopolitical
Hateful_223.jpg,"শালা এগুলো, ফেসবুক প্রোফাইল না ২ জনের কথোপকথন?",1,Personal 
Neutral_685.jpg,"কয়টা বাসায় কাজ করো ? ৪ টা বাসায় আফা। তো ডিভোর্স হইলো ক্যান? না আফা শাশুড়িডা ভালো ছিল না, বাড়ীর সব কাম আমারে দিয়া করাইতো, তো এখন তোমারে ৪ টা বাড়িতে বসাইয়া খাওয়াতেছে? ",0,Neutral 
Hateful_2123.jpg,বাংলার মুসলমান হত্যা করতে তুই ই পারবিরে পাগলী।,1,Geopolitical
Hateful_368.jpg,সাহস আছে এগুলোতে উঠবার ? হার্ট দুর্বল না তো?,1,Personal 
Hateful_1821.jpg,সরকার ধর্মদ্রোহী নাস্তিকদের বিরুদ্ধে ব্যবস্থা না নিয়ে ধর্মীয় মূল্যবোধে বিশ্বাসী আমারদেশ পত্রিকার বিরুদ্ধে ব্যবস্থা নিচ্ছে। ,1,Religious
Hateful_630.jpg,"অন্যের ক্ষতি করা থেকে বিরত থাকুন। অন্যের ক্ষতি করলে, নিজেরও ক্ষতি হবেই। তাই অন্যের ক্ষতি করে নিজের ক্ষতি ডেকে আনবেন না। ",1,Personal 
Hateful_1755.jpg,পালানোর পথ খুঁজছে খুনীরা। এই খুনিরাই দেশটাকে শেষ করে দিল। ,1,Geopolitical
Hateful_1234.jpg,চাঁদাবাজ আকবরের পদে এসআই জুয়াড়ি শাহিন পরে বদলি। ,1,Personal 
Hateful_656.jpg,"প্যান্ট শার্ট টাই পরে, ঝাড়ু হাতে ময়লা পরিস্কারের অভিনয় না করে। ঘুষ খাওয়া বন্ধ করে, নিজের মনটাকে আগে পরিস্কার করুন। ",1,Personal 
Neutral_839.jpg,"ফেলে আসা দিনগুলি, আরেকটু ঘুরিয়ে দে। ",0,Neutral 
Hateful_1030.jpg,দিহানের সব কুকীর্তি ফাস করলো আনুশকার বান্ধবী ও শিক্ষক। ,1,Personal 
Hateful_1477.jpg,সত্যি করে বল ডাইনোসর বিলুপ্ত হয়ে গেছিল নাকি তোরা খেয়ে ফেলেছিলি? ,1,Geopolitical
Hateful_1759.jpg,ওরে জুতা মার।  ওর কপালে জুতা মার। ,1,Personal 
Hateful_951.jpg,আনুশকার মাকে নিয়ে একি বললেন আব্বাসী? আবারও মসজিদের সামনে ডান্স। ,1,Personal 
Hateful_432.jpg,"জামাই শাশুড়ির বিয়ের আসল কারন, সত্য ঘটনা ফাস। ",1,Personal 
Neutral_563.jpg,যখন তুমি সব গুছিয়ে আরামে বিছানায় শুয়ে পড়ো কিন্তু বাতিই অফ করতে ভুলে যাও। ,0,Neutral 
Hateful_2321.jpg,"ওরে মাগী!    জোরে দে, জোরে দে। জোরে জোরে লাগা।",1,Personal 
Neutral_1851.jpg,অসম্ভবকে সম্ভব করাই অনন্তর কাজ। ,0,Neutral 
Hateful_2313.jpg,পিরিতের রসে তোরে ভিজাইয়া দিমু।    ,1,Personal 
Hateful_2463.jpg,৫ বল খেলে লাস্ট বলে সিঙ্গেল নেওয়া মানুষগুলার মতো ক্রিমিনাল আর একটাও নেই।,1,Personal 
Hateful_2347.jpg,"রেগে যাচ্ছেন কোনো? রাগবেন না, বেশি রাগলে হার্টের ক্ষতি হয়। ",1,Personal 
Neutral_1166.jpg,"ফ্রেন্ড তো অনেক থাকে কিন্তু, কলিজার টুকরা অনেক কম থাকে। ",0,Neutral 
Hateful_2067.jpg,যাদের দোয়া ও শিক্ষায় আমাদের চলার পথ আল্লাহর পথে পরিণত হয় তাদের রক্তে রঞ্জিত করছে শেখ হাসিনার আওয়ামীলীগ।,1,Geopolitical
Hateful_1523.jpg,"গয়েশ^রকে দেখতে নয়াপল্টনে বিদ্যুৎ প্রতিমন্ত্রী, এ যেনো সর্প হইয়া দংশন করো ওঁঝা হইয়া ঝাড়ো অবস্থা। ",1,Geopolitical
Hateful_887.jpg,যদি তুমি মাকে জেলে রেখে লন্ডনে লুকিয়ে থাকো তবে তুমি তারেক। ,1,Political
Hateful_2137.jpg,"হাসিনার লগি বৈঠা ভুলি নাই, ভুলব না। ",1,Geopolitical
Hateful_1833.jpg,"বললাম তো ঘটনা ভাইরাল হইলে আইসেন, মামলা নেবনে। ",1,Personal 
Hateful_2087.jpg,অবৈধ প্রধান মন্ত্রীর অসভ্য ভাষা। এর আর কি বলব এর তো আর কিছু বলা নাই। ,1,Geopolitical
Hateful_1392.jpg,"বিড়াল দুধের উপর বসা দেখে আমার ইচ্ছা, এইবার মরলে শালা বিড়াল হবো। ",1,Personal 
Neutral_1795.jpg,যখন তুমি টানা ৯ বার মারার পর ১০ তম বার তোমার ঝুনঝুনিতে হাত দাও। ,0,Neutral 
Hateful_274.jpg,মুক্তিযুদ্ধের নামে লুন্ঠনকারী দুর্নীতিবাজ রগচটা বদমেজাজী আ ক ম মোজাম্মেল হককে আপনারা আবারো আওয়ামীলীগের মন্ত্রী হিসেবে দেখতে চান? ,1,Political
Neutral_1757.jpg,"শেভ করলে তোমাকে দারুন লাগে, আর তোমাকেও । ",0,Neutral 
Neutral_1772.jpg,এত উকুন নিয়ে রাতে ঘুমোস কী করে বু ?,0,Neutral 
Hateful_2142.jpg,"স্বরাষ্ট্রমন্ত্রী একজন বড় রাজাকার, তাকে ধরে ফাঁসি দিন। তাহলে বুঝতে পারবো আপনারা সত্যিকারে রাজাকারের বিচার করছেন।",1,Geopolitical
Hateful_2341.jpg,গুয়ের সন্দেশ প্রতি কেজি ৪৫০ টাকা।,1,Personal 
Neutral_303.jpg,"পরে যখন জানতে পারি এই মেয়েটি আমাদের একানে রাধুনী হয়ে কাজ করতে এসেছে, তখন আমি। ",0,Neutral 
Hateful_2066.jpg,সাত খুন নয় পুরো বাংলাদেশকে হত্যা করলেও আমাকেও কেউ ক্ষমতা থেকে নামাতে পারবে না- মায়া। ,1,Geopolitical
Hateful_73.jpg,কিছুক্ষন পর দেখি বন্ধু ও ভয়ের ঠেলায় বিড়ি ধরাইতাছে। ,1,Personal 
Hateful_175.jpg,"সারা বছর না পড়েও যখন শুনি বেতন দিতে হবে, আই ফাক ইওর সিস্টেম। ",1,Personal 
Hateful_392.jpg,এক পরাশক্তির অন্যায় যুদ্ধ আতঙ্কিত করেছে বিশে^র মানুষকে। ,1,Geopolitical
Neutral_1719.jpg,হয় ফোন ঘাটা বন্ধ কর নয় বাড়ি থেকে বেরিয়ে যা। ,0,Neutral 
Hateful_916.jpg,কেরলে প্রকৃতির প্রতিশোধ এমনই মারাত্মক। ,1,Personal 
Neutral_661.jpg,"আমার সাথে কি হইছে জানতে পারার পর আমার ছোট ভাই, কি দাদা কি খবর? ",0,Neutral 
Neutral_1668.jpg,"উদ্ভিদের প্রাণ আছে বলেছিলাম,  আজ দেখছি লজ্জাও আছে।  ",0,Neutral 
Neutral_433.jpg,"যায়াবেটিকসের রোগী প্রতিবার মিষ্টি খাওয়ার সময়, জনি আরো বেড়ে যাবে, তাও শেষবারের মত খেতে হবে। ",0,Neutral 
Hateful_1083.jpg,"চীনের জীবাণু যুদ্ধ, তৃতীয় বিশ^যুদ্ধের মহড়া। ",1,Geopolitical
Neutral_925.jpg,"পৃথিবীতে একটাই সমস্য সেটা হলো বউ, কেউ আনার জন্য কাঁদছে আর কেউ এনে কাদছে। ",0,Neutral 
Neutral_707.jpg,আরিফ ভাইয়ের দুধের মালাই। কিছুই বুঝলাম না। ,0,Neutral 
Neutral_326.jpg,"আমি, পানি গরম করে দাও গোসল করবো। আম্মু, তুমি কি রাজপুত্র? ",0,Neutral 
Neutral_302.jpg,"কিন্তু যখন দেখতে পাই যে, মমতাদি আমাকে কোনো পাত্তাই দিচ্ছে না, তখন আমি। ",0,Neutral 
Neutral_1423.jpg,তরমুজের উপরে সবুজ আর ভেতরে লাল হওয়া সত্ত্বেও কাঁঠাল কেনো আমাদের জাতীয় ফল? ,0,Neutral 
Hateful_286.jpg,কে এই মিথ্যাবাদী প্রিয়া সাহা? একে বিচারের আওতায় আনা হোক। ,1,Personal 
Neutral_1252.jpg,"কুদ্দুস যখন বলে,  ভাই আমার একটা সুন্দরী শালী আছে, যদি চান তাহলে আমি আমার শালীকে আপনার বিয়ের প্রস্তাবটা দিতে পারি। ",0,Neutral 
Neutral_294.jpg,"আমিও মমতাদির উত্তরে বলি যে, আমি তো সন্দেশই বুঝাইছি। ",0,Neutral 
Neutral_639.jpg,"কয়েক দিন ধরে কিছু খাচ্ছে না, খুব চিন্তায় পরে গেছি। ",0,Neutral 
Hateful_864.jpg,ফেসবুক লাইভে এসে স্ত্রীকে কুপিয়ে হত্যার আসল কারণ এবার জানা গেল। ,1,Personal 
Neutral_1569.jpg,প্রজেক্টরে পড়াতে গিয়ে যখন স্যার ভুলে ১৯-২০ ভিডিও চালু করে ফেলে। ,0,Neutral 
Hateful_2441.jpg,"বন্ধুর সাথে রেস্টুরেন্টে গেছিলাম, কোন হালায় ফেস এ্যাপ দিয়ে এই আকাম টা করছে, এখন বাসায় ভূমিকম্প চলে। ",1,Personal 
Neutral_1335.jpg,এখন কি করমু? ক্রিসমাসের পর লাগাদার আন্দোলনের ঘোষণা দেন। ,0,Neutral 
Hateful_2080.jpg,"ছাত্রলীগ, যুবলীগ, আওয়ামীলীগ একটি জঙ্গি, সন্ত্রাসী সংগঠন। এদের নিষিদ্ধ ঘোষণা করা হোক। ",1,Geopolitical
Hateful_759.jpg,যেখানে হিন্দু পাও হত্যা করো। হিন্দুদের আস্তানা শেষ করতে হবে। ,1,Religious
Neutral_1968.jpg,তোমার দিকে কেউ নজর দিলে ওর চোখ তুইলা ফালামু। তোমার নজরই তো সুবিধার লাগছেনা । ,0,Neutral 
Neutral_141.jpg,"রাত ৩ টা বাজে বাথরুমে গিয়ে এক্সের কথা ভেবে আমি যখন কাদতে থাকি, তখন বাথরুমে থাকা জি¦ন। ",0,Neutral 
Hateful_1574.jpg,"সমস্যা হাজারটা, সমাধান একটাই, অভিনেত্রীর পতন চাই। ",1,Geopolitical
Hateful_821.jpg,"শ্যামল কান্তি ভক্ত বলেন তোদের আল্লাহ নাপাক, তোরাও নাপাক। নাউজুবিল্লাহ, শ্যামল কান্তির ফাঁসি চাই। ",1,Religious
Hateful_1777.jpg,মানুষরূপী শয়তান। এই শয়তানরা প্রকৃত শয়তানের চেয়ে ভয়ংকর হয়। ,1,Personal 
Neutral_1437.jpg,"যাও চার্লি, তোমার আম্মুকে বলো যে, তোমার একটা ভাই/বোন লাগবে। ",0,Neutral 
Neutral_938.jpg,পোশাকের উপরই কারো চরিত্র নির্ভর করে না। ,0,Neutral 
Hateful_2467.jpg,বন্ধু যখণ পাশে বসে বিড়ি জালায় আর যখন আপনাকে বিড়ির পুটকি দেয়। ,1,Personal 
Neutral_1158.jpg,ছ্যাঁকা খেয়েছেন? সেটা বড় কথা নয়। প্রেমে অংশ গ্রহণ করতে পেরেছেন এট্ইা বড় কথা। ,0,Neutral 
Neutral_247.jpg,"রাতের বেলা এক বড় ভাইয়ের সাথে ফুল স্পিডে বাইক চালিয়ে বাসায় ফিরতেছিলাম, এমন সময়- এইযে, এইখানটায় আমি এক্সিডেন্ট করে মারা গেছিলাম। ",0,Neutral 
Neutral_832.jpg,মেনশন করুন এত বুদ্ধি যার মাথায় হতে পারে। ,0,Neutral 
Hateful_1055.jpg,"হত্যা হলো নির্বাচিত কমিশনার, এ কোন দেশে বসবাস করছি আমরা। ",1,Political
Hateful_1500.jpg,ওদিকে পাকিস্তান হামলা করছে আর তোরা এখানে হিন্দু মুসলমান নিয়ে লাড়াই করছিস। ভুলে যাসনা আমরা সবাই ভারতীয় আমাদের শত্রু পাকিস্তান। ,1,Geopolitical
Neutral_2000.jpg,"এই আজতো আমাদের ১ম বিবাহ বার্ষিকী, আমরা আজ কি করব? আসো, আমরা দুই মিনিট দাড়িয়ে নিরবতা পালন করি। ",0,Neutral 
Hateful_1855.jpg,"জ¦লছে দিল্লি, বাঙালি সাংবাদিকের প্যান্ট খুলতে ধর্ম যাচাই। ",1,Religious
Neutral_1537.jpg,যখন হটাৎ রাস্তায় বেস্টফ্রেন্ড এর সাথে দেখা হয়। ,0,Neutral 
Hateful_2293.jpg,পাছাডা ধ্বংস কইরা লাইছিরে ভাই।,1,Personal 
Hateful_1375.jpg,"আমার বিয়ের গাড়ির ফুল কেউ ছিড়বি না, বলে দিলাম।",1,Personal 
Neutral_411.jpg,"জুমার নামাজের পর মোনাজাত ধরে আছি, আর জিলাপির প্যাকেটের দিকে নজর রাখছি। ",0,Neutral 
Neutral_1325.jpg,"পাম দিস না, পাম দিস না,  আসল কথা বল। ",0,Neutral 
Neutral_254.jpg,তারপর ঐ জীন তার গার্লফ্রেন্ড জীনকে নিয়ে আমার সামনে থেকে চলে যায়। ,0,Neutral 
Neutral_845.jpg,"গাড়িতে সিসি ক্যমেরা লাগানো আছে, টোনাটুনি সাবধান। ",0,Neutral 
Hateful_2204.jpg,আমার বুকে কি যে কষ্ট।  আমি এখন আমি কি করমু? ,1,Personal 
Hateful_1132.jpg,গার্মেন্টস ধ্বংসে ২০ হাজার ভারতীয় ম্যানেজারের ইন্ধন। ,1,Personal 
Hateful_1036.jpg,কেনো আনুশকার মত মেয়েদের সাথে এমন হয় ? ,1,Personal 
Neutral_354.jpg,"যখন শুনি গ্রামের চাচাতো ভাই আমাদের এখানে চাকরীর সন্ধানে এসছে, তখন আমি। ",0,Neutral 
Hateful_1020.jpg,"দিহান আনুশকার কঠিন পরিনতি, আসল দায়ী কারা? ",1,Personal 
Hateful_1435.jpg,"দাড়া, দুটো বাল ছিড়ে তার হাতে দেই। ",1,Personal 
Hateful_2255.jpg,তুই আমারে চ্যালেঞ্জ করতাছোস?   তোরে আমি কিন্তু দেখাইয়া দিমু। ,1,Personal 
Neutral_18.jpg,সে কোথায়? যার জন্য আমি সিঙ্গেল। ,0,Neutral 
Hateful_164.jpg,"অনেক রাত হইছে শীত লাগতেছে খুব তাই আমি, যাই মুতি আসি হুতি পরি। ",1,Personal 
Hateful_2269.jpg,খানকির পোলায় কয় কি?  ওয়ান টু তে খালাস কইরা দিমু।,1,Personal 
Neutral_1190.jpg,"মেকাপ করা মেয়েদের দিকে দুবার তাকাতে হয়। একবার মুখের দিকে, আর একবার পায়ের দিকে। ",0,Neutral 
Hateful_721.jpg,"নতুন নামে ডাকো, তেল বাবাই হলে নতুন নাম। ",1,Personal 
Hateful_1202.jpg,"জীবনে তো চুরি বাটপারী করে কম ম্যাচ জিতলি না সেগুলি কি করলি? মাম নম ওয়াস্তে একটা ম্যাচ ভিক্ষা দেন,বিড়ি খামু। ",1,Personal 
Hateful_1252.jpg,কল্যান পার্টির সরকার পতনের দোয়া। ,1,Political
Neutral_455.jpg,আমার অবস্থা দেখে আমার বন্ধুরা। ,0,Neutral 
Neutral_1022.jpg,মেয়েরা হাসলে টোল পরুক বা না পরুক কিন্তু ঘুমানোর সময় লুল ঠিকই পরে। ,0,Neutral 
Neutral_1074.jpg,"অন্যদের ফোনে মেসেজ আসে বাবু খাইছো, কি করো, গুড মর্নিং,  আর আমার ফোনে আসে ১ জিবি ১৭ টাকা মেয়াদ ১২ ঘন্টা। ",0,Neutral 
Hateful_1837.jpg,আওয়ামী ধর্ষক মিডনাইট এমপি নাজিম উদ্দিন আহমেদের কান্ড।,1,Geopolitical
Neutral_885.jpg,বাংলাদেশের কিছু বিখ্যাত মেধাবী ব্যক্তি। ,0,Neutral 
Hateful_638.jpg,এটা কি বাল বানিয়েছো? একদম খুন্তি ছেকা দিয়ে দেব। ,1,Personal 
Neutral_1105.jpg,"কি করলাম জীবনে? না পেলাম প্রেম পত্র, না পেলাম মনোনয়ন পত্র। ",0,Neutral 
Neutral_452.jpg,"দোস্ত গায়ে হলুদের পরের দিন আমার বিয়ে দাওয়াত রইল, গায়ে হলুদ কোনদিন? বিয়ের আগের দিন। ",0,Neutral 
Neutral_1834.jpg,বুকে আয় ভাই। আয় তোরে অনেকদিন পর্যন্ত খুজতেছি। ,0,Neutral 
Hateful_800.jpg,"মদ খাবো না খাবো চুল্লু রে, চুল্লুর প্যাকেট আমার কানে কানে কয়। ",1,Personal 
Neutral_909.jpg,বেঁচে থাকার জন্য দ্বিতীয় অক্সিজেন হলো মা। ,0,Neutral 
Hateful_1186.jpg,"চরম মূল্য দিতে হবে পিয়ংইয়ংকে, যদি তারা যুদ্ধ থেকে ফিরে না আসে। ",1,Geopolitical
Neutral_1382.jpg,স্ত্রীর সম্মতি ছাড়া যৌন সম্পর্ক ধর্ষণ গণ্য হবে বলা তার বউ  এবং যৌন অক্ষমতা নিয়ে বসে থাকা স্বামী। ,0,Neutral 
Hateful_1713.jpg,"৫ মে রোববার, মধ্যরাতে গুলিবিদ্ধ অবস্থায় পড়ে আছে দুই হেফাজত কর্মী। ",1,Religious
Hateful_36.jpg,"যখণ পরীক্ষার্থীরা পরীক্ষায় নকল করার পরিকল্পনা করতে থাকে এবং বলে আল্লাহ ভরসা, তখন শয়তান ও পরীক্ষার্থী । ",1,Personal 
Hateful_712.jpg,ভবা পাগলার গান মা তোর এই ভেজাল সোনা ঘষে নে না কষ্টি পাথরে। ,1,Personal 
Neutral_1210.jpg,"যখন আব্বু বলে, যা আগামী এক সপ্তাহের ভিতর তোর বিয়ে দিবো। তখন আমি,  কি যে বলেন আব্বু?",0,Neutral 
Hateful_818.jpg,মেয়ের স্বামী কি তার মার জন্য মাহরাম। মা কি তার মেয়ের স্বামীর সাথে ছেলের মতো আচরণ করতে পারবে। ,1,Personal 
Hateful_2225.jpg,আর কতো চুষবি? আউট হয়ে গেল তো।,1,Personal 
Neutral_1500.jpg,"প্রত্যেকবার ফেসবুকে ফেমিনিস্ট দেখার পর মনে মনে আমি, ভালা জামাই তোর কপালে মিলতো না। ",0,Neutral 
Hateful_1527.jpg,আন্তর্জাতিক মিডিয়ায় দেয়া বিভিন্ন সাক্ষাৎকারে জয় কেন বাংলাদেশ সেনাবাহিনীর সমালোচনা করে বিদ্রোহের জন্য সেনাবাহিনীকে দায়ী করলেন? এ প্রশ্নের উত্তর এখনো মিলেনি।,1,Geopolitical
Neutral_383.jpg,"তেমন কিছু না, মেলায় হারিয়ে যাওয়া চাচা-ভাতিজা। ",0,Neutral 
Hateful_447.jpg,ভারতীয় পণ্য বর্জন করলে কার বেশী ক্ষতি হবে? ,1,Geopolitical
Hateful_895.jpg,"এই লন আপনার জন্য ফূল আনছি, পরের বার মেকাপবক্সটা আনিস। ",1,Personal 
Hateful_1253.jpg,"ইরফান সেলিম বরখাস্ত, তাকে গ্রেফতার করে জেলহাজতে প্রেরন করা হয়েছে। ",1,Personal 
Neutral_1828.jpg,"ফটো সুন্দর হইছে, নাও, মিষ্টি মুখ করো। ",0,Neutral 
Neutral_677.jpg,আমি কেমন ধরনের বলে তোমার মনে হয় ? ,0,Neutral 
Hateful_2348.jpg,তুই একটা বাটপার।  মাইয়া মানুষ দেখলে হুশ থাকে না? ,1,Personal 
Neutral_934.jpg,"ঠাকুর একটা ভালো বয়ফ্রেন্ড দাও না। তখন ঠাকুর বলে, দিয়েছিলামা সিন করে রিপ্লাই দিস নি। ",0,Neutral 
Hateful_1139.jpg,ভারতে করোনা রোধে গোমূত্র পানের পার্টি। ,1,Personal 
Hateful_1589.jpg,"শান্তিতে ঘুমাতে, রংপুর এইদিকে। এটা কোন চেটের বাল?",1,Geopolitical
Hateful_568.jpg,ভাইজানের মুক্তির দাবিতে রায়দিঘী রোড অবরোধ। ,1,Political
Neutral_1231.jpg,ক্লাসে এসে জানতে পারি আজকে পড়া ধরবে তাও আবার কৃষি । ,0,Neutral 
Hateful_2324.jpg,পড়ালেখা পুটকি দিয়ে ঢুকিয়ে দেবো।,1,Personal 
Neutral_1987.jpg,"বড় কথা বলিস না, তুই যে শ্যাম্পু মাথায় দেও, সেই শ্যাম্পু দিয়ে গাড়ি পরিস্কার করি। ",0,Neutral 
Neutral_1041.jpg,"ছেলেরা যেভাবে সেলফি তোলে,  দেখুন এই  পিকচারটিতে। ",0,Neutral 
Neutral_1584.jpg,৩ মাসের প্রেমের পর মেয়ের অবস্থা আর ৩ বছর প্রেমের পর মেয়ের অবস্থা। ,0,Neutral 
Neutral_802.jpg,যখন প্রোপোজ করতে গিয়ে প্রেমিকার বাবার এন্ট্রি হয়। কাকা ফুলটা আপনার জন্য এনেছি আজ বিশ^ কাকা দিবস। ,0,Neutral 
Neutral_1389.jpg,বউ এর চেয়েও শালি সুন্দর হলে যা হয় আর কি। ,0,Neutral 
Hateful_459.jpg,এই জলাবদ্ধতার জন্য ভারত দায়ী। ,1,Geopolitical
Hateful_657.jpg,ভিক্ষুদের বর্বরতা মাত্র ছাড়িয়ে গেছে। ,1,Geopolitical
Neutral_1930.jpg,"লেখাপড়া কেমন চলছে? খুবই ভাল চলতেছে, চলতে চলতে আমাকে রেখেই অনেক দুরে চলে গেছে যে, এখন আর ধরতেই পারছি না। ",0,Neutral 
Hateful_1922.jpg,জামায়াতের রাজনীতি করার নৈতিক অধিকার নেই বলায় এই পুলিশ কে হাছান মাহমুদের দয়িত্ব দিবেন প্রধানমন্ত্রী। ,1,Geopolitical
Neutral_1395.jpg,"স্যার একটু ওয়াশরুমে যাবো,পরীক্ষার সময় কেন যেতে হবে? ",0,Neutral 
Hateful_1071.jpg,"বাংলাদেশের একমাত্র সিরিয়াল কিলার মেজর জিয়া, ৪১৮৬ জন সামরিক কর্মকর্তাকে হত্যা করে মেজর জিয়া। ",1,Political
Hateful_986.jpg,ফাসির হাত থেকে বাচতে দিহানের নতুন ফাদ। ,1,Personal 
Hateful_1965.jpg,মানবিকতা নয় পাশবিকতাই জয়ী। যাদের কাছে গরুর জীবনের দাম মানুষের জীবনের দামের থেকে বেশী। ,1,Personal 
Hateful_1359.jpg,"আর একবার আমার সিজিপিএ জিজ্ঞাসা করে দেখ, গুলি করে দেব। ",1,Personal 
Hateful_173.jpg,আমি তোমার কলা কাপিয়ে দেব। ,1,Personal 
Hateful_506.jpg,সাকিব আল হাসানের  পূজা উদ্বোধনের নেপথ্যের ঘটনা।,1,Religious
Hateful_283.jpg,ভারতের তারা টিভিতে বাংলাদেশের জাতীয় পতাকা পদদলিত। ,1,Geopolitical
Neutral_235.jpg,ঐ ভাতিজা মাস্ক কই? মাস্ক ছাড়া তুমি কোথায় যাচ্ছ ? ,0,Neutral 
Hateful_2001.jpg,দুঃখিত আমরা মুসলিমদের চাকরি দেই না।,1,Religious
Hateful_1337.jpg,গাঁজা খেয়ে ব্যাট করতে নামবেন না। ,1,Personal 
Hateful_1571.jpg,ইসলাম বিদ্বেষী নাস্তিক ব্লগার আসিফ মহিউদ্দিন-এর ফাঁসি চাই। ,1,Religious
Neutral_783.jpg,কেউ চার্জ দেওয়া অবস্থায় মোবাইল টিপবেন না। কারণ আপনি যখন খাবার খান তখন যদি আপনাকে কেউ গলা টিপে ধরে কেমন লাগবে? ,0,Neutral 
Neutral_1227.jpg,আপনাদের ভালো লাগলে এর ২য় পর্ব বের করার জন্য বসে থাকা আমি । ,0,Neutral 
Neutral_1273.jpg,বাপের পকেট থেইকা টাকা চুরি কইরা যখন আবার সেই টাকা বাপের সাথে সাথে আমিও খুঁজতে থাকি। ,0,Neutral 
Neutral_1535.jpg,হঠাৎ কোনো বন্ধু যখন মেসেজ দিয়ে জিজ্ঞেস করে বিকাশে টাকা আছে?,0,Neutral 
Hateful_915.jpg,গৃহবধু খুনের অভিযোগ উঠল শ^শুরবাড়ীর সদস্যদের বিরুদ্ধে। ,1,Personal 
Hateful_1324.jpg,"আর্মিতে পরীক্ষা দিতে আসছি, পাছা দেখাতে নয় । ",1,Neutral 
Hateful_1835.jpg,"ছাত্রলীগ ধর্ষণ করে, শেখ হাসিনা কি করে? ",1,Geopolitical
Hateful_2428.jpg,"চৈত্র মাসের গরম, নষ্টা মাগির চেয়েও বেশরম। ",1,Personal 
Neutral_1064.jpg,"বাবা কোন সময় ধনী কিংবা গরীব হয় না, বাবা সবসময় বাবাই হয়। ",0,Neutral 
Neutral_962.jpg,"১ম বার ফেল করার পর, ২য় বার ফেল করার পর, ৩য় বার ফেল করার পর, এরপর যখনই ফেল করি। ",0,Neutral 
Hateful_2119.jpg,মানুষরূপী পুলিশের নিষ্ঠুর নির্যাতনে পঙ্গু সিলেট মহানগর শিবির নেতা সোহেল।,1,Geopolitical
Neutral_473.jpg,"মিম এ প্রচুর হা হা পরছে, প্রায় সবাই মেয়ে। ",0,Neutral 
Hateful_2049.jpg,ওর পাছায় জোরে ১০টা লাথি মারেন।,1,Personal 
Hateful_1532.jpg,"জনগনের টাকায় নির্বাচনী ব্যয়, কৈ এর তেলে কৈ ভাজা। ",1,Geopolitical
Neutral_1223.jpg,বাসায় এসে মা যখন আমাকে আদর করে ঘরে ঢুকায়|,0,Neutral 
Neutral_1062.jpg,"হ্যালো দোস্ত, ১ ঘন্টা পর পরীক্ষা তুই কি কি পড়ছিস? আমি তো সাদা শার্টের সাতে জিন্স প্যান্ট পড়ছি। ",0,Neutral 
Hateful_1066.jpg,আমরা যেন স্টুপিড জনগোষ্ঠিতে পরিণত না হই। ,1,Personal 
Neutral_1453.jpg,ঢেকে রাখলেই নিরাপদ। খোলা রাখলেই অনিরাপদ। ,0,Neutral 
Hateful_862.jpg,"বালের মতো বউ, একটি বাচ্চা বউয়ের গল্প। ",1,Personal 
Hateful_1923.jpg,শুধ দাঁড়ি-টুপির জন্য গ্রেফতার। এটাতো ট্রাম্পের আমেরিকা আর মোদির ভারতেও সম্ভব না। ,1,Religious
Hateful_831.jpg,"পদচ্যূত হচ্ছেন জেনারেল আজিজ, নতুন ভালোবাসা লে.জে. সফিক। ",1,Personal 
Neutral_1010.jpg,"আমরা মানুষ বলে এখানে থাকি, জানোয়ার হলে এখানে থাকতাম। ",0,Neutral 
Hateful_1050.jpg,"রাষ্ট্রীয় দায়িত্ব রাষ্ট্রপতির হাতে নাই, গোপন তথ্য ফাঁস করলেন রাষ্ট্রপতি। ",1,Political
Neutral_1354.jpg,"ওদিকে আবার দেখি আমার পোস্ট এ আইসা একজন লিখছে, এটা কপি পেস্ট এরকম সেইম পোস্ট ১ মাস আগে দেখছি। ",0,Neutral 
Neutral_906.jpg,"যখন তুমি ক্লাসে ব্যাগ থেকে পানির বোতল বের করো, ভাই আমাকেও একটু দিস। ",0,Neutral 
Hateful_756.jpg,"বরগুনায় রিফাত হত্যা, হত্যাকারীদের সকলের ফাঁসি চাই। ",1,Personal 
Hateful_2461.jpg,করোনা ভাইরাসে অনেকের সারা বছরের প্লান এভাবে সেক্স করা।,1,Personal 
Hateful_2207.jpg,একদম লেটেস্ট মাল।  কে কে এই মাল কে খাইয়া ছাইড়া দিতে পারবেন? ,1,Personal 
Neutral_59.jpg,ঢিল মারার সময় যখন পিওন আমাকে দেখে ফেলে। ,0,Neutral 
Neutral_1397.jpg,বাবা-মা মেয়েকে ডাক্তার বানানোর প্লান করছে আর মেয়ের মন অন্যদিকে। ,0,Neutral 
Hateful_1758.jpg,হালার মুখে মুইত্তা দে। হালায় এক নম¦র ফাউল লোক। ,1,Personal 
Neutral_757.jpg,বন্ধু বিয়ের কার্ড দিয়ে গেলো তাতে লেখা আছে স্টে হোম স্টে সেফ। এখন বুঝতে পারছিনা নিমন্ত্রণ করে গেলো নাকি যেতে বারণ করলো। ,0,Neutral 
Neutral_1236.jpg,"তুই সবকিছুতে খালি মোবাইল মোবাইল করছ, যেইডা আমার দিতে মন চায়না। ",0,Neutral 
Hateful_562.jpg,"চোরের মায়ের বড় গলা, বলছে মাওলানা শাহীনুর হোসেন। ",1,Personal 
Neutral_1151.jpg,"আমি কৃষ্ণ, তুমি রাধা। চাকরি না পেলে আমি বোন, তুমি দাদা। ",0,Neutral 
Hateful_2435.jpg,"যখন রিমোট নিয়ে ভাই বোনদের সাথে কাড়াকাড়ি করতে যেয়ে ভেঙে ফেলি, তখন আব্ব বলে, কাউকে ছাড় দেয়া হবে না। ",1,Personal 
Neutral_854.jpg,"পানিতে যখন নেমেছি মাছ আমি ধরবোই, ভালো যখন বেসেছি বিয়ে আমি করবোই। ",0,Neutral 
Hateful_699.jpg,হজরত মহাউম্মাদ ও কুত্তা বিলাই। ইসলাম ধর্মের প্রিয় নবীকে কটুক্তি। ,1,Religious
Neutral_1068.jpg,নৌকার প্রার্থীর কাছে কাবু বিএনপির সাবু। ,0,Neutral 
Hateful_1313.jpg,সোনার মত চুষে খেয়েও মোটা না হওয়া মেয়ে ইনি। ,1,Personal 
Neutral_824.jpg,গাড়িতে উঠার পর গাড়ির ঝাকুনীর সাথে দেড় ফুট উঁচুতে উঠে যাওয়া প্রাণীগুলোর নাম চিকন মানুষ। ,0,Neutral 
Neutral_1553.jpg,"‘সুখী মানুষ’ পড়ার পর মেয়েটিকে বুঝাচ্ছি, সূখী হতে হলে জামা না পরার গুরুত্ব। ",0,Neutral 
Neutral_517.jpg,"হিমুর প্রতি রুপার ভালোবাসা দেখার পর আমি মনে মনে, ওমাগো টুরু লাভ। ",0,Neutral 
Neutral_1844.jpg,জাপান আমাদের থেকে কেন এতো বেশি উন্নত? ,0,Neutral 
Neutral_205.jpg,"রেষ্টুরেন্টে বিকাশে বিল দেয়া বন্ধু , আমরা হইলাম অতি উচ্চ বংশ। ",0,Neutral 
Neutral_929.jpg,ঘরে বসে পয়সা ডাবল করার সহজ উপায়। ,0,Neutral 
Hateful_2322.jpg,"জোরে দে, জোরে দে। জোরে জোরে লাগা।",1,Personal 
Neutral_1321.jpg,"বন্ধু লুচ্চামি সুরে, আমার তৃতীয় পায়ের একটা মোজা লাগবো একটু ব্যবস্থা করে দে না। ",0,Neutral 
Neutral_133.jpg,"তোর বয়সী মেয়ের বিয়ে হয়ে গেছে আর তুই এখনো মোবাইল টিপ। আন্টি আপনার মতো কতো মানুষ মরি মরি হুতি যায়, আপনি মরবেন কবে? ",0,Neutral 
Neutral_951.jpg,এটা কার জামাই হতে পারে? হুদাই মেনশন করে চ্যাতাইয়া দেন। ,0,Neutral 
Hateful_851.jpg,সবগুলোতে সিল মারা কিসে ভোট দিবো? শালারা আমার ভোটের অধিকার কেড়ে নিল। ,1,Political
Neutral_163.jpg,"হ্যালো গাইজ, সবাইকে আমার ইউটিউব চ্যানেলে স্বাগতম। আজকে ভিডিওতে আমরা পরিদর্শন করব একটি পুরাতন ভূতুরে বাড়ি। ",0,Neutral 
Neutral_1650,"রাগী মেয়েদের দিয়ে বেশি বেশি কাপড় চোপড় ধোয়ানো উচিৎ,  কারন তাদের রাগ যত বাড়বে কাপড় চোপড় তত পরিস্কার হবে।  ",0,Neutral 
Hateful_2374.jpg,"কানের নিচে একটা দিমু, শালার পো।",1,Personal 
Neutral_1271.jpg,"তুরাগ বাসে উঠলাম,   কিন্তু কোনো ভিড় নাই । ",0,Neutral 
Neutral_1145.jpg,বলতো অপারেশনের আগে রোগীকে অজ্ঞান করা হয় কেন? রোগী যাতে ডাক্তারী শিখে না যায়। ,0,Neutral 
Hateful_1189.jpg,"এভাবে যদি প্রিয়জনের লাশ পড়ে থাকতে দেখতে না চান, আওয়ামীলীগের বিরুদ্ধে রুখে দাড়ান। ",1,Personal 
Neutral_878.jpg,দুর মিয়া ছাড়েন তো আমি খাবো না আমার এত্ত লোভ নেই। ,0,Neutral 
Hateful_1017.jpg,ফাঁকা বাসায় তোমরা দুজন কী করছো? আনুশকাকে ধর্ষনের পর যেভাবে ধরা পরে দিহান। ,1,Personal 
Neutral_843.jpg,স্ত্রীকে রেগে দুটো থাপ্পড় মারার কিছুক্ষণ পর স্বামী বললো একজন মানুষ শুধু ঐ মানুষকেই আঘাত করে যাকে সে সবচাইতে ভালোবাসে। ,0,Neutral 
Hateful_2222.jpg,আমরা গরিব হইতে পারি কিন্তু ফকির মিসকিন না।,1,Personal 
Neutral_1463.jpg,আচ্ছা আমি মারা গেলে তুমি কি আবার বিয়ে করবে? প্রথমেই খবর নিব এক্স সিঙ্গেল আছে কিনা?,0,Neutral 
Hateful_1123.jpg,পিলখানা হত্যাকান্ডে কিছু সাধারণ প্রশ্ন? যে প্রশ্নগুলোর জবাব মেলেনি আজও। ,1,Personal 
Hateful_698.jpg,"জয় বাংলা, জয় বঙ্গবন্ধু। চুতমারানির পোলা আগে বিসমিল্লা কইলি না কেন? ",1,Political
Hateful_949.jpg,আনুশকার যৌনাঙ্গে মিলেছে ফরেন বডির আলামত। কি ছিল সেটা? ,1,Personal 
Neutral_1800.jpg,বোনের উপর বাটপারি। আর বাটপারি করিস না। ,0,Neutral 
Neutral_551.jpg,"একটা বিবাহিত মেয়ের পিছনে এত পাগল হয়েছি দেকার পর, আমার চাচাত ভাই। ",0,Neutral 
Neutral_1185.jpg,"সেই স্বামী কখনও পথভ্রষ্ট হবে না, যার ঘরে  একজন দ্বীনদার নামাজী স্ত্রী আছে। ",0,Neutral 
Neutral_723.jpg,কেউ একটু বলবে? আমি কত % শয়তান? ,0,Neutral 
Neutral_265.jpg,"তান্ত্রিক বামা চরণ বন কবিরাজ, অসম্ভবকে সম্ভব করাই তার কাজ। ",0,Neutral 
Hateful_1040.jpg,ধর্ষনে অতিরিক্ত রক্তক্ষরণ ও আঘাত চলছে জবানবন্দি। ,1,Personal 
Hateful_429.jpg,"ধ্বংস তাদের জন্য, যারা প্রকাশ্যে ও গোপনে অপরের দোষ বলে বেড়ায়। ",1,Personal 
Neutral_714.jpg,"আমি আর ঘরে থাকতে চাই না, আমি তাই বাড়ি থেকে চলে গেলাম। ",0,Neutral 
Neutral_961.jpg,বেবি একটু ভিডিয়ো চ্যাটে আসো না? ঘরে বাবা আছে। ,0,Neutral 
Neutral_365.jpg,আমার চেয়ে বেশি প্যাচ দুনিয়াতে নাই। উচ্চতর গণিত তার চেয়েও প্যাচওয়ালা। ,0,Neutral 
Hateful_1074.jpg,"২ মাসে দেড় হাজার গ্রেফতার, বাসা বাড়িতে দিবানিশি তল্লাশি। ",1,Personal 
Hateful_547.jpg,১৯ সালের পর বিএনপির অস্তিত্বই থাকবে না। ,1,Political
Neutral_686.jpg,"যা তকদিরে লিখা আছে তা আসবেই, আর যা তকদিরে লিখা নাই তা আসার পরও চলে যাবে। ",0,Neutral 
Hateful_8.jpg,লাইভ পর্ণ দেখে চেতনাদন্ড নাড়াতে নাড়াতে উত্তেজনার চরম মূহুর্তে এসে যখন এমবি শেষ হয়ে যায়। ,1,Personal 
Hateful_589.jpg,"হেসে লাভ নাই, এইবার মাইর খাবা। কোন মাফ পাবা না। ",1,Personal 
Neutral_104.jpg,"ক্যাম্পাসটাকে অনেক মিস করতেছি, ভাই। ",0,Neutral 
Neutral_1813.jpg,"আমাদেরকে বাইক না দিয়ে, নৌকা দিলেই পারতো। ",0,Neutral 
Hateful_1345.jpg,"স্যারের কাছে প্রাইভেট পড়া পোলাপান ফেল করার পর, তুই শালা জাতীয় বেইমান।",1,Personal 
Hateful_575.jpg,কারগারে ওসি প্রদীপ কয়েদিদের হাতে গণপিটুনির স্বীকার। ,1,Personal 
Neutral_673.jpg,"জয় বাংলা, বাংলার জয়। এটাই হলো বর্তমান বাংলাদেশের স্লোগান। ",0,Neutral 
Neutral_36.jpg,"তাড়াহুড়ো করে গরম চা মুখে দেয়ার পর, আমি আর পারছি না, আমার সব জ¦লছে। ",0,Neutral 
Hateful_2085.jpg,"সুষ্ঠু ভোট,ভোলায় টেবিলের নীচে প্রিজাইডিং অফিসার। ",1,Geopolitical
Hateful_1714.jpg,"ছবিটির মাঝে লুকিয়ে থাকা ঈমান, দুঃসাহস, ভালবাসা, ক্ষোভ আর প্রতিবাদের ভাষা বোঝার ক্ষমতা আছে কি? ",1,Personal 
Hateful_2326.jpg,এই শালা তোর বন্ধু কই?   তোর বন্ধুরে আমার সামনে ডেকে আন। ,1,Personal 
Hateful_820.jpg,"চাকুমেরে মহিলা খুন, এবার বিক্সটনে। ",1,Personal 
Neutral_1858.jpg,এইডা কোন কথা। ফজলামির একটা সীমা আছে। ,0,Neutral 
Neutral_350.jpg,"কিন্তু যখন পরে আব্বু বলে যে, চাচাতো ভাই বাসের কন্ডাক্টরের চাকরী পেয়েছে , তখন। ",0,Neutral 
Hateful_2081.jpg,আওয়ামীলীগ বঙ্গবন্ধুকে পণ্য বানিয়ে ফেলেছে। ,1,Geopolitical
Neutral_1079.jpg,"ফেসবুকে স্ট্যাটাস দিলাম বৌ চাই, ৫ জন লাইক দিল আর ৫০ জন কমেন্ট করলো আমার টা নিয়ে যা। ",0,Neutral 
Neutral_1793.jpg,"মাথা ফাইট্টা দyইভাগ না হলে, এইগুলার শিক্ষা হবে না। ",0,Neutral 
Neutral_1957.jpg,"ভালোবাসাটা শাহজাহানের চেয়েও কম ছিলো না, শুধু টাকার অভাবে তাজমহল বানাতে পারি নি। ",0,Neutral 
Hateful_2118.jpg,"আওয়ামী হায়েনাদের নিপীড়নে আজ ক্ষত-বিক্ষত মানচিত্র, রক্তাক্ত জাতি, হুমকির মুখে সার্বভৌমত্ত্ব। ",1,Geopolitical
Hateful_1455.jpg,"প্রেম করবে গোপনে আর কষ্ট প্রকাশ করবে সবার সামনে। সুটিয়ে লাল করে দেবো, নোংরামি বার করে দেবো। ",1,Personal 
Neutral_82.jpg,"যখন কেউ জিজ্ঞেস করে,স্কুল, কলেজ, ভার্সিটি সব তো শেষ করে ফেললে কিন্তু তোমার বন্ধু নেই কেনো?",0,Neutral 
Hateful_1566.jpg,"তোমার মুখে দাঁড়ি তোমাকে পুলিশে ধরবে, আর তোমার মুখে দাড়ি নাই তোমাকে আল্লাহ ধরবে। ",1,Religious
Hateful_583.jpg,হুজুরদের কতা আর সহ্য করা হবে না। ,1,Personal 
Hateful_2054.jpg,গাজায় স্থায়ী যুদ্ধবিরতি: ইসরাইলের বিরুদ্ধে হামাসের বিজয়। ,1,Geopolitical
Hateful_2284.jpg,কথা ক তোর বাপের লগে কথা ক। ,1,Personal 
Neutral_1360.jpg,ছেলেদের ও মেয়েদের ব্রেকআপের পর শান্তনা বানী। ,0,Neutral 
Hateful_2163.jpg,যখন ন্যাকা মামনি তার বয়ফ্রেন্ডকে কুত্তা বলে ডাকে। ,1,Personal 
Hateful_2295.jpg,তোমার আমার গোপন পীরিত।  সে কি ভোলা যায় শালী? ,1,Personal 
Hateful_762.jpg,"উঠে গেলো নিষেধাজ্ঞা, ইচ্ছেমতো অস্ত্র কেনা-বেচা করতে পারবে ইরান। ",1,Geopolitical
Neutral_1669.jpg,"ঘুম ভাঙ্গার পর আরো ঘন্টা খানেক শুয়ে থাকা মানে অলসতা নয়, ইহা বিছানার প্রতি ভালোবাসা। ",0,Neutral 
Hateful_926.jpg,দিহান আনুস্কার নিতম্বে পিটিয়ে কি অবস্থা করেছে দেখুন। ,1,Personal 
Hateful_1261.jpg,"মেরে ফেললে ফেলুক, কাফনের কাপড় পরে প্রস্তুত আছি। ",1,Personal 
Neutral_1.jpg,লবন চর্বি বাড়ায়  আর শসা চর্বি কমায়। আমরা বাঙালি লবণ দিয়ে শসা খাই। ,0,Neutral 
Neutral_1915.jpg,"আচ্ছা বাবু, তুমি আমাকে রানী বলে ডাকো কেন?   চাকরানী অনেক লম্বা তো তাই সংক্ষেপে রানী ডাকি। ",0,Neutral 
Neutral_1988.jpg,আমি তোমার হাতে একটা কিস দিতে পারি? হাতে কেন? আমার ঠোটে কি বিষ আছে নাকি? ,0,Neutral 
Neutral_1314.jpg,এক মাস পর বন্ধুর গার্লফ্রেন্ড|,0,Neutral 
Hateful_1696.jpg,ধর! মুরতাদের ফাঁসি চাই। মুরতাদটি ইসলাম বিদ্বেষ ছড়াচ্ছে। ,1,Religious
Hateful_615.jpg,"আল্লাহ কিন্তু অন্য কেউ নয়, আল্লাহ হলো মুহাম্মদের ফেক আইডি। ",1,Religious
Hateful_2244.jpg,"জোরে দে, জোরে দে। জোরে জোরে লাগা।",1,Personal 
Hateful_1225.jpg,জোড় করে চাঁদা তুলে জুয়া খেলতেন এসআই আকবর ও জুয়াড়ি শাহিন। ,1,Personal 
Hateful_1368.jpg,"সরি বাবু বাল কাটার সময় পাই নাই, তখন ফাক বয়, ব্যাপার না বাবু চিল। ",1,Personal 
Neutral_1508.jpg,গোপন সুড়ঙ্গ পথের মুখ। এখান থেকে গোপনে চলে যাওয়া যাবে। ,0,Neutral 
Hateful_777.jpg,কাশ্মীর সীমান্তে শতাধিক ট্যাংক পাঠাচ্ছে পাকিস্তান। ,1,Geopolitical
Hateful_554.jpg,"লেগেছে রে লেগেছে রক্তের আগুন লেগেছে। ম্যাক্রোর গালে গালে, জুতা মারো তালে তালে। ",1,Religious
Neutral_662.jpg,বাসায় এসে ভাবতে থাকি কেমনে ঐ মেয়েরে আমার প্রেমে ফেলানো যায়। ,0,Neutral 
Hateful_1198.jpg,"আজ থেকেই ছেঁড়া জুতা সংগ্রহ করুন, ১৪ ফেব্রুয়ারি তে কোন নাস্তিককে প্রকাশ্য চুমু খেতে দেখলে ছুড়ে মারুন। ",1,Personal 
Neutral_676.jpg,"পাগলী তিন প্রকার, আইসক্রিম পাগলী, চকলেট পাগলী, ফুচকা পাগলী। ",0,Neutral 
Neutral_334.jpg,ম্যা গরিব নেহি হু। আমাকে গরীব বলবা না। ,0,Neutral 
Neutral_1515.jpg,"কোথায় আছ? ঠিক জানিনা, তবে এখন ৩০০ টাকার বাল্ব ১০০ টাকায় পাওয়া যায় কোম্পানির প্রচারের জন্য। ",0,Neutral 
Neutral_1092.jpg,"জানিনা কবে আসবে সেইদিন ্েযইদিন কোন মেয়ে তার বান্ধবীকে, আমার ফেসবুক আইডি দিয়ে বলবে এই দেখ এটা আমার জানের আইডি। ",0,Neutral 
Neutral_16.jpg,"দুঃখ একটাই, সোনা তো দূরের কথা কেউ টিনভাঙ্গা বলেও ডাকে না। ",0,Neutral 
Hateful_2028.jpg,"ক্রসফায়ারের নামে মেধাবী ছাত্র হত্যা আর মেনে নেয়া যায়না, এ জুলুমের অবসান চাই।",1,Geopolitical
Neutral_1499.jpg,ক্লাস থ্রি তে পড়–য়া নিব্বি যেভাবে তার নিব্বার রাগ ভাঙায়। ,0,Neutral 
Neutral_72.jpg,"গন্ধে আমার বমি আসতাছে, কি সুগন্ধি লাগাইছো রে ভাই? ",0,Neutral 
Neutral_1380.jpg,রাতের বেলায় বাথরুম থেকে বেরিয়ে লাইট অফ করার পর। ,0,Neutral 
Hateful_1167.jpg,"কোয়েল মল্লিকের সেক্স ভিডিও ফাস, বাচ্চারা দেখবেন না। ",1,Personal 
Hateful_218.jpg,"আদর কর নাহলে খাবো না, এমন একটা লাথি দেবো, সব ঢং বেরিয়ে যাবে। ",1,Personal 
Neutral_840.jpg,"চলো সবাই একটা করে দুঃখের কথা বলি, আমার বউ নাই। ",0,Neutral 
Hateful_518.jpg,২০০৬ সালের ২৮ অক্টোবর লাশের উপর নৃত্যকারী নরপশু বাপ্যাদিত্য বসুর ফাঁসি চাই। ,1,Political
Neutral_110.jpg,সেটা ছিলো খুব বড় এক বিপদের সময়। ,0,Neutral 
Hateful_1751.jpg,সব বন্ধ বন্ধ করে কি ক্ষমতা কুক্ষিগত রাখা যায়? ,1,Geopolitical
Hateful_1378.jpg,"পায়ের কাছে গাঁড় না মারিয়ে, এটা খা শালা। ",1,Personal 
Neutral_108.jpg,এরকম একটা মেয়ে যদি আমার বেটার বউ হইতো। ,0,Neutral 
Neutral_241.jpg,"অন্যান্য অভিনেতা/নেত্রিরা বিয়ে করে প্রয়োজনীয় শারিরীক চাহিদা মেটাবেন, কিন্তু সালমানের বেলায় এটা প্রযোজ্য নয়। ",0,Neutral 
Neutral_1731.jpg,বাংলা সিনেমায় পায়ে পায়ে ঘসা লাগার পর। ,0,Neutral 
Neutral_1985.jpg,"আমার  ফোনের ব্যাটারি টা প্রেগনেন্ট, তোরা সবাই একটু প্রার্থনা কর যেন একটা আইফোন হয়। ",0,Neutral 
Neutral_734.jpg,আমি ফেসবুক বিশ^বিদ্যালয়ের একজন নিয়মিত ছাত্র। ,0,Neutral 
Neutral_1507.jpg,"বাইরে বৃষ্টি হচ্ছে, বউ বলে, বুঝছি আজকে আমার খবর আছে। ",0,Neutral 
Hateful_1319.jpg,"খেলনার ভেতর চুম্বক আছে জানার পর আমি বলি, তোকে ভাঙ্গা ছাড়া আর উপায় নাই। ",1,Personal 
Hateful_1140.jpg,রাজাকারদের বিভৎস যৌন নির্যাতন। কতটুকু জানেন? ,1,Political
Neutral_1865.jpg,"আগেই কইছিলাম, এই পোলা জিনিয়াস। ",0,Neutral 
Hateful_342.jpg,"ভারত এদেশের ভূমি দাবি করার সাহস পেয়েছে, কারন তারা এদেশের দালাল দেখেছে কিন্তু এদেশের দামাল ছেলে দেখেনি। ",1,Geopolitical
Neutral_1128.jpg,"এই শীতে জামাই চাই, জামাই চাই। ",0,Neutral 
Hateful_1203.jpg,স্ত্রীরা চাইলেই স্বামীর বিরুদ্ধে রেপ কেস করতে পারবে। মিলনের আগেই নিতে হবে অনুমতি। ,1,Personal 
Neutral_1119.jpg,"মেনশন করুন আপনার সেই ফ্রেন্ডকে, যাকে এর সাতে বিয়ে দিতে চান। ",0,Neutral 
Hateful_12.jpg,এই বানচোদ তোর চুল এমন ক্যান? ,1,Personal 
Hateful_2167.jpg,নিকা করবি মাগি?  নিকা করবি ? করবি নিকা ? ,1,Personal 
Neutral_937.jpg,এবার বলো আজ পর্যন্ত কয়টা প্রেম করেছো তুমি?,0,Neutral 
Hateful_2231.jpg,তুই শালা জাতীয় বেইমান।  তোরে আমি বিশ^াস কইরা ভুল করছি। ,1,Personal 
Hateful_682.jpg,তুই আইছোত কেন? তোরে তো আমি দাওয়াত দেই নাই। ,1,Personal 
Neutral_1986.jpg,"মেয়েরা যেরকম ছেলেদের  সাথে প্রেম করে, তারপর যেরকম ছেলেকে বিয়ে করে। ",0,Neutral 
Hateful_1327.jpg,"আমি সরকারি চাকরি করি, তোমার এই এক কথায় তোমার দোন আমি মুখে নিতেও রাজি। ",1,Personal 
Neutral_1196.jpg,কয়েকদিন পর থেকেই সবাই ঈদের দাওয়াত দিবে কিন্তু কেউ ঠিকানা দিবে না। এ কেমন দাওয়াত। ,0,Neutral 
Hateful_1753.jpg,আওয়ামী যৌথ গুন্ড বাহিনীর অভিযানের ভয়ে নিরাপদ আশ্রয়ের সন্ধানে এলাকা ছাড়ছে চাঁপাইনবাবগঞ্জের মানুষ।,1,Geopolitical
Hateful_40.jpg,"এস,এস,এফের দাত ভাঙ্গার সাহস। দেশ এভাবে চলতে পারে না। ",1,Personal 
Hateful_1515.jpg,ওরা আমার মুখের কথায় ট্যাক্স বসাতে চায়। ,1,Geopolitical
Neutral_1099.jpg,মন্টুকে তার মা বলেছিলো ভাই এর খেয়াল রাখবি। ,0,Neutral 
Hateful_963.jpg,শরীর নয় এডাল্ট টয় ঢুকিয়ে দিয়েছে আনুশকাকে। ,1,Personal 
Hateful_968.jpg,দিহানের বাসার সি.সি. টিভিতে পাওয়া গেল টানা দেড় ঘন্টা বিছানায় আনুশকা। ,1,Personal 
Neutral_109.jpg,"স্যার বই এনেছি, যদিও আমাদেও কোন ব্যাগ নেই। ",0,Neutral 
Neutral_731.jpg,বরিশালে থাকেন? তাহলে তো নিশ্চয়ই অনেক কিউট আর ভালো মনের মানুষ আপনি। ,0,Neutral 
Hateful_2029.jpg,"বিড়িখোর মহসিন আলীর ঔদ্ধত্য, বোরখা পরে কলেজের ছাত্রী হতে পারবে না।",1,Geopolitical
Neutral_901.jpg,একদিন হঠাৎ করে আই মিস ইউ চলে গেলো তাহলে ঘরে কে থাকলো? ,0,Neutral 
Neutral_521.jpg,"ভাঙা সংসার ঠিকঠাক ভাবে জোড়া লাগিয়ে দেয়ার পর, রুপা। ",0,Neutral 
Neutral_1626.jpg,"আমার সাদা মনে একটাই প্রশ্ন নারী পুরুষের তো সমান অধিকার তাহলে শাড়িতে ব্লাউজের পিস দিলে, লুঙ্গি তে জাঙ্গিয়ার পিস দেবে না কেন ? ",0,Neutral 
Hateful_1169.jpg,নারদ কেন ভগবানকে অভিশাপ দিয়েছিলেন? ,1,Personal 
Neutral_1399.jpg,"তেমন কিছু না, সাজেক নিয়ে পোস্ট দিয়ে নিজকে একটু ক্লাসিক ভাবানোর জন্য আসছি। ",0,Neutral 
Hateful_227.jpg,এই মালডা কার জামাই? চুপচাম ম্যানশন করুন। ,1,Personal 
Neutral_1282.jpg,সুন্দরীকে দেখে তাকে নিয়ে সারাদিন-রাত বাসর রাতের স্বপ্ন দেখতে থাকা আমি। ,0,Neutral 
Neutral_1940.jpg,"বাইরে থেকে এসে দেখি খাটে বউ নাই, অনেক খোঁজাখুঁজির পর মনে হইল দূর বিয়াই তো করি নাই। ",0,Neutral 
Hateful_1042.jpg,আনুশকা ও দিহানের বয়স নিয়ে গভীর ষড়যন্ত্র শুনলে অবাক হয়ে যাবেন। ,1,Personal 
Neutral_1045.jpg,বৃষ্টি ভেজা স্কুলের দিনগুলো আজও মনে পরে যায়। ,0,Neutral 
Hateful_2407.jpg,"যখন কোন নিব্বা প্লে বয়কে বলে, দেহ পাবি মন পাবি না। ",1,Personal 
Neutral_746.jpg,"পুত্র সন্তান এক বংশের প্রদীপ হলে, কন্যা সন্তান দুই বংশের প্রদীপ। ",0,Neutral 
Neutral_1134.jpg,"সাইন্স এর ছাত্রীদের ভবিষ্যৎ, আর্টস এর ছাত্রীদের ভবিষ্যৎ আর কমার্সের ছাত্রীদের ভবিষ্যৎ। ",0,Neutral 
Neutral_593.jpg,"তেমন কিছু না, পাত্রীপক্ষের বাসায় পাত্রীকে দেখলাম। ",0,Neutral 
Neutral_1027.jpg,"আজকালকার মেয়েদের অবস্থা, মেকাপের আগে আর মেকাপের পরে। ",0,Neutral 
Neutral_863.jpg,কোনোদিনও ভেবেছিলে ফেসবুকে আমার মতো এতো ভালোমানুষের সঙ্গে তোমাদের পরিচয় হবে। ,0,Neutral 
Hateful_1796.jpg,মনে পড়ে শাহবাগের সেই গাঞ্জার আড্ডা আর চাঁদাবাজির দিনগুলি। ,1,Personal 
Neutral_259.jpg,রাস্তায় বিড়াল দেখার পর যখন আমি ম্যাও ম্যাও করা শুরু করি। ,0,Neutral 
Neutral_1916.jpg,পাত্রী চাই। সুন্দর পাত্রীর প্রত্যাশায় এই বিজ্ঞাপন। ,0,Neutral 
Neutral_245.jpg,"ফেইক আইডি দিয়া এক্সের সাথে কথা না কইলে জানতেই পারতাম না যে, আমি দুই বছর আগে এক্সিডেন্ট এ মারা গেছি। ",0,Neutral 
Neutral_735.jpg,আমার বেষ্টি কোথাও যাওয়ার আগে আর ঘুম থেকে উঠার পরে। ,0,Neutral 
Hateful_167.jpg,"বিজেপি কে শূণ্য করে দিবো, প্রতিষ্ঠা দিবসে হুকার তৃণমূল নেতার। ",1,Personal 
Neutral_335.jpg,যখন পরীক্ষার হলে পকেট নাড়াচাড়া করি। সেটা নকল কি দেখার জন্য মেডাম পকেটে হাত দিয়ে ভুলে টুনটুনি তে হাত দিয়ে ফেলে তখন। ,0,Neutral 
Neutral_972.jpg,ভাই বোনের ভালোবাসা।  এরকমই হয় ভাই বোনের ভালবাসা। ,0,Neutral 
Neutral_1180.jpg,প্রকৃত একজন ভালোবাসার মানুষ পাওয়া সবার ভাগ্যে থাকে না। ,0,Neutral 
Hateful_694.jpg,যেভাবে জিতে গেলো কুত্তা মোদির বিজেপি। ,1,Political
Hateful_1836.jpg,"ইসলাম ধর্ম নিয়ে ঢাবি শিক্ষকের দৃষ্টতা। আসসালামু আলাইকুম, আল্লাহ হাফেজ বলা জামায়াত ও জঙ্গিবাদের শিক্ষা। ",1,Religious
Neutral_92.jpg,"জনাব এখন বাংলাদেশে কি চলতেছে? এখন বাংলাদেশে চ্যাট লিস্টে এর ১ম, ২য় ও ৩য় ব্যাক্তির মিম চলতেছে। ",0,Neutral 
Neutral_1517.jpg,বাংলাদেশের প্রগতিশীল মেয়েরা। ,0,Neutral 
Neutral_1745.jpg,"যে পন চায়, তাকে ভিক্ষা দিন মেয়ে নয়|",0,Neutral 
Hateful_2393.jpg,খানকিদের জন্মঠিক এভাবেই।  শালাগোরে আমি জুতা পিডা করমু। ,1,Personal 
Neutral_1520.jpg,"আমার যেকোনো ধরনের খুশির সংবাদ পাওয়ার পর, আমার বন্ধু সমাজ, ট্রিট দে । ",0,Neutral 
Hateful_1031.jpg,"বিকৃত স্টাইলে ধর্ষণের কারনে মারা গেছে, মাস্টারমাইন্ড স্কুলের ছাত্রী আনুশকা নুর আমিন। ",1,Personal 
Neutral_1594.jpg,চিত্রাঙ্কন আমার ভালোবাসা। তাইতো প্রতিদিন চিত্রাঙ্কন করা উচিত। ,0,Neutral 
Neutral_1533.jpg,"দুই স্ত্রীর কাছে ৩ দিন করে থাকবে স্বামী, আর একদিন অফ ডে। ",0,Neutral 
Hateful_1841.jpg,রোহিঙ্গাদের নির্বিচারে হত্যার নির্দেশ ছিল রাখাইনে। আইসিসিতে দুই সেনা কর্মকর্তার স্বীকারোক্তি। ,1,Geopolitical
Hateful_1720.jpg,"হালার-পো হালা, আজ তোর একদিন, কি আমার একদিন। ভোট না দিয়া যাবি কই? ",1,Geopolitical
Neutral_475.jpg,কেউ যখন এসএসসি কে সসচ বলে। ,0,Neutral 
Neutral_8.jpg,শুনলাম তুমি নাকি প্রেম করো? ঘটনা কি সত্যি?,0,Neutral 
Hateful_647.jpg,আঃলীগের দেয়া তথ্যের ভিত্তিতে তারাই সবচেয়ে বড় যুদ্ধাপরাধী রাজাকারের দল। ,1,Political
Neutral_272.jpg,"জানলার পাশে শব্দ হওয়ায় আমি, এই কেরে ? ",0,Neutral 
Hateful_2103.jpg,দেশকে আফগান বানালে তালেবান হওয়া স্বাভাবিক।,1,Geopolitical
Neutral_1192.jpg,"কি দিন আসলো রে ভাই, সবাই দেখি দিন দিন ফর্সা হয় আর আমি দিন দিন চকলেট কালার হইতাছি। ",0,Neutral 
Neutral_1279.jpg,"‘আমার আর জীবনে বিয়ে হবে না , এইটা ভেবে লোকালয় ছেড়ে সন্ন্যাস হওয়ার প্রতিজ্ঞা করে বাড়ি থেকে বের হয়ে এলাম। ",0,Neutral 
Neutral_684.jpg,"মেহেদী নামের ছেলেগুলা, হাজারো মেয়ের জীবন নিয়ে খেলা করে।",0,Neutral 
Hateful_1533.jpg,"নৌকা ভর্তি গুমের লাশ, কোন সাহসে ভোট চাস! ",1,Geopolitical
Hateful_1120.jpg,চাঁপাইনবাবগঞ্জে একটি ট্রলি খাদে পড়ে ৯ জন লোক নিহতের ঘঁনায় গভীর শোক প্রকাশ। ,1,Personal 
Hateful_2068.jpg,আওয়ামীলীগের অনেক গুন তার মধ্যে অন্যতম দিনে-দুপুরে মানুষ খুন। আর কত রক্ত চাই খুনি হাসিনার? ,1,Geopolitical
Neutral_804.jpg,অহংকার সবসময় নিজেরই বোঝার কারণ হয়ে দাড়ায়। ,0,Neutral 
Hateful_766.jpg,তুর্কীর ড্রোনের সময় শেষ এস-৩০০ কে ধ্বংস করলো। ,1,Geopolitical
Hateful_1728.jpg,মন্ত্রী মোশাররফই ধ্বংস করেছেন বাংলাদেশের শ্রমবাজার।,1,Geopolitical
Hateful_1553.jpg,রিকশায় চেপে ঢাকনা দিয়ে খারাপ কাজ করা হারাম। ,1,Religious
Neutral_1462.jpg,শিক্ষা মন্ত্রণালয়। এই হল তার বর্তমান অবস্থা। ,0,Neutral 
Neutral_1014.jpg,"শিকলের পরা মালা, গান গেয়ে তাক লাগিয়ে দিলেন তাহেরি হুজুর। ",0,Neutral 
Hateful_750.jpg,রাজাকারের তালিকায় রাউজানের সাংসদের বাবা। ,1,Political
Hateful_2109.jpg,"রক্ত যখন খেয়েছি, রক্ত আরো খাবো এদেশকে ভারতের অঙ্গরাজ্য বানিয়ে ছাড়বো। ",1,Geopolitical
Neutral_1702.jpg,তোমার খোলা হাওয়ায়। আমি ঘুরে ঘুরে যাই। ,0,Neutral 
Neutral_468.jpg,সিটি কলেজের শিক্ষক ছাত্রদের পড়তে ডাকছেন। ,0,Neutral 
Neutral_1353.jpg,"পুরা কথা ডা তো কইতে দিবা, আচ্ছা যাও ঘুমাইতাছি|",0,Neutral 
Hateful_2179.jpg,তোরে  তো দাওয়াত দেইনা মাগির পুত। ,1,Personal 
Neutral_985.jpg,চুমো দিয়ে নারীর গালের ইনফেকশন চেক করলেন পপুলারের ডাক্তার । ,0,Neutral 
Neutral_1337.jpg,"পরে যখন আমি বলি, না ভাই, আমার কাছে কোনো লিংক হবে না তখন, তাইলে তোমারে দিয়া আমার কি বালের কাম।  ",0,Neutral 
Hateful_1842.jpg,আওয়ামী সন্ত্রাস ও অরাজকতায় ধ্বংসের মুখে দেশ ও জনগনের শান্তি ও নিরাপত্তা। ,1,Geopolitical
Neutral_1969.jpg,মস্তিষ্ক হলো এমন একটা জিনিস যেটা সারাজীবন আমাদের চালায় কিন্তু পরীক্ষার সময় হলেই শালা কাজ করা বন্ধ করে দেয়। ,0,Neutral 
Hateful_326.jpg,"কাটা ঘা, নুন আর পাশের বাড়ির আন্টি। মানে কাটা ঘায়ে নুনের ছিটা। ",1,Personal 
Hateful_176.jpg,আব্বার কাছে বিয়ের কথা বলায় প্রতিবার কেলানি খাওয়ার পরেও যখন আর একবার বলতে যাই। জানি হোগায় লাথি খেতে হবে তাও একটা শেষ চেষ্টা করব। ,1,Personal 
Hateful_161.jpg,"ওয়াসরুমে গিয়ে এত ঠান্ডা পানি দেখার পর আমি, মারছেরে হোগা। ",1,Personal 
Hateful_786.jpg,মালাউন গালির জবাব দিবে হিন্দু জাতি। ,1,Religious
Hateful_1192.jpg,"চীন-ভারত সীমান্তে উত্তেজনা ও যুদ্ধ, একটি ভু-রাজনৈতিক পর্যালোচনা। ",1,Geopolitical
Hateful_1112.jpg,"ঘোর সাম্প্রদায়িক ও উগ্র ধর্মান্ধ সংগঠন হিন্দু, বৌদ্ধ, খ্রিষ্টান ঐক্য পরিষদ বাংলাদেশে নিষিদ্ধ ঘোষনা করা হোক। ",1,Religious
Neutral_219.jpg,"আম্মুর সামনে যখন বন্ধুর বউয়ের প্রশংসা করি তখন আম্মু বলে, তোর কি এখন বিয়া করা লাগবে? ",0,Neutral 
Hateful_1785.jpg,"আওয়ামীলীগের মহসিন আলীর বক্তব্য অনুযায়ী তার ২ মেয়ে খবিশ সাংবাদিক, এরা জমুনা টিভিতে কাজ করে।",1,Personal 
Hateful_485.jpg,ধর্মভিত্তিক রাজনীতি নিষিদ্ধ ঢাকা বিশ^বিদ্যালয়ে। ,1,Political
Neutral_194.jpg,এই ধরনের পোষ্ট করার জন্যই কি আপনাদেরকে মোবাইল ফোন দিয়েছিলাম। ,0,Neutral 
Hateful_2366.jpg,দেশকে দুর্নীতিতে চ্যাম্পিয়ন করে কালো টাকার পাহাড় গড়েছেন তারেক।,1,Geopolitical
Neutral_663.jpg,"ভাঙা সংসার ঠিকঠাক ভাবে জোড়া লাগিয়ে দেয়ার পর, রুপা, এই শহরে আমার মতো গৃহিনী আর একটাও নাই। ",0,Neutral 
Neutral_827.jpg,"বল্ট নারী সম্পর্কে কিছু বলোতো, বড়ই অদ্ভুত এই নারীকুল। ",0,Neutral 
Hateful_1321.jpg,"ফেসবুক চালানোর সময় যখন দেখা যায় দারাজ অ্যাপস বলে, তোর কি ব্রা লাগবে?",1,Personal 
Neutral_1815.jpg,বাড়ি আছে থাকতে পারেন না। ,0,Neutral 
Neutral_1770.jpg,"প্রিয় আত্মীয়রা, রেজাল্ট জানতে চাওয়ার কিছু নেই ভালো হলে কর্তৃপক্ষ নিজ দায়িত্বে জানিয়ে দিবে। ",0,Neutral 
Neutral_660.jpg,সে সব কিছু জানতে পারায় হতভম্ব হয়ে যাওয়া আমি। ,0,Neutral 
Neutral_1509.jpg,যখন কারো বাসায় দাওয়াত খেতে যাই কিন্তু তাদের কাউকে চিনি না। ,0,Neutral 
Hateful_596.jpg,"ডাকাতি হয় যখন বাসে, তখন বাসের লোকেদের অবস্থা। ",1,Personal 
Neutral_1187.jpg,"বিউটি পার্লার এক আজব যাদুর কারখানা, যেখানে জরিনা প্রবেশ করে, আর বের হয় ক্যাটরিনা হয়ে। ",0,Neutral 
Neutral_396.jpg,"২৫ বছর বয়সী আমি যখন জানতে পারি, ২০ বছর বয়সী মামাতো ভাইয়ের আজকে বিয়ে, তখন ২৫ বছরে কোন বালডা ছিড়লাম ভাবা আমি। ",0,Neutral 
Neutral_566.jpg,আন্টি আম্মু কি বাসার চাবি দিয়ে গেছে? ,0,Neutral 
Neutral_550.jpg,তারপর ঐ মেয়ে ও তার স্বামীর ডিভোর্সের ব্যাপারে বড়ভাই একটা বুদ্ধি বের করলো। ,0,Neutral 
Neutral_1481.jpg,যখন আমার বন্ধুর এক্স তার সামনেই শোঅফ দেখাতে গিয়ে পড়ে যায়। ,0,Neutral 
Hateful_200.jpg,"আমি তোর চেইন চাইনা মাগী, পেঁয়াজ দে মাগী। ",1,Personal 
Neutral_606.jpg,আজ এ পর্যন্তই তবে ভালো লাগলে রিয়েক্ট দিয়েন।,0,Neutral 
Neutral_984.jpg,"তোমায় নিয়ে কেমনে বাধিব ঘর, ১০০ টাকা রিচার্জে ২৭ টাকা কর। ",0,Neutral 
Neutral_1963.jpg,"গার্লফ্রেন্ড কে কিছু দিতে চাইলে লিপিস্টিক গিফট করুন,  কারণ ওটা অন্তত ৫০% ফেরত পাওয়া যাবে। ",0,Neutral 
Hateful_810.jpg,"এতক্ষণ আল্লারে গাঞ্জা খাওয়াইতাছিলেন, এখন দেখি তারে দিয়া পু মারাইতাছেন। ",1,Religious
Hateful_1150.jpg,এত বড় জাহান্নাম আল্লাহ এদেরকে দিয়েই পরিপূর্ণ করবে। ,1,Religious
Hateful_1710.jpg,ভারতে মুসলমান খেদাও আন্দোলনের নামে প্রচার করা হচ্ছে মুসলিম বিদ্বেষী পোস্টার-লিফলেট।,1,Religious
Hateful_2035.jpg,"কামরুলের আশঙ্কা, বিএনপি নির্মুল না হলে আওয়ামীলীগের অস্তিত্ব বিপন্ন হবে।",1,Geopolitical
Hateful_1559.jpg,"একটা দুইটা নাস্তিক ধর, ধইরা ধইরা জুতা পেটা করে দেশ ছাড়া কর। ",1,Religious
Neutral_1352.jpg,"তারপর কোনো কিছু বুজানোর আগেই আব্বু আমারে  একটা মাইর দিলো আর বললো, ঘুমা তারাতারি। ",0,Neutral 
Hateful_798.jpg,"জুতা দিয়ে পিটালো রানু মন্ডলকে, অহংকার করে এইবার বিপদে রানু। ",1,Personal 
Neutral_65.jpg,"বন্ধুর কথায় নাক বন্ধ করে বলছিলাম, চুন দে। ",0,Neutral 
Hateful_1686.jpg,শিয়া মতবাদ হলো মূলতঃ ইহুদী মতবাদের দ্বিতীয় সংস্করন। ,1,Religious
Hateful_2438.jpg,ক্লাসে সুন্দরি ম্যাডামের আগমন ঘটলে লুচ্চা ছাত্রদের অবস্থা। ,1,Personal 
Neutral_454.jpg,"বলতে হবে না, পার্ট-২ আসবে, শুধু অপেক্ষা করুন। ",0,Neutral 
Hateful_567.jpg,ভাঙ্গড় চন্ডিপুরের বুকে প্রমাণ করে দিল দেড় লাখ মানুষের সামাগম করে। ,1,Political
Neutral_1343.jpg,পর্ণ ভিডিও দেখে যখন দেখি চাচাতো ভাই আমার আম্মুকে বিচার দিতে যায়। ,0,Neutral 
Hateful_2170.jpg,"তোদের তো আমি এবনরমাল ভাবতাম, এখন তো দেখি তোরা পাগল।",1,Personal 
Hateful_1818.jpg,"যেখানে নাস্তিক, সেখানে জুতা মার।",1,Religious
Hateful_1023.jpg,দিহানের তিন বন্ধুর ভাগ্য ফরেনসিক রিপোর্টের উপর ঝুলে আছে। ,1,Personal 
Hateful_1852.jpg,চাঁদাবাজ আকবরের পদে এসআই জুয়াড়ি শাহিন পরে বদলি। ,1,Personal 
Hateful_1524.jpg,সাবেক ছাত্রলীগ নেতা সিইসির পদত্যাগ চাই। ,1,Geopolitical
Hateful_1897.jpg,কসাই সেনাপ্রধানের রোহিঙ্গা গণহত্যায় সমর্থন কসাই সুচির।,1,Geopolitical
Neutral_175.jpg,"যখন আব্বু ও ভাইয়া দুজনে হঠাৎ এসে বলে, ফাহিম তোর জন্য বাইরে একটা সারপ্রাইজ অপেক্ষা করছে। গিয়ে দেখে আয়, তখন। ",0,Neutral 
Neutral_582.jpg,তারপর আর কি? দুজন একসাথে সুখের সংসার শুরু করলাম। ,0,Neutral 
Hateful_2246.jpg,পড়ালেখা পুটকি দিয়ে ঢুকিয়ে দেবো।,1,Personal 
Neutral_1713.jpg,"যখন পরিক্ষায় সবাই এক্সটা পেইজ নেওয়া শুরু করে,  কিন্তু আমার তখনো ১ম প্রশ্নের উত্তর লিখা শেষ হয়নি। ",0,Neutral 
Hateful_2317.jpg,"আমরা যে জায়গায় ঢুকি, ওইটাই ছারখার কইরা দেই।",1,Personal 
Neutral_199.jpg,যখন সারা দিন জীবনে নানা ধরনের বাঁশ খাবার পর টিভি ধরিয়ে দেখি থ্রি-ইডিয়ট চলতেছে। ,0,Neutral 
Neutral_986.jpg,"শিশু হসপিটালেও এত বাবু থাকে না, মেয়েদের ইনবক্সে যতগুলা বাবু থাকে। ",0,Neutral 
Neutral_1972.jpg,"মাঝে মাঝে নিজেকে আয়নায় দেখে আমি অবাক হই, এই যুগে এখনো একজন ভালো মানুষ আছে। ",0,Neutral 
Neutral_1203.jpg,"এটা খাদ্য না, এটা অত্যাচার|",0,Neutral 
Hateful_470.jpg,ফ্রান্সে স্কুলশিক্ষকের হিং¯্র হত্যা ও মুসলমান-বিরোধী ভয়ঙ্কর ঘৃণা অভিযান। ,1,Geopolitical
Neutral_1526.jpg,"আপনার গু কোন শিল্পকর্ম নয় যে সবাইকে দেখানো লাগবে, দয়া করে পর্যাপ্ত পরিমান পানি ঢালুন। ",0,Neutral 
Neutral_1580.jpg,"গার্লফ্রেন্ড যখন ইচিং বিচিং কাজ করতে রাজি না হয়, বয়ফ্রেন্ড বলে, তাইলে তোমারে দিয়া আমার কি বালের কাম শুনি?",0,Neutral 
Hateful_1183.jpg,যাদের কথা ও কাজের মিল নেই তারা আল্লাহর নিকট ঘৃনিত। ,1,Personal 
Neutral_137.jpg,"ব্রেকাপের চেয়ে কষ্ট আর কিছুই হতে পারে না, এ বছর আমাদের ব্যাডমিন্টন মাঠ নেই। ",0,Neutral 
Neutral_763.jpg,"বাবা মার পছন্দ করা বউ, আর প্রেম করে বিয়ে করা বউ। ",0,Neutral 
Hateful_1486.jpg,"হারকিউলিস যখন ধর্ষক খুজে পায়, খারকির পোলা তোরে আমি খুইজা বেড়াইতাছি। ",1,Personal 
Neutral_670.jpg,"তেমন কিছু না, আমর কলেজ পড়–য়া বন্ধু ক্লাস সিক্স এর নিব্বির জন্য হাত কেটে ফেলেছে। ",0,Neutral 
Neutral_428.jpg,"তারপর শুরু হয় প্রেম, আই লাভ ইউ। ",0,Neutral 
Hateful_1914.jpg,"দাদার দেশ ভারত যাচ্ছি, তা দিদি খেয়ে এসেছেন? না , যেয়ে খাবেন ? ",1,Geopolitical
Hateful_1934.jpg,"রাজধানীর গেহুারিয়ায় মসজিদ নির্মাণে হিন্দুদের বাধা, এলাকায় টানটান উত্তেজনা। ",1,Religious
Hateful_1913.jpg,"যখন দেখবে কলকাতার দাদারা আমার প্রশংসা করছে, তখনই বুঝবে যে আমি আমার দেশের বিরুদ্ধে কাজ করছি। ",1,Geopolitical
Hateful_60.jpg,মাস্ক না পরলে তোরে কুইট্টালবাম। ,1,Personal 
Hateful_971.jpg,"আনুশকা ধর্ষনের গোপন ভিডিও, সেক্স টয়ের ব্যবহার। ",1,Personal 
Hateful_171.jpg,তোর মুখে আমি মুইতা দিমু। কুত্তার বাচ্চা!,1,Personal 
Neutral_439.jpg,ভাবলাম ফ্রেন্ডদের কথা শুনে ঐ মেয়েকে স্যরি বলে একটু ভাব করে আসি। ,0,Neutral 
Hateful_2008.jpg,যুবলীগ-প্রভাবশালী যোগসাজশে ১৪ হিন্দু পরিবার উচ্ছেদ। ,1,Geopolitical
Hateful_997.jpg,"মৃত্যুর আগে খাটে বসে যে ৩ টি কথা বলেছিলো আনুশকা, আমার পিছনে দিও না। ",1,Personal 
Neutral_156.jpg,ইফ যদি ইজ হয় বাট কিন্তু হোয়াট কি? ভাবতে থাকা ৭ বছর বয়সী আমি। ,0,Neutral 
Neutral_1954.jpg,"শীতকালীন ছিনতাই, যা কিছু আছে দিয় দে নইলে পানি দিয়া ভিজাইয়া দিমু কিন্তু। ",0,Neutral 
Hateful_1458.jpg,ফুলের পাশে তোমার ঐ বালের থোবরা দেখতে ইচ্ছুক নই।,1,Personal 
Neutral_1221.jpg,তিনদফা মাইর খাওয়ার পর আমি । ,0,Neutral 
Hateful_877.jpg,"ঢাকাকে মাত্র দুই ভাগে ভাগ করা হয়েছে, মেজাজ খারাপ হলে কিন্তু টুকরা টুকরা করে ফেলবো। ",1,Political
Neutral_907.jpg,বিবাহযোগ্য বেকার যুবকদের বিবাহের জন্য মুক্ত হস্তে দান করুন। ,0,Neutral 
Hateful_2053.jpg,ধর্মকে ভিত্তি করে কোন রাজনৈতিক দল হতে পারেনা- তারেক। মাদরাসা ও মাদরাসা ছাত্র কমানোর কাজ শুরু করে দিয়েছি- জয়। পার্থক্য নেই। ,1,Geopolitical
Neutral_373.jpg,যার মান আছে তারেই ফ্রেন্ডস ভালো বাসে ফ্রেন্ডস। ,0,Neutral 
Neutral_1833.jpg,দুষ্ট নারী হহতে সাবধান। তোমাকে ধংস করে দিবে। ,0,Neutral 
Neutral_991.jpg,"বাসে, ট্রেনে উঠতে মানিব্যাগ মোবাইল সাবধানে রাখবেন। ",0,Neutral 
Neutral_629.jpg,"যাবোনা কালকে, কেনো? কার বাচ্চা? কুত্তার বাচ্চা ওটা থার্মোমিটার আমার। ",0,Neutral 
Hateful_2110.jpg,"বাবা ছিল কম্বল চোর, আমি হলাম ভোট চোর। ",1,Geopolitical
Neutral_1839.jpg,"অনেকদিন পর ব্যাটিং পাইছি,  এত্তগুলা আনন্দ লাগতেছে। ",0,Neutral 
Hateful_1775.jpg,"ওরা কুকুরের গলায় আর আমরা বুকে, তারপরেও তার দেশপ্রেমী আর আমরা দেশবিরোধী। ",1,Geopolitical
Neutral_206.jpg,"এই কনকনে ঠান্ডার মধ্যে যখন আমি নিয়মিত গোসল করি, তখন আমার পরিবার। ",0,Neutral 
Hateful_1245.jpg,"সাবাস মেক্রোকে হত্যা করে জেলে যেতে চাই, আলোচিত সেই বক্তব্য। ",1,Personal 
Neutral_659.jpg,"এখন ছোট ভাইকে মানাইতেছি, যাতে সে মাকে না বলে। ",0,Neutral 
Hateful_1997.jpg,জাতীয় পতাকাকে পবিত্র জায়নামায বানিয়ে মান বাড়িয়েছেন? নাকি জাতীয় পতাকাকে কুত্তার গায়ে জড়িয়ে মান বড়িয়েছেন। ,1,Geopolitical
Hateful_890.jpg,"জিয়া জিয়ারে জিয়ারে, চুপ থাকো বেয়াদব কোথাকার। ",1,Personal 
Hateful_1579.jpg,পোলাপান খালি শয়তানি করে। ওদের কিভাবে শায়েস্তা করা যায়?,1,Personal 
Neutral_891.jpg,ভাই যা বলে সবকিছুর সাথে সহমত হওয়ার সংস্কৃতিকে কী বলে? এগ্রিকালচার। ,0,Neutral 
Hateful_2498.jpg,শশুর বাড়িতে জামাই কে কেন আদর করে কেন? কারন তারা জানে এই ব্যক্তিই তাদের কাল বৈশাখীকে সামাল দিয়ে রেখেছে। ,1,Personal 
Hateful_2172.jpg,আমি ঢুকার আগেই উনি ঢুইকা দিয়া ফালাইসে। ,1,Personal 
Neutral_1475.jpg,"বড় ভাই যখন বলে, তোকে ডাস্টবিন থেকে কুড়িয়ে এনেছি, তখন আমি মনে মনে বলি, বড় হলে আমি ঠিকই আমার আসল মা-বাবাকে খুঁজে বেড় করব। ",0,Neutral 
Hateful_1951.jpg,আওয়ামীলীগ আর ভারতের যৌথ কুট চালে দেশের মানুষের শেষ। ,1,Geopolitical
Hateful_1994.jpg,২০২০ সালের মধ্যেই ভারত দখল করবে আই এস।,1,Geopolitical
Hateful_2101.jpg,দালাল মিডিয়ার দালালী দেখে অবাক লাগে। ,1,Personal 
Neutral_283.jpg,"তারপর বন্ধুদের বললাম, ওসব জাগায় যাওয়ার কি দরকার অযথা ভয় পাবি খালি, চল তার চেয়ে শিশু পার্কে যাই। ",0,Neutral 
Hateful_593.jpg,"কুকুর বেড়াল মেরনা, নাস্তিক পেলে ছেড় না। ",1,Religious
Hateful_1611.jpg,"ইসলামবিরোধী প্রোপাগান্ডায় লিপ্ত ভারতীয় কুখ্যাত দালাল শ্রেণী, যাদের ইচ্ছা ভারত হবে মুসলিমবিহীন রাষ্ট্র। ",1,Religious
Hateful_537.jpg,আজ ডাকসু অফিসে নুরদের উপর হামলাকারী ইস্কন সদস্য সনজিত চন্দ্র দাস ঢাকা বিশ^বিদ্যালয় শাখা ছাত্রলীগের সভাপতি। ,1,Political
Neutral_347.jpg,"তেমন কিছু না, এই পাঁচশত টাকার চুরির ব্যাপারটা চাচাতো ভাইয়ের ঘাড়ে চাপিয়ে দেয়ার প্লান করলাম। ",0,Neutral 
Hateful_2323.jpg,"তোর কপালে জুতার বারি, হারামি।",1,Personal 
Hateful_469.jpg,পঙ্গপালকে বলে দিও। বাংলাদেশে আসার দরকার নেই। এদেশে যা খাবার ছিলো সব বঙ্গ বাল এ খেয়ে নিয়েছে। ,1,Political
Hateful_1107.jpg,"উহারা কেউ জানে না কিসের মূর্তি বসছে, জানে না মূর্তিটির নাম কি? মূর্তিটি গ্রিক ধর্মের কিসের দেবী তাও বলতে পারছেন না, তবুও মুসলমানদের বিরোধীতা করতে মূর্তির পক্ষে বলতে হবে এট্ইা হলো কথা। ",1,Religious
Hateful_1963.jpg,কোন পথে বাংলাদেশ? প্রতিদিনই নিখোঁজ হচ্ছে মানুষ উদ্ধার হচ্ছে লাশ।,1,Geopolitical
Neutral_1003.jpg,তুমি সরকারি চাকরি না পেলে আমার ফ্যামিলি মেনে নেবে না । আর পেলে আমার ফ্যামিলি মেনে নিবে না। ,0,Neutral 
Neutral_1078.jpg,৩ দিন না খেয়ে থাকুন সমাজ আপনাকে দেখবে না। ১ দিন অন্যায় করেন সমাজ আপনাকে নিয়ে বিচার বসাবে। ,0,Neutral 
Neutral_1059.jpg,কি দিনকাল এলো? যেটা পকেটে থাকার কথা সেটা হাতে আর যেটা হাতে থাকার কথা সেটা পকেটে। ,0,Neutral 
Neutral_284.jpg,"সকাল এ বন্ধু আমারে ডাকতে আইলো, আইসা পরছি মামা তারাতারি চল। ",0,Neutral 
Neutral_1164.jpg,"আজ নিজেকে আয়নায় দেখলাম, তারপর মনে হল, হ্যাঁ পৃথিবীতে এখনো নিস্পাপ লোক বেঁচে আছে। ",0,Neutral 
Hateful_2098.jpg,বলদ পিটিয়ে সোজা করার কোন রেকর্ড থাকলে এসব বলদদের পিটিয়ে সোজা করার টেহুার দেয়া লাগতো সরকারীভাবে।,1,Personal 
Hateful_1358.jpg,সুতিয়ে লাল করে দেব। পাচা গরম করে দেব। ,1,Personal 
Hateful_1670.jpg,এ হায়েনাগুলো কোন মাদ্রাসার ছাত্রদের ছবি বলবেন কি? ,1,Personal 
Neutral_1707.jpg,"আম্মা, ছ্যাকা খাইছিৃ কি করুম এখন? এখন ডিমের সাদা অংশে পুদিনা পাতা দিয়ে নেরে নিতে হবে। ",0,Neutral 
Neutral_808.jpg,"মাঝি পেঁয়াজ আনছো? পেয়াজ, কাচামরিচ দিয়া পান্তা খামু। না কপিলা ঐগুলা বড়লোকের খাবার। আমরা তো কাচ্ছি খামু। ",0,Neutral 
Neutral_1555.jpg,লেডি কিলার রোমিও। পাক্কা প্লে বয় রোমিও। ,0,Neutral 
Neutral_39.jpg,খাল কেটে কুমির আনা বিয়ে।  কুমিরের সাথে সেলফি। ,0,Neutral 
Hateful_664.jpg,সূচির গলায় ফাঁসির দড়ি লাগানো হবে। ,1,Geopolitical
Neutral_852.jpg,"সেই শিক্ষার কোনো দাম নেই, যেই শিক্ষায় মনুষ্যত্ব শেখায় না। ",0,Neutral 
Neutral_1486.jpg,আম্মু ৩০ মিনিট ধরে মাইর দিছে আর আব্বু বেডরুম থেকে ধমক দিছে। ,0,Neutral 
Neutral_1797.jpg,"যখন তুমি মজা করে বিরানী খাচ্ছো, কিন্তু হঠাৎ করে এলাচি এ কামর পরে।  ",0,Neutral 
Hateful_1185.jpg,পেতিœ মাথার উপরে মুতে দেয় প্রসাব খুব গন্ধ। ,1,Personal 
Neutral_1467.jpg,আমি পরিক্ষা ছারা রেজাল্ট দিলেই দোষ। ,0,Neutral 
Neutral_43.jpg,"যখন ২৪ বছরের ছেলে হয়েও বিসিএস ক্যাডার, তখন সবাই বলে, ভিতরেও স্ট্রং, বাইরেও স্ট্রং। ",0,Neutral 
Hateful_2495.jpg,যে ঔষধ খেলে মেয়েরা সহবাস করার জন্য পাগল হয়ে উঠে। ,1,Personal 
Hateful_1262.jpg,এইমাত্র যুবলীগের নেতাকে বেধরক পেটালো বিএনপি। ,1,Political
Neutral_744.jpg,জুমার রাত তখা বৃহস্পতিবার দিবাগত রাতে দোয়া কবুল হয়। ,0,Neutral 
Neutral_535.jpg,"করোনাকালীন সময়ে ফুচকাওয়ালা যখন স্বাস্থ্যবিধি মেনে হাত প্রতিবার স্যানিটাইজ করে,মিনারেল ওয়াটার ব্যবহার করে ফুচকা বানায় আর কাস্টমার জিজ্ঞেস করে,আগের স্বাদ নই কেন মামা?",0,Neutral 
Hateful_1003.jpg,"এক আনুশকার মৃত্যু, হাজারো আনুশকা ভাদ্র মাসের কুকুর হয়ে গেছে। ",1,Personal 
Hateful_1097.jpg,বাংলাদেশী দালাল এবং ইন্ডিয়ান মডারেটরদের ওরে গালাগালি । ,1,Geopolitical
Hateful_1432.jpg,গার্লফ্রেন্ড কে আধ ঘন্টা শুধুমাত্র কিস করার দোনের যে অবস্থা হয়। ,1,Personal 
Neutral_979.jpg,যৌবন দেখিয়ে কলেজ কাপানো মেয়েটি আজা মাতাল স্বামীর অবহেলার পাত্রী। ,0,Neutral 
Neutral_1662.jpg,"সবারই স্কুল জীবনে একদিন প্রেম আসে, আমারও এসেছিল,  কিন্তু দুঃখের বিষয়, সেদিন আমি স্কুলে যাইনি। ",0,Neutral 
Neutral_216.jpg,"ছাত্র যখন বলে তার বাড়ি ভ্রাহ্মনবাড়িয়া আর স্যার তাকে বানান করতে বলে, তখন ছাত্র বলে, স্যার আমরা এখন ঢাকা থাকি। ",0,Neutral 
Hateful_492.jpg,বাংলাদেশ ব্যাংকের টাকা লোপাট চুর্নিকে আগেই জানানো হয়েছে বলে জানালেন গভর্ণর আতিউর। ,1,Political
Hateful_1587.jpg,আপনার টাকায় আপনার হত্যাকারীর নাম পুলিশ। ,1,Personal 
Neutral_451.jpg,"জি¦ স্যার বুঝছি, আমাকে বুঝাও কি বুঝছো? ",0,Neutral 
Hateful_519.jpg,মায়ানমারে মুসলিম গণ হত্যা বন্ধ করা হউক। ,1,Geopolitical
Neutral_424.jpg,তাই সে এ সম্পর্ক কিছুতেই মেনে নেয় না। ,0,Neutral 
Neutral_1033.jpg,আমি নিজেও বিয়ে করব না আর আমার সন্তানদেরও বিয়ে করতে দেব না। ,0,Neutral 
Neutral_1735.jpg,"প্রতি মা, যা চায়। তা সব সময় হয় না। ",0,Neutral 
Hateful_1888.jpg,"পরকিয়ার অভিয়োগে স্ত্রীকে গলা কেটে হত্যা, তবুও বন্ধ করা হবে না ভারতের চ্যানেল।",1,Personal 
Neutral_1110.jpg,স্ট্যাচু অফ লিবার্টি যদি বাংলাদেশে হইতো। ,0,Neutral 
Hateful_136.jpg,"যখন ভিড়ের মধ্যে পকেটমার অনেক কষ্টে আমার পকেটে হাত ঢুকিয়ে পকেট মেরে একটা ছিড়া ২ টাকার নোট ছাড়া কিছুই পায় না, এ আমি কিতার মধ্যে হাত ঢুকাইতেসি। ",1,Personal 
Hateful_2286.jpg,কখনো এই চিন্তা মাথায় স্থান দিবা না।,1,Personal 
Hateful_1431.jpg,"মন খোলো, পৃথিবী খুলে যাবে। আমি তো সব খুলে ফেলেছি, পৃথিবী খোলে না কেন? ",1,Personal 
Neutral_1971.jpg,জামাইকে জামাই আদর করতাছি। ,0,Neutral 
Hateful_1045.jpg,"রিমান্ডের মাইরে নিজের মুখে দিহান কি সব বলছে দেখুন, আনুশকার লাশ কোথায় গেলো? ",1,Personal 
Hateful_984.jpg,"আনুশকাকে ধর্ষন পুর্বপরিকল্পিত, জিঙ্গাসাবাদে দিহান। ",1,Personal 
Hateful_906.jpg,মতিঝিলের ফুটপাতে চাদাবাজির চিত্র। দেশটা রসাতলে গেল। ,1,Personal 
Neutral_24.jpg,"কি ব্যাপার তোমরা লেখা বন্ধ করে গল্প করছো কেন?  ম্যাম প্রশ্নে লেখা আছে, পলাশীর যুদ্ধ সম্পর্কে আলোচনা করো, তাই সবাই মিলে আলোচনা করছি। ",0,Neutral 
Neutral_519.jpg,প্রশ্ন শোনার পর রুপা। আমি তো জীবনে এমন প্রশ্ন শুনি নাই। ,0,Neutral 
Hateful_894.jpg,"ঘটক: তোমার জিপিএ কত? পাত্র: তু খিচ মেরি ফটো, ম্যায় জে এস সি পাশ অটো। ",1,Personal 
Neutral_422.jpg,"নায়ক যখন অনেক গরীব, কিন্তু নাইকার বাবা অনেক ধনী। ",0,Neutral 
Neutral_23.jpg,"পৃথিবীতে একটাই সমস্যা, সেটা হলো বউ। কেউ নিয়ে আসার জন্য কাঁদছে আর কেউ নিয়ে এসে কাঁদছে। ",0,Neutral 
Neutral_270.jpg,"আমাদের কাহিনীর মধ্যে ভুত, আমার দিকে একটু ফোকাস দিও। ",0,Neutral 
Neutral_1386.jpg,"কয়েক মিনিট পর পর রবি কোম্পানি, তোর কি ইন্টারনেট অফার লাগবে?",0,Neutral 
Hateful_551.jpg,"মিজানুরের দুই গালে,  জুতা মারো তালে তালে। ",1,Personal 
